passageId,passage
99836,remain satisfi eat metabol slowli often leav feel upward eat system digest index index digest leav hungri eat index hunger
99837,although drink risen around north still consum alcohol articl asid toward scienc alcohol metabol concern
99838,alcohol stomach absorb almost immedi blood stream especi empti stomach absorpt explain effect alcohol quickli time
99839,digest mouth saliva ad carbohydr broken break absorb amount eaten
99840,alcohol caus weight drink heavili alcohol metabol inflamm digest tract drink heavili alcohol impair abil absorb
99841,point fructos poison sugar consumpt therefor overal consumpt poison pound person obes incid metabol syndrom diabet cancer
99842,convert glucos energi alcohol glucos convers normal healthi liver process ounc alcohol that ounc heart take enter heart alcohol forc heart muscl
99843,store alcohol metabol right metabol suffer metabol effici metabol alcohol drink heavili caus metabol contribut weight empti found alcohol
99844,consumpt standard drink result within pound person normal liver function alcohol approxim weight
99845,bottom understand alcohol effect liver metabol detoxifi ounc alcohol alcohol healthi adult gener speak
