passageId,passage
99906,wilkinson network breakfast televis program today sinc
99907,wilkinson former student school school marri media person peter septemb three daughter resid
99908,wilkinson screw belfri victoria actor director thursday brief battl cervic cancer photograph darren stone
99909,learn sourc despit drama marriag right shoot realiti famili gather barbecu definit stage sourc emot still anyth
99910,confirm wilkinson today network jessica network appear weekend sunris today
99911,wilkinson artist famili nativ victoria father wilkinson promin artist landmark fountain centenni squar mother maria former ballet dancer teacher martin
99912,director wilkinson globe friday prolif wilkinson seafar compani novemb doctor
99913,welcom world welcom daughter wilkinson husband preciou bundl exclus issu weekli
99914,wilkinson school suburb career young work magazin dolli editor magazin
99915,wilkinson graduat nation school debut actor festiv stage across canada recent star number televis border eleventh street legal
