passageId,passage
100156,busi english still young current trend teach teach school probabl telephon common
100157,possibl teach without degre teach certif consid necessari nativ speaker univers degre english languag literatur valu inde specialist degre
100158,teach intern school citizen live bachelor degre major almost minor social teach intern school certif work teacher teach english second languag
100159,great thing teach money morn spend hobbi famili incom accept start unlik teach
100160,teach english foreign languag teach english languag differ first occur either within state school system privat languag school tutor place countri peopl either temporarili school perman
100161,live expens world live especi geneva hous particular averag domain
100162,english might option decid studi degre complet degre english english common languag world languag
100163,taken review select bring whose languag instruct english format search field conveni studi english studi
100164,littl languag take pretti anyon teach english nativ speaker spoke french thank languag longer
100165,enter without valid passport ident document three without need permit longer requir resid permit
