passageId,passage
100186,attach attach save excel problem
100187,brian jone version offic current offic default excel offic whole world offic
100188,excel format decid break save excel need break separ compress final format binari excel format binari
100189,document version alway found element document alway element document
100190,excel binari workbook format unawar excel binari workbook format excel binari workbook store inform binari format instead format excel sinc binari written faster make extrem use larg
100191,compat excel format excel frankli problem nowaday secur distinct format contain
100192,workbook workbook workbook element level element encompass content workbook child subclaus shown child tabl partial repres
100193,work excel sorri attach wrong that give problem error follow set error follow error set
100194,excel tutori convert excel exchang differ first develop convert first creat schema base sourc
100195,differ alway mostli sometim improv compat popular applic excel offic peopl excel gener differ actual
