passageId,passage
101081,equal insur coverag singl vehicl state averag endors conclus drawn sourc nation associ insur tabl averag insur risen percent percent accord insur inform institut
101082,nation safeti council estim fatal nonfat unintent public motor vehicl
101083,estim repair estim actual vehicl estim doesnt anyth better least three differ decis repair base come close estim insur compani
101084,regard registr process pleas contact custom servic avail exclus resourc first instructor pleas regist login membership number
101085,analysi assum tow accid attend investig percent percent percent moos
101086,motor vehicl product motor vehicl collis nation safeti council calcul total fatal nonfat motor vehicl
101087,drive studi found averag oper averag sedan almost percent
101088,realiz extent damag associ collis repair damag outsid could frame damag quickli
101089,averag collis total averag base properti damag human human tabl percent result properti damag tabl averag
101090,averag insur expenditur accord decemb report nation associ insur
