passageId,passage
101331,spider natur typic found calv differ natur spider emphasi natur circul system region effect
101332,spider common develop anywher spider develop surfac
101333,typic becom promin remov bulg surfac younger appear
101334,varicos usual stand walk pressur bluish beneath surfac spider similar varicos smaller closer surfac
101335,promin normal varicos diseas surfac remov safe therapi surgeri explor doctor decid treatment would
101336,elev sleep chang move around improv circul avoid spider weight reduc pressur condit daili massag work improv blood circul reduc problem
101337,elev sleep chang move around improv circul avoid spider weight reduc pressur condit daili massag work improv blood circul reduc problem
101338,natur veini remedi work prompt schedul youth look remov redund question
101339,receiv referr doctor center laser staff recommend differ treat unwant initi consult doctor like examin recommend treatment option
101340,younger remov unsightli photo credit imag typic becom promin remov bulg surfac younger appear
