passageId,passage
101811,balanc everyth nation master world need hundr later discov togeth master world
101812,consid korean anim anim anim anim japanes anim beliv script american right wrong
101813,articl seri legend american anim televis seri three titl nickelodeon
101814,watch season english season synopsi frozen iceberg hundr later southern water tribe nation hundr disappear
101815,android descript summari centuri prior seri open frozen state suspend anim southern water tribe world nation
101816,watch episod english navig episod watch video begin protagonist quest teacher recruit import inform concern nation
101817,master could ruthless nation conquer world world south water tribe villag surviv
101818,japanes anim would consid anim cartoon howev outsid japan anim anim materi come japan although anim china includ peopl
101819,destini episod watch episod watch episod watch episod watch
101820,place watch season provid season direct torrent link season everi search engin
