passageId,passage
103511,pronounc celtic origin mean white
103512,scottish mean scottish scottish mean scottish deriv german mean district mean littl white teuton mean teuton
103513,arthurian legend arthurian legend mean nephew arthur round tabl green knight
103514,friend littl older sister think great think would think
103515,scottish mediev knight round tabl arthurian first french literatur welsh element impli
103516,somewhat popular first popular peopl censu birth popular
103517,scottish ancestri rough translat white sometim white knight white white knight tradit refer deceas perform particularli valiant sometim character except valor normal associ knightlik chivalri
103518,anonym first chose wasnt popular headston local illeg anyway beauti impress later birth immedi
103519,given mediev welsh mean white
103520,mediev though centuri
