passageId,passage
103531,tuber short mostli underground rest stage certain minut scale leav potenti plant potato typic tuber jerusalem artichok imprecis wide fleshi resembl tuber actual tuber dahlia
103532,definit tuber english languag short thick round certain potato underground produc plant
103533,potato potato tuber sometim mistaken tuber tuber jerusalem edibl grow potato ground sprout produc potato
103534,cecostomi cathet first larg intestin pictur procedur irrig provid comfort conveni clean bowel
103535,definit tuber short fleshi usual underground bear minut scale leav potenti produc plant compar fleshi rhizom tuber tuberos
103536,tuber plant structur enlarg store extra surviv drought winter provid plant enough energi regrow
103537,definit tuber short fleshi usual underground bear minut scale leav potenti produc plant compar fleshi rhizom tuber
103538,tuber plant energi later asexu veget reproduct strictli speak underground rhizom unus
103539,pictur temporari chait open abdomen belli open small place irrig wash open bottom
103540,tuber plant structur enlarg store extra surviv drought winter provid plant enough energi regrow
