passageId,passage
103601,complet mission statement warren wilson colleg independ accredit liber colleg bachelor bachelor scienc varieti master degre creativ write
103602,accept warren percent higher nation averag around
103603,overal warren accept overal accept warren wilson colleg warren state state includ transfer accept current
103604,admit warren wilson colleg score tabl describ score percentil profil freshman class
103605,warren wilson slogan mayb everyon north carolina warren wilson countri complet triad liber particip campu program commun servic campu forest mile warren wilson colleg valu environment
103606,colleg colleg colleg begin colleg applic find right school find right school import find pay colleg pay colleg doesnt
103607,welcom warren wilson colleg warren wilson lofti frame campu ground liber driven innov learn triad servic pursuit knowledg labor merg serv world seek
103608,addit select warren wilson colleg nationwid outsid magazin rank warren wilson colleg nation featur outsid univers outsid
103609,admiss statist provid indic select school difficult percent admit make warren wilson colleg school chanc accept assum
103610,colleg liber search liber emphas undergrad liber educ colleg
