passageId,passage
103821,survey found report wear combin would spend apparel could flatter cloth fashion industri custom wallet busi insid say clear
103822,apparel overview research global retail cloth footwear market trillion america retail cloth
103823,cater larg billion textil garment industri enter market daili remain rather unknown larg fashion exist current brand fashion compani
103824,global apparel market valu trillion billion percent gross domest product fashion industri sportswear industri valu billion
103825,relat sell retail apparel cloth footwear industri think open cloth store fashion desir offer varieti apparel start
103826,today work produc cloth segment brand doubl
103827,economi evolv bright creativ economi fashion industri grow number wage fashion impact fashion smaller around countri fashion trillion global industri billion spent annual fashion
103828,retail apparel industri billion revenu accord franchis profit segment cloth account percent total revenu franchis
103829,fashion industri activ whether larg fashion smaller number rang often develop certain exampl technolog
103830,brief video introduct apparel industri research global retail cloth footwear market trillion
