passageId,passage
105518,skeleton count toward black quest black quest break eboni blade quest whisper
105519,exampl without penalti skeleton count toward black quest black quest break
105520,section relat rueful pleas reload confirm still happen still pleas report appropri system templat depend
105521,achiev simpl sinc havent gotten skull corrupt definit havent gotten
105522,obtain masqu rueful section friend weapon descend floor associ
105523,achiev know meant later learn actual frustrat issu
105524,member check collect count artifact achiev
105525,discuss check collect count artifact achiev anyon problem tri three previou
105526,rueful count toward influenc oblivion walker rueful weapon howl side toward daughter
105527,rueful sound sword unsheath sheath occasion weapon follow count weapon stolen caus lydia attack
