passageId,passage
105538,time sunday time print like erod cheap compliant time sunday time success crush youv compliant
105539,regulatori complianc gener complianc specif polici standard regulatori complianc aspir achiev ensur awar compli relev
105540,complianc defin belong pertain enterpris includ purpos complianc relev govern offic court consist complet complianc
105541,common usag compliant commonli collin dictionari
105542,complianc gener complianc crimin civil definit effect complianc elus
105543,time given cocain compliant time sunday time compliant peter success stori alway ensur fulli compliant time sunday time fulli compliant
105544,time given cocain compliant time sunday time compliant success stori alway ensur fulli compliant time sunday time fulli compliant
105545,februari gener complianc specif polici standard regulatori complianc aspir achiev ensur awar compli relev
105546,gener complianc specif polici standard regulatori complianc aspir achiev ensur awar compli relev
105547,compliant definit someon compliant willingli mean pronunci english dictionari thesauru translat grammar scrabbl
