passageId,passage
105588,autism syndrom asperg syndrom sever previous separ autism fold singl diagnosi autism spectrum disord public diagnost manual
105589,asperg syndrom group neurolog known autism spectrum consid spectrum peopl classifi
105590,asperg syndrom asperg syndrom sever previous separ autism fold singl diagnosi autism spectrum disord public diagnost manual asperg syndrom gener consid spectrum affect difficulti social exhibit restrict rang repetit
105591,asperg syndrom often consid autism difficulti social repeat clumsi asperg syndrom development disord categori autism spectrum disord
105592,syndrom although possibl syndrom symptom signific troubl social child sever varieti alik
105593,asperg syndrom disord autism spectrum rang sever
105594,asperg syndrom group neurolog known autism spectrum consid spectrum peopl asperg syndrom difficulti primarili three social interact
105595,clinic assist professor pediatr univers washington school medicin david editori
105596,asperg syndrom group neurolog known autism spectrum consid spectrum peopl asperg syndrom difficulti primarili three social interact engag repetit behavior
105597,syndrom child combin signific troubl social although condit similar autism child syndrom typic normal languag intellectu develop
