passageId,passage
105834,climat chang incorpor titl intergovernment panel climat chang framework convent climat chang climat chang issu rather technic descript weather
105835,climat affect orbit earth plate tecton human particularli burn fossil greenhous effect
105836,climat chang refer chang averag weather variat weather around averag extrem weather
105837,climat surfac earth depend interior prehistor world allen cours howev effect climat
105838,composit gener weather region temperatur pressur humid precipit sunshin cloudi throughout seri region given climat
105839,global warm etymolog gener definit climat chang chang statist princip spread climat system consid regardless caus
105840,climat expect longer reliabl predictor futur climat rapidli disrupt chang faster
105841,climat chang climat usual defin averag weather place temperatur precipit humid climat fundament shape natur human depend
105842,gener averag weather certain region temperatur rainfal earth climat affect latitud differ topographi human activ especi deplet ozon layer import factor
105843,climat chang chang statist distribut weather chang extend period million
