passageId,passage
106159,estim length nostril stomach posit patient sit upright partial flex patient water straw mouth lubric distal imag
106160,overview gastric intub nasal passag rout common procedur access stomach diagnost therapeut
106161,decompress reduct atmospher pressur particularli variou decompress sick caisson diseas gradual decompress decompress sick evolut nitrogen result effect reduc atmospher pressur normal decompress sick unconsci neurolog potenti fatal origin higher pressur fighter pressur pressur breath avoid effect decompress sick
106162,gastric decompress gastric decompress gastric decompress mainten mainten
106163,insert concern incorrect place patient speak patient speak vocal nasopharynx oropharynx
106164,suction sourc typic stationari suction machin typic suction devic switch suction set intermitt continu variabl power amount suction portabl suction avail provid intermitt suction
106165,placement uncomfort patient patient adequ prepar anesthesia nasal specif oper procedur
106166,medic advic diagnosi treatment medic condit health need differ doctor health inform emerg pleas
106167,gastric decompress intermitt suction altern suction forc releas suction mucos eros contrast continu suction applic suction forc without interrupt intermitt suction mucos damag except gastric
106168,categori nutrit inform provid medic emerg diagnosi treatment medic condit licens physician diagnosi treatment medic medic duplic distribut inform herein strictli
