passageId,passage
107044,element cobalt element cobalt work project elementari middl school
107045,latter absenc ad cobalt incident produc larg result multipl neutron activ steel creation
107046,indium number number uncharg neutral isotop isotop natur respect
107047,sinc cobalt atom number isotop isotop number sinc cobalt atom number isotop
107048,cobalt cobalt atom number number atom number neutral balanc charg
107049,cobalt synthet radioact isotop cobalt produc artifici nuclear deliber industri product neutron activ cobalt isotop measur produc typic nuclear power plant oper extern occur latter incident produc larg
107050,absorb cobalt urin steel contamin cobalt element steel uncontrol dispos scrap metal respons radioact found sever
107051,decay stabl isotop nickel nickel nucleu gamma henc overal nuclear equat reaction gamma
107052,cobalt salt element nuclear produc cobalt extrem dirti weapon would contamin larg nuclear render uninhabit hypothet design tamper weapon would
107053,cobalt synthet radioact isotop cobalt produc artifici nuclear
