passageId,passage
107373,baggag larg gross averag around annual baggag though start mean theyll annual start
107374,start baggag larg gross averag around annual baggag though start mean theyll annual start
107375,normal baggag highest salari larg commerci baggag servic experi hourli annual
107376,smaller region baggag handler gross annual annual baggag usual receiv vacat start
107377,baggag respons load baggag baggag tow aircraft averag salari baggag handler see higher smaller
107378,baggag larg gross averag around annual
107379,sizeabl major baggag unit averag around earn gener compens group mainli affect career durat compani locat influenti
107380,sizeabl major baggag unit averag around earn gener
107381,averag around earn gener compens group mainli affect career durat compani locat influenti satisfact baggag
107382,baggag handler averag peopl field
