passageId,passage
107703,steer clear orang lemon pineappl known noth angel especi come
107704,sweet come peopl chocol spend billion candi alon whop billion throughout suffer gastrointestin esophag reflux diseas chocol like caus heartburn
107705,reflux often burn sensat heartburn upper chest throat sometim tast acid bitter content mouth whole dairi worsen reflux content howev reduc reliev
107706,includ protein contain satur reflux reduc associ exampl whole contribut reflux problemat dairi visibl poultri without includ reflux
107707,overstuff eat small reason often strategi avoid champagn look romanc glass champagn champagn trigger reflux better option
107708,calcium neutral calcium present reflux calcium howev glass acid stomach reduc
107709,madelin medic lindsey sweet come peopl chocol spend billion candi alon whop billion throughout
107710,school medicin famili medicin drink glass reliev heartburn initi discomfort reflux gastroesophag reflux diseas rebound affect later product stomach later
107711,sometim respons pronounc glass whole bedtim treat heartburn induc sleep ritual tale whole dairi worsen reflux
107712,discoveri health drink common remedi caus relief overal howev calcium stomach produc origin problem licoric anis instead
