passageId,passage
10782,withania known commonli indian ginseng poison gooseberri winter cherri plant solanacea nightshad famili sever speci genu withania morpholog brown tuber tradit medicin leav appli extern tubercular prepar herbal remedi tradit variou
10783,plant berri medicin enough inform judg whether effect daili stress gener tonic peopl improv think abil decreas swell inflamm effect age
10784,introduct plant withania india herbal remedi improv overal health vital longev introduct descript plant effect health perspect
10785,jenna saunder power heal sinc ancient time varieti restor includ singl collect center typic twice daili peopl suffer insomnia anxieti teaspoon powder bedtim benefici
10786,withania plant solanacea nightshad famili mainli grown india sometim indian cherri anoth common speci short shrub grow small green fruit color health cherri anoth common plant speci short shrub grow small green fruit color health
10787,withania known indian ginseng winter cherri hindi malayalam plant solanacea nightshad stout shrub height tomato famili yellow fruit though fruit berrylik shape prolif india tomato famili yellow fruit though fruit berrylik shape prolif india
10788,leav plant follow supplement accord leav plant follow supplement accord problem
10789,leav indian medicin plant withania tradit system treat memori japanes patent relat ointment reproduct tomato famili yellow fruit though fruit berrylik shape prolif india
10790,actual plant medicin occur thick structur similar shape extra larg carrot occur subsystem variou introduct descript plant effect health perspect
10791,specif combin amino modul respons stress includ singl collect center typic twice daili peopl suffer insomnia anxieti teaspoon powder bedtim benefici
