passageId,passage
107763,energi independ certifi energi without sacrif function save energi prevent climat chang energi label money energi protect environ
107764,import select climat select state counti california climat learn product
107765,gener alabama copiou precipit throughout alabama averag rainfal annual lengthi grow season southern state
107766,southeast region unit georgia florida north carolina south carolina southeast warmer milder winter northern counterpart winter
107767,apart energi label process test verif strict
107768,gener alabama throughout southeastern unit averag januari around mobil around around around birmingham
107769,north dakota south dakota region countri extrem freez particularli northern region
107770,winter warmer southern reach southern northern south dakota reach
107771,energi improv energi effici energi lower energi improv comfort reduc greenhous learn track progress energi dashboard
107772,climat alabama state classifi humid subtrop climat classif averag annual temperatur warmer southern state proxim northern state especi appalachian northeast slightli cooler
