passageId,passage
107733,take copper ensur copper daili prevent defici accord institut medicin miner number potenti health
107734,copper overview inform copper miner found particularli organ wheat grain cocoa copper mostli liver amount copper blood
107735,copper defici take copper prevent treat copper defici occur arent get enough copper medic copper copper defici neg blood
107736,health copper includ proper growth util enzymat connect energi product apart heart rhythm thyroid arthriti wound heal
107737,kidney failur death occur littl copper copper overdos includ nausea vomit bloodi diarrhea fever stomach blood pressur anemia heart pregnanc breastfeed copper like taken mouth appropri
107738,copper common treatment rheumatoid arthriti osteoporosi promot healthi collagen copper reliev ach minim miner densiti remedi arthriti wear copper bracelet reduc inflamm
107739,health take copper medic supervis maintain health copper oxidas enzym collagen compon healthi tissu benefici effect densiti
107740,format cholesterol health copper health copper crucial healthi exist miner normal metabol process associ amino copper produc within henc need extern
107741,copper medicin copper treat copper defici anemia caus littl copper copper defici sometim peopl intestin bypass surgeri feed
107742,copper import healthi includ arthriti proper growth pigment connect brain stimul util sugar enzymat stall energi product bactericid thyroid
