passageId,passage
10802,commerci distil white vinegar acet water concentr around water distil vinegar volatil water result distil lower
10803,vinegar neutral cleaner usual except granit floor acid vinegar start better clean micro fiber cloth polish product specif clean simpli green wonder inexpens floor cleaner purpos
10804,floor cleaner floor right neutral cleaner gallon water depend brand shini bright doesnt requir rins
10805,vinegar acid natur solut acet vinegar present distil white contain acet roughli around textbook vinegar
10806,shown ingest lemon juic citric organ metabol slight increas urinari bladder urin becom littl closer neutral
10807,acid vinegar sugar lemon juic sprite think neutral purpos determin variou household whether base
10808,vinegar acid water alkalin ratio right middl neutral still actual clean repli sarah
10809,curios verifi distil water vinegar distil water come satisfi curios white distil vinegar white distil vinegar come smack middl averag rang that great
10810,neutral floor frank floor collect residu clean appear floor cleaner neutral elimin develop leav look sever retail contain neutral costli toward look homemad altern
10811,ultim drink chart valu either neutral stress chronic acidosi weaken health ultim creat breed ground adult degen diseas
