passageId,passage
108277,plant sweet need suffic drainag unless garden larg secur space commun garden sweet quit provid enough
108278,origin written februari august optimum plant around southern northern earli plant prefer later plant impact grain yield dri higher grain moistur
108279,summer mercuri pollin poorli particularli drought pollen pollin occur plant season consist pollin result caus unevenli
108280,plant continu earli sweet plant kernel apart plant least sweet matur depend varieti last sweet plant sever matur differ time plant varieti place varieti
108281,grow sweet david professor plant scienc origin prepar alvin professor plant scienc popular divers grown field ornament popcorn sweet sever differ
108282,plant later grow season come hybrid switch moistur silag forag question whether grown anoth grown place final
108283,optimum plant around southern northern earli plant prefer later plant impact grain yield dri higher grain moistur
108284,first decreas plant major impact yield gener yield reduc plant second southern becom plant
108285,three sweet supersweet tradit sugari second supersweet sugar content extrem shrunken small embryo
108286,highest state howev sever begin neg affect yield first decreas plant major impact yield second southern becom plant
