passageId,passage
108207,seven marin cruis regent seven formerli seven first world ocean cruis
108208,seven marin passeng cruis identif number number number regist cruis norwegian sinc regent seven vessel
108209,seven marin passeng cruis identif number number number regist cruis norwegian sinc regent seven
108210,encyclopedia seven marin cruis regent seven formerli seven first world ocean cruis
108211,seven marin three delux cruis regent seven marin origin seven regent seven
108212,seven marin cruis seven marin passeng cruis identif number number number regist cruis norwegian sinc regent seven
108213,latest cruis regent seven recent seven marin today travel month receiv special access passeng vessel first luxuri
108214,regent seven seven marin first
108215,seven marin built second three regent cruis togeth navig voyag explor regent marin first balconi suit cruis
108216,seven marin passeng cruis identif number number number regist
