passageId,passage
10852,spanish luxuri spanish offer fantast select luxuri modern offer rang
10853,break lifetim select
10854,luxuri spanish offer fantast select luxuri modern offer rang
10855,spanish luxuri
10856,spanish offer fantast select luxuri modern offer rang pleas refer individu
10857,indulg luxuri treatment moorish style hotel discov tranquil parti nibbl authent tapa
10858,televisor televisor person place thing qualiti
10859,televisor person place thing qualiti
10860,indulg luxuri treatment moorish style hotel discov tranquil parti nibbl authent tapa expect unexpect everi ski spanish
10861,tweet place water come natur ground peopl improv health swim bath drink water place peopl improv health appear
