passageId,passage
108977,honey drink pleas follow togeth teaspoon honey teaspoon tablespoon mixtur glass water drink honey cider vinegar remedi time boost health
108978,appl cider vinegar honey amaz natur health unprocess honey treat rang health combin togeth boost health natur
108979,effect appl cider vinegar caus potassium osteoporosi howev woman drink around appl cider vinegar acid weaken tooth enamel
108980,honey health organ honey drink pleas follow togeth teaspoon honey teaspoon tablespoon mixtur glass water
108981,health appl cider vinegar appl cider vinegar crush distil result liquid acet journal acet natur antibacteri agent harm bacteria
108982,health drink appl cider vinegar honey import honey vinegar havent still appl cider vinegar unprocess still contain mother mother cloudi float around liquid health
108983,health appl cider vinegar honey togeth honey amaz treat differ health therefor appl cider vinegar honey regular basi improv qualiti
108984,unfilt organ appl cider vinegar mother still intact appl cider vinegar health rememb dilut appl cider vinegar water moder nutriti healthi maxim
108985,organ appl cider vinegar natur health everi along coconut recommend drink appl cider vinegar person sever detoxif help easili digest quick burst energi
108986,medic research appl cider vinegar ingest reflux lower blood pressur improv diabet support weight appl cider vinegar power heal includ acet potassium magnesium acet abil danger bacteria foster growth benefici bacteria
