passageId,passage
108907,fit dress order cocktail attir classic white powder blue modern pattern button cocktail attir provid
108908,formal cocktail attir cocktail attir eleg short dress usual color length uncertain basic littl black dress alway choic almost anywher
108909,formal cocktail attir receiv formal invit special dress semiform black option semiform black option tuxedo formal
108910,alway better jacket wear cocktail attir leather cocktail attir dress wear athlet jean short strictli forbidden
108911,tuxedo black white dress shirt conserv leather dress dress short afternoon cocktail dress littl black dress dressi skirt dressi separ
108912,cocktail attir overtli formal black dress polish sophist trick perfect dress brief juggl traditionalist aesthet fit youth silhouett tribut classic tradit cocktail attir incorpor live youth
108913,cocktail attir dress apparel intersect effortless formal even tradition cocktail attir dress easili perfect clean classic attir alway balanc offer refin contemporari sartori stori
108914,black white formal semiform festiv casual right attir dress appropri occas
108915,tuxedo combin whimsic black shirt match color pattern cummerbund formal floor length even dressi cocktail dress littl black dress dressi separ
108916,formal floor length even dressi cocktail dress littl black dress dressi separ tuxedo black white dress shirt conserv leather dress dress
