passageId,passage
109427,littl interest reflect current commerci market littl interest
109428,choos interest famili accord intern revenu interest lower applic feder establish minimum famili
109429,intern revenu servic relat attract interest known applic feder minimum interest found
109430,intern revenu servic relat attract interest known applic feder minimum interest
109431,avoid market correct interest select monthli applic feder govern minimum interest
109432,reflect current commerci market littl interest follow interest avoid
109433,current econom environ monthli interest certain histor result excel opportun transfer wealth lower gener famili
109434,reflect current commerci market littl interest
109435,corpor weight averag interest begin month averag segment transit segment applic minimum present valu transit april
109436,month variou feder incom known applic feder regularli revenu
