passageId,passage
109457,natur increas birth natur increas given percentag calcul divid natur increas exampl birth popul death popul natur increas
109458,natur increas given percentag calcul divid natur increas exampl birth popul death popul natur increas
109459,nation birth express number popul popul taken midyear figur china everi peopl death express similar
109460,birth death popul south birth death south increas popul popul growth
109461,exampl birth popul death popul natur increas
109462,measur birth number popul measur death number popul movement peopl
109463,popul declin death greater birth popul increas death birth econom countri develop base econom gross domest product incom
109464,elig labor sinc alabama feel effect almost annual birth
109465,histori speci birth death alway balanc maintain popul growth sustain sinc bubon plagu growth popul constant increas
109466,third factor affect birth increas labor forc percent labor forc oppos percent focu homemak becom defin labor forc birth
