passageId,passage
110497,diesel oxid stabil sediment keep presenc oxygen roughli storag
110498,blend petroleum percentag blend percent volum percent volum petroleum diesel signific environment minimum increas fleet
110499,avail anywher nation board regist current avail call
110500,receiv place work sever diesel backup sampl report addit forgot diesel probabl
110501,diesel gasolin prevent certain bacteria alga number problem storag diesel evapor problem diesel gasolin
110502,clean burn altern produc domest renew petroleum blend level petroleum diesel creat blend diesel littl
110503,locat saskatoon canada speed make switch weekend station station make everi month
110504,avail compani underground storag sulphur diesel least provid taken water fungu potenti
110505,would blurt simpl number question truth answer depend storag
110506,diesel shelf shelf significantli proper manag shelf extend dramat biggest affect storag includ
