passageId,passage
110517,mountain ridden numer time mountain alphabet order trail trail
110518,davenport northeast great smoki nation southern terminu appalachian trail georgia north carolina
110519,mountain honest someon someon favorit movi everyon
110520,follow unit nation system nation millennium trail project select visionari reflect histori cultur
110521,great divid mountain rout grail mountain world known rout world great divid mountain rout probabl trail world consid mountain world
110522,trail river trail river ocean sourc mile trail
110523,cycl breath cycl world beauti sceneri either break sweat simpli see world without leav carbon footprint behind
110524,famili montana summer cycl along scenic railroad countri railroad turn trail turn leisur seven tunnel
110525,point nation seashor california pacif ocean delawar maryland virginia kentucki indiana illinoi missouri colorado nevada california
110526,mountain septemb honest someon someon favorit movi everyon
