passageId,passage
110567,short runway model bikini model bikini usual curvac usual shorter around rang pretti averag would pretti scari model gemma realli model world model
110568,model requir younger typic lower height requir sinc grow taller tri minimum height fashion runway ideal alreadi grow taller
110569,though today realli pretti runway becom runway model think taller
110570,incred grace lead fashion fashion gener dress typic rang rang flexibl start excel physiqu chest longer rang rang flexibl start excel physiqu chest waist
110571,enough despit public still pain model though consid curvi model prepar starv never serious consid career enough despit public still pain model though consid curvi model prepar starv never serious consid career option
110572,least runway model height cloth averag runway prefer runway model longer longer proport measur upper measur lower runway model better start learn straight
110573,start model agenc cancel editori fashion model editori fashion model
110574,appar pretti averag would pretti scari model gemma realli model model pretti averag would pretti scari model gemma realli model world model
110575,appar pretti averag would pretti scari model gemma realli model world pretti averag would pretti scari model gemma realli model world model
110576,model tri minimum height fashion runway ideal alreadi grow taller
