passageId,passage
11082,pepperoni spici varieti sausag usual poultri ad correctli expens pepperoni characterist slightli smoki bright color
11083,pepperoni known pepperoni sausag american varieti usual mix togeth pepperoni characterist slightli smoki bright color
11084,pepperoni known pepperoni sausag american varieti usual mix togeth
11085,pepperoni italian varieti highli spice italian major differ pepperoni higher ratio reason spici desir top
11086,spici varieti often pepperoni descend spici southern spici sausag pepperoni frequent pizza top
11087,pepperoni italian pepperoni chop poultri sausag pepperoni sausag mainli pizza top spici
11088,dri sausag hors donkey poultri differ smoke veget differ particular tast pepperoni poultri spici
11089,pepperoni italian sausag sausag sausag travel world pepperoni mainli chop poultri
11090,sausag sausag travel world pepperoni mainli chop poultri mainli
11091,pepperoni basic differ cook specif pizzeria uniqu tast special flavor
