passageId,passage
110797,fecal transplant sporad sinc without regul popular although estim total number remain
110798,fecal transplant promis digest irrit bowel syndrom diseas ulcer coliti
110799,fecal impact larg stool stuck liter rectal develop within rectum caus bowel incontin rectal rectum bowel incontin occur
110800,fecal transplant bacteriotherapi fecal transplant bacteriotherapi transfer stool healthi donor gastrointestin tract purpos treat recurr difficil coliti
110801,fecal transplant fecal transplant treatment recurr difficil coliti difficil coliti complic antibiot therapi associ diarrhea abdomin cramp sometim fever
110802,purpos fecal transplant replac bacteria suppress usual caus bacteria specif clostridium difficil overpopul colon
110803,constip bowel solid stool becom stuck fecal impact rectum becom wateri around impact stool
110804,fecal transplant usual colonoscopi commonli colonoscopi colonoscop advanc entir colon colonoscop withdrawn donor stool colonoscopi colon
110805,fecal microbiota transplant fecal microbiota transplant procedur fecal matter stool collect test donor mix salin solut strain patient colonoscopi endoscopi sigmoidoscopi enema
110806,bowel incontin known fecal incontin inabl control bowel fece rectum uncontrol bowel incontin sever pass small amount fece break total bowel control bowel incontin symptom condit diseas condit diseas gener bowel incontin impact neg health
