passageId,passage
112035,storag stabil gasolin emerg truck gener
112036,annual fresh indefinit ingeni exactli right
112037,super concentr treatment stabil preserv qualiti gasolin reduc disast emerg ounc bottl treat
112038,never go thank repli would store leav event repli crystal small collect go empti
112039,video better method white storag surviv learn method preserv prefer everi extra
112040,version vehicl storag vehicl winter canada unstabl later readi start vehicl degrad vehicl work problem
112041,right would better wouldnt store anyth wasnt talk fill catchment system
112042,gasolin great emerg prepared quickli without stabil sometim littl three gallon stabil storag restor degrad
112043,older storag jerri militari often qualiti price jerri militari avail amazon
112044,elimin sludg consist power dissolv heavi asphalten laden sludg heavi length remov sludg depend degre sludg contamin
