passageId,passage
112365,depth water standard standard depth depth suffici swim offer rang depend model choos
112366,quickli crystal clear follow water either go local store water chlorin level
112367,endless prioriti without except staff experienc custom servic avail conveni instal maintain endless
112368,endless purifi sanit water system automat water inhibit bacteria growth copper alga still small amount chlorin oxid
112369,quickli crystal clear follow water either go local store chemic contribut toward cloudi water import address water chlorin level
112370,water either go local store chemic contribut toward cloudi water import address follow water balanc water first
112371,altern recircul featur powder swim shock bucket water gallon plastic bucket water shock bucket water shock water
112372,chlorin current level correspond shock level chart school correct shock level level bleach liquid chlorin enough rais level shock level least coupl time
112373,shock level maintain elimin alga sanit water crystal clear alga level chlorin level often sever
112374,shock gallon bucket water shock bucket shock someth shock peopl stick small metal
