passageId,passage
112691,visitor oyster singl overground nation readi arriv paper singl
112692,river great around traffic enjoy fantast along river popular board river servic frequent transport
112693,oyster travel across visitor oyster monthli annual oyster
112694,river great around traffic enjoy fantast along river popular
112695,marin travel motor financ camper pickup marin offer
112696,marin simpl activ fulli nonrecours pleas contact marin market depart inform financ program click print dealer agreement
112697,howev visitor oyster oyster arriv oyster monthli annual travel across junction
112698,marin pleasur provid person marin tour cruiser side
112699,marin travel motor financ camper pickup
112700,cruis station cruis
