passageId,passage
112811,lafayett search search yellow right local specif need search sort combin respons search criteria
112812,offic privat individu simpl secess still complet review simpl secess still complet commun
112813,attorney texa client primari attorney counselor
112814,lafayett search yellow right local specif need search sort combin respons search criteria
112815,person injuri crimin defens trial lawyer staff achiev outcom offic offer person injuri search person injuri
112816,experienc trial lawyer offic person injuri crimin defens trial offic lafayett louisiana experi person injuri crimin defens
112817,handl initi contact intak gather regard matter student marshal school crimin clinic first contact potenti potenti probabl court compris consult memorandum phase trial receiv dismiss
