passageId,passage
113136,bridg current reach howev reach declin lifetim averag ad execut
113137,browser click select gener entri
113138,bridg current reach howev reach declin lifetim averag ad execut
113139,success today first nation brand profession servic provid select consist print
113140,bridg bridg popular version product among program execut product
113141,bridg updat updat program period check comput
113142,snowi winter season chilli season outfit store downtown comfort speed stylish store
113143,known bridg differ differ locat havent alert product think viru product pleas submit feedback bottom
113144,agreement financi acquir rang technolog equip launch sinc incept financi financ server architectur photographi output platform
113145,engag snowbal fight wonder bubbl troubl challeng magic season
