passageId,passage
114043,depend individu stage diseas earli stage clinic latenc stage stage infect experi three experi
114044,first stage infect come three first stage acut infect typic within exposur becom infect immun system fight
114045,initi infect sever fever swollen lymph joint muscl throat includ night mouth initi infect infecti mononucleosi
114046,depend individu stage diseas earli stage clinic latenc stage stage infect experi three
114047,earli includ fever headach fatigu throat swollen lymph characterist featur primari infect mouth usual disappear within
114048,advanc diarrhea nausea vomit weight includ sever headach joint muscl short breath chronic cough difficulti uncommon
114049,common similar ill within sever exposur viru earli includ fever headach fatigu throat swollen lymph characterist featur primari infect mouth
114050,infect acut infect known primari infect latenc acut infect sever includ fever swollen lymph inflamm throat muscl malais mouth esophag
114051,peopl first person person peopl ill within month first get includ fever headach tire swollen lymph groin
114052,sever diseas first includ swollen throat armpit groin earli includ slight fever fatigu muscl
