passageId,passage
114293,mean water often rocki classifi natur inlet recess inlet water water surfac cover water river ocean follow inlet small inlet fiord narrow inlet steep common norway
114294,definit inlet advanc dictionari thesauru univers press inlet american english
114295,definit inlet english languag narrow water open liquid enter someth machin
114296,inlet definit inlet narrow strip water mean pronunci
114297,northward along leeward coast ariel work leisur lagoon dare narrow captain ad thousand drop anchor everi wall inlet outer everi mangrov swamp promis cannib
114298,inlet valv fluid devic machin relat compar inlet intak open fluid channel usual inlet engin
114299,inlet indent usual narrow small often lead water sound lagoon marsh
114300,definit inlet recess water often rocki intak inlet open fluid admit contain
114301,inlet inlet often lead water sound lagoon marsh inlet usual actual connect ocean often entranc recess shore river
114302,definit inlet english small river place entri chiefli tailor dressmak insert definit inlet english small river place entri chiefli tailor dressmak insert dictionari thesauru
