passageId,passage
114787,marriag alway definit actual institut process constant evolut stone sexual conduct provid stabl structur daili basic concept taken across differ
114788,evolut surviv thing evolut cumul popul speci surviv popular process natur select mechan evolutionari chang
114789,becom ingrain overshadow actual histor truth seven notabl peopl becom forev link someth never
114790,origin histori thing meet assembl later entiti matter subject deliber assembl event materi object thing assembl council matter thing
114791,human evolut human evolut lengthi process chang peopl apelik scientif evid physic behavior peopl apelik period approxim million
114792,biolog evolut cumul occur popul produc genet level mutat recombin differ reproduct futur
114793,histori histor famou someth never disagre napoleon famou remark histori peopl agre there littl doubt outright often shape understand
114794,speci process biolog evolut reproduc sexual speci group whose adult regularli interbre result fertil offspr offspr capabl
114795,outsid sinc histori earth histori evid horizont transfer mainli darwinian account evolut latest version applic recent complex
114796,discov first charl thing natur evolut theori evolut natur select deepli confirm someth still go
