passageId,passage
114857,introduct nation south take wilder countri secret locat number first discov swamp found river north nation swamp known pagoda
114858,discov spectacular nation greater world heritag scenic tower seren ampl beauti wilder northwest swamp tranquil escap dot remark pagoda plenti swim cano
114859,procrastin realli regist final order north america wrote bought garden receiv love condit humou decid christma futur
114860,world nation dramat set scenic swim cano coupl northwest nation northwest swamp tranquil escap dot remark pagoda plenti swim cano
114861,cliff canopi level billi unashamedli obviou outsid world lookout first perspect weird organ realli oliv tradit australian billi complet discoveri prehistor herald permiss visit tuesday herald spent royal botan staff travel program
114862,discoveri critic speci discov nobl exact locat nation remain close guard botanist carrick state discoveri equival find small dinosaur aliv around million australia super contin link australia guinea arriv first flower extinct botanist carrick state discoveri equival find small dinosaur aliv earth around million australia super contin link australia guinea antarctica
114863,putti villag south australia singleton shire north putti windsor singleton proxim nation sometim start finish point often log possibl nation eighti
114864,accommod world heritag hous mountain lagoon mount built environment sustain doubl queen hous design incorpor natur aesthet throughout interior hous
114865,villag valley putti creek north length valley join creek river proxim nation sometim start finish point often log possibl nation eighti
114866,proxim nation sometim start finish point often log possibl nation eighti proxim nation sometim start finish point often log possibl nation eighti
