passageId,passage
115107,clinician fungu howev journey test usual fungu transport wrongli toenail fungu come neg worri thing posit
115108,treat thick discolor thick inadequ nutrit health fungal genet podiatrist treat
115109,prevent thicken get deform healthi person diseas common caus thick trauma usual repeat richard treatment medic center
115110,follow thick least soapi water complet emeri board start corner straight across corner
115111,number thick deform common fungu infect onychomycosi inevit lead thicken untreat often deform
115112,thick yellow sometim natur thicken peopl older combin blood suppli slowli thicken becom increasingli suscept infect thick yellow aw shouldnt condit
115113,thicken alter plate result thicken damag temporari perman depend caus occur
115114,thick yellow fungu treatment prevent podiatri institut sometim thick yellow indic condit
115115,toenail usual toenail fungu start steel toecap soccer like caus trauma caus toenail instead sport peopl combin fungal sweati
115116,affect straight across clipper clean cotton clean debri around side piec percent salicyl plaster shape affect
