passageId,passage
115137,accord unit censu bureau total squar mile squar mile squar mile water
115138,approxim creativ south street highway north north heart south street western execut highway bypass
115139,latest collect exclus local radio german unit english irish scottish
115140,small counti stanli counti north carolina popul censu mayor gerald michael former polic chief council
115141,nelson counti ad period total counti ad peopl sinc percentag howev growth faster percent increas popul popul virginia whole million estim million
115142,growth budget number public school system increas number polic addit enforc popul olivi ad
115143,center popul percent popul
115144,small counti stanli counti north carolina popul censu michael former polic chief council
115145,popul counti virginia
115146,median household incom incom incom earn wage median hous valu median gross
