passageId,passage
116461,leader afford galaxi phone market great produc great intern market
116462,crystal cover cover regular price special price shine luxuri diamond cover regular price
116463,activ urban metal side impact resist materi offer robust protect phone impact resist height
116464,wallet neatli organ matter whether plane conveni carri devic place someth wrong
116465,unriv protect scratch rug protect layer protect protect layer protect sleek protect protect system endless
116466,unriv protect scratch rug protect layer protect protect protect screen protect
116467,pattern qualiti inspir independ around world relat anim kitten kitti funni felin black cartoon
116468,luxuri rabbit tassel metal plush phone cover regular price special price love stitch cartoon plush protect regular price
116469,beauti letter especi impromptu within close reach thought latest collect whimsic play cheeki bright
116470,delphin print clear clear rubber bumper outer shell maximum protect without clear rubber bumper outer shell
