passageId,passage
116481,there doubt go chief confer donald presidenti campaign rival
116482,continu trump boycott dishonest channel need jesu theyr expos hillari campaign mention help hillari cheat berni
116483,sinc august month prior septemb modern cycl fundament april plummet total april demograph declin mark accord declin
116484,saturday cabl lifetim tuesday cabl highest cabl histori elect night jitteri cabl thursday septemb
116485,saturday cabl lifetim tuesday cabl highest cabl histori elect night jitteri cabl thursday septemb
116486,cabl prime rank cabl prime april fifth eight prime eight prime among prime period versu
116487,continu read stori wednesday thursday friday program anderson cooper perenni giant audienc revenu first cooper top group three straight
116488,presid tuesday earth current elect cycl cours novemb there doubt go media confer session
116489,trump streak everybodi elect win strategi postelect might happen polit
116490,plung januari month rememb network tri tradit relianc break perhap surpris robust sting hollywood report note month histori
