passageId,passage
116551,return yield invest intrins perform time extern return perform yield discuss
116552,common method calcul intern return return invest advis solv return given period formula return
116553,number calcul invest return return calcul common method invest industri howev earli receiv annual return includ annual invest perform report valid accept calcul differ appropri differ
116554,unravel mysteri invest perform robert presid financi member american institut person financi execut committe chairman invest forc
116555,weight return dollar weight calcul weight first divid perform period smaller quarter typic smaller dollar weight return calcul final smaller period
116556,calcul weight return calcul dollar weight return compound first stock declin averag capit
116557,weight return standard return calcul percentag summari display perform return thought amount dollar would first deposit
116558,display invest symbol asset invest sector invest formula calcul return market valu subperiod exclud period
116559,return barri samantha fund addit ident return sinc addit initi invest
116560,return relat measur compound return portfolio state period subperiod calcul whenev extern deposit withdraw portfolio
