passageId,passage
116761,sport sport cricket asian world world watch sport
116762,sport world sport stream sport cricket match sport sport sport cricket match sport stream sport cricket match channel stream channel share qualiti channel stream place watch channel easili everywher whole world stream search sport sport stream tweet
116763,sport telecast cricket offici sport sport offici partner telecast sport stream avail offici stream watch sport stream offici watch stream cricket stream visit offici stream sport cricket cricket list channel channel current
116764,sport legal telecast cricket major cricket seri renown sport sport watch sport stream catch latest sport cricket commentari favorit sport channel sport
116765,sport sport sport base special nation channel local intern sport sport channel toward common sport cultur
116766,sport pakistani sport channel sport transmiss orbit decemb accord minist inform process complet decemb
116767,sport sport sport televis channel watch sport sport sport india australia india peopl
116768,pakistani peopl everi field sport despit limit exposur
116769,forget watch music australia north india stream march sport india march cricket cricket world industri mark broadcast march
116770,sport watch offici stream sport channel latest cricket sport watch offici stream sport offici stream super
