passageId,passage
118621,correspond list janitori american build mainten janitori american build mainten categori
118622,larg rang provid janitori janitori janitori wholesal clean janitori suppli clean suppli wholesal clean
118623,janitori compani provid qualiti offic clean window clean today janitori compani provid excel janitori build mainten
118624,concentr janitori servic receipt receipt payrol receipt receipt
118625,offic clean janitori commerci clean compani janitori mainten compani clean servic compani honest staff alway servic request concern
118626,brand janitori american build mainten american build mainten california francisco
118627,concentr total commerci clean receipt receipt payrol receipt receipt
118628,network incorpor busi around janitori american build mainten process conveni start search engin publicli avail govern
118629,janitori store place clean clean busi clean clean compani janitor busi janitor equip janitor janitori janitori busi janitori
118630,novemb report matur billion commerci janitori market nearli million busi competit compris mainli small
