passageId,passage
119188,regular scale scale regular scale scale regular scale scale determin elig certain toward pay determin class valedictorian complet honest terribl whether that colleg convert letter wors school
119189,academ stand base cumul stand cumul higher academ probat cumul higher subject disqualif cumul stand cumul higher academ probat cumul higher subject disqualif cumul
119190,calcul easiest calcul wolverin track wolverin track calcul determin semest cumul current semest reach certain calcul advic calcul determin order specif degre program calcul automat current
119191,quarter cumul remain remain academ probat howev cumul statu subject disqualif stand cumul higher academ probat cumul higher subject disqualif cumul
119192,advic calcul advic calcul determin order specif degre program calcul automat current simpli enter desir press calcul grade averag calcul advic calcul determin order specif degre program calcul automat current
119193,equal averag complet subject advis visit complet honest terribl whether that colleg convert letter wors school
119194,equal averag complet subject advis visit world better answer complet honest terribl whether that colleg convert letter
119195,grade educ process standard achiev cours anoth grade point averag determin extra curricular potenti educ assess compar cumul grade point averag calcul averag complet educ career
119196,make world better answer complet honest terribl whether that colleg convert letter wors school definit earli world better answer complet honest terribl whether that colleg convert letter
119197,calcul statist student summari student portal access calcul stand cumul higher academ probat cumul higher subject disqualif cumul
