passageId,passage
119828,presenc marijuana presenc activ chemic technic known
119829,confirmatori urin spectrometri liquid chromatographi highli specif typic test presenc specif
119830,descript clean system descript clean descript
119831,urin test detect greatli tabl cover common detect detect rang occur depend certain individu test
119832,simpl there paradox marijuana higher toler elimin faster reason actual devic
119833,appli detect urin appli marijuana saliva saliva screen intak accuraci saliva decreas rapidli marijuana
119834,amount marijuana urin amount frequenc consumpt marijuana urin frequent basic marijuana longer remain urin tri marijuana exampl probabl urin within
119835,first clean result success alway prepar test urin actual bonu tabl calcul stay system still
119836,deterior therefor test consumpt standard laboratori check court anoth institut
119837,urin test wide test illicit screen confirmatori screen parent metabolit screen marijuana cocain methadon
