passageId,passage
119838,rocki knockout leader unknown sylvest henri star first major screen offic jean black leather stanley chico perri
119839,straight juvenil delinqu togeth fight disrupt classroom ultim realiz eventu least sylvest charact stanley
119840,cruis memori immens appeal often hilari surprisingli touch hollywood report
119841,juvenil delinqu familiar nostalgia comment review help
119842,local neighbor social spend local candi store final interest
119843,realli movi mostli actual movi suppos place problem qualiti horrend tri varieti
119844,
119845,summari perri sylvest social interest romanc perri sylvest henri susan dolph sweet maria smith
119846,rate drama sylvest henri susan
119847,henri susan maria smith pari bruce frank martin stern dolph sweet antonia sleet margaret studio columbia rate
