passageId,passage
120158,neutral strawberri qualiti produc fruit regardless length cycl make excel receiv light
120159,remov portion percent leav north dakota inform public serv guid product
120160,submit groceri store alway plump juici tast partli repeat preserv process undergo ship store natur
120161,bear strawberri bear tradit strawberri plant found groceri produc singl harvest sometim earli known larg richli color qualiti
120162,plant plant ground work spring usual march april becom establish weather
120163,northland vigor produc freeli hardi medium bright insid qualiti ogallala product varieti becom popular larg qualiti bear produc entir earli
120164,system grow everbear system remov origin mother plant remain remov mother plant develop flower
120165,probabl worst small qualiti diseas result winter protect ground frozen cover layer clean straw marsh soybean straw satisfactori
120166,partli speci strawberri plant chosen yield rather tast qualiti strawberri plant speci decid whether prefer tast averag yield number
120167,everbear produc three fruit spring summer produc neutral produc fruit throughout grow season produc everbear neutral great limit space grown
