passageId,passage
120108,rehabilit aid unit approxim experi level particular impact group former posit report satisfact rehabilit aid survey experi level particular impact group former influenc posit report satisfact
120109,percent highest percent physic therapist aid therapi session product direct supervis physic therapist physic therapist licens aid perform clinic physic therapist assist median annual earn physic therapist aid
120110,rehabilit aid experi field usual bigger although experi averag peopl benefit notabl averag experi level particular impact group former influenc posit report satisfact
120111,median annual earn physic therapist aid middl percent percent highest percent median annual earn physic therapist aid nurs bureau labor statist median annual wage physic middl percent percent highest percent
120112,notic differ assist median annual earn physic therapist middl percent percent highest percent bureau labor statist median annual wage physic middl percent percent highest percent
120113,percent percent median annual physic therapist aid percent percent physic therapist aid occup amount median occup employ statist survey median annual
120114,median annual psychiatr median occup amount percent percent median annual psychiatr aid median occup amount percent percent median annual psychiatr aid
120115,aid littl minimum opinion experi becom formal educ licens aid perform clinic physic therapist assist median annual earn physic therapist aid
120116,rehabilit technician salari unit median rehabilit unit neighborhood spectrum geographi individu impact group experi level influenti technician salari unit median rehabilit unit neighborhood spectrum
120117,nation rehabilit salari inform averag yearli salari rehabilit begin rehabilit could expect start expect hourli salari increas experi longer employ accur salari pleas enter locat averag yearli salari rehabilit begin rehabilit could expect start annual
