passageId,passage
121054,look money possibl will safeti posit california depart start work correct facil california bonu awesom state retir packag
121055,nurs career increas salari right school therapi special train increas highest salari nurs
121056,connect medic make profession profil career allow excel nurs salari peopl contact network find highest easier
121057,outsid california texa known practic nurs salari texa highest licens vocat nurs surround metropolitan annual salari
121058,licens vocat accord bureau labor statist highest wage almost percent work nurs chronic injur disabl
121059,break averag salari specif field vocat nurs affect correct substanti
121060,salari averag salari salari vocat nurs unit higher nation incom averag salari month
121061,experi affect obvious higher typic averag salari california experi close nearli nation averag vocat recent graduat accredit content spend entir
121062,ahead speed nurs educ enrol addit nurs match nurs career increas chanc get excel salari train complet
121063,averag salari california climb overal averag california increas sever nurs school averag start hourli experi dramat overal averag hourli california cours field nurs exampl work go work live facil
