passageId,passage
121004,surprisingli gener accept definit public polici elus defin public polici simpli govern state guid discuss definit littl quickli illustr varieti gener accept definit public polici elus defin public polici simpli govern state guid govern
121005,govern state polici enforc mechan polici govern state govern polit specif state polici enforc mechan polici state
121006,commun make world better answer cours action govern polit parti busi intend influenc determin american foreign polici personnel polici commun make world better answer cours action govern polit parti busi intend influenc determin american foreign polici personnel polici
121007,cours action govern polit parti busi intend influenc determin american foreign polici personnel cours action govern polit parti busi intend influenc determin american foreign polici personnel polici
121008,polici cours action govern polit parti busi intend influenc determin american foreign polici personnel polit usual refer peopl power countri societi interest career polit never polit polit either singular plural
121009,polici gener govern manag public legislatur gener describ gener govern manag public legislatur gener describ insur
121010,definit fiscal polici govern spend influenc fiscal polici attempt improv unemploy control inflat stabil busi influenc interest effort control fiscal polici govern spend influenc fiscal polici attempt improv unemploy control inflat stabil busi influenc interest effort control economi
121011,cours action govern polit parti busi intend influenc determin american foreign polici personnel polici cours action govern polit parti busi intend influenc determin american foreign polici personnel polici
121012,refer cours action agre govern polit parti polici educ polici polit polit adject polit usual refer peopl power countri societi interest career polit never polit polit either singular plural
121013,refer cours action agre govern polit parti polici educ polici polit polit adject polit polit cours action govern polit parti busi intend influenc determin american foreign polici personnel polici
