passageId,passage
121324,crypt element mean secret hidden form english sinc least greek hidden conceal secret greek
121325,algorithm origin cipher algorithm cipher origin diagram messag
121326,encrypt work often encrypt algorithm encrypt process origin correct
121327,cryptographi techniqu mean messag deriv greek hidden differ actual messag mean messag
121328,valu known sender receiv algorithm origin cipher algorithm cipher origin
121329,valu known sender receiv algorithm origin cipher algorithm cipher origin diagram messag
121330,cryptograph algorithm cipher mathemat function encrypt process cryptograph algorithm work combin number encrypt differ differ
121331,transposit cryptograph techniqu wherebi messag provid secreci think could arrang anagram simpl exampl
121332,exampl secur insur exchang copi sophist theft encrypt mean assur would
121333,encrypt someth conceal someth convert password broken hardwar exampl secur insur exchang copi sophist theft
