passageId,passage
121334,provis center proton therapi first second southeast proton therapi advanc radiat therapi singl treat variou technolog treatment proton therapi everi treatment cancer cancer
121335,assess annual elig proton therapi potenti therapeut benefit great justifi addit expens proton irradi potenti elig proton therapi
121336,proport acuiti greater sever proton therapi confirm recurr enucl visual initi proton therapi approxim time therapi howev advers relat therapi time greater advers relat proton therapi
121337,proton therapi therapi around world massiv growth develop recent boston clinic canada japan china alreadi build russia australia
121338,proton state thoma gener hospit boston introduct rational differ dosimetr convent radiat therapi oper domin personnel busi ratio proton therapi treatment fraction present
121339,widespread construct expens therapi gallop ahead despit polici decri evid prove costli treatment better prostat cancer frequent complet would nearli doubl number proton technolog therapi healthi tissu improv qualiti overal procedur twice tradit radiat treatment
121340,proton therapi issu intern journal radiat oncolog prostat cancer linda univers medic center linda technolog transfer agreement today first compact proton therapi system would major cancer center fifth machin closer realiti
121341,clinic canada japan china alreadi build russia clinic canada japan china alreadi build russia australia
121342,advanc fight cancer first proton therapi center technolog treatment medic director proton therapi center prostat cancer proton therapi physician world
121343,proton therapi oper togeth compact system standard radiat treatment million compact mount gantri technolog transfer agreement today first compact proton therapi system would major cancer center fifth machin closer realiti
