passageId,passage
122284,work fish industri sinc fish sinc child first work local loui tackl store tackl count night take jame
122285,profession fish guid sinc inform fish visit fish found fish resourc
122286,catch fish sunday friend jame frank action tournament caught crappi weigh never mount
122287,jame coast guard licens guid whose fish experi educ fish competit great success wayn fish sinc enough youngster fish small
122288,better fish offici water warm local fish fish gotten better
122289,visit austin texa school spring break decid fish bucket
122290,wasnt crappi would caught brush fish marker caught crappi
122291,display pound crappi caught tournament tri catch brush end
122292,seven easili state record paddlefish caught tabl previou record caught common paddlefish plankton similar simpl interest
122293,father visit first texa recent fish sure rememb tuesday march fish local guid fish leonard recreat around marker grand
