passageId,passage
12322,suck fluid foreign airway draw breath surgic techniqu treatment incis cornea capsul materi fragment needl
12323,enunci aspir incap terrapin vowel ravin fold eight dusti regardless effect
12324,pulmonari aspir pulmonari aspir entri materi pharyng drink stomach content oropharynx gastrointestin tract larynx voic lower respiratori tract respiratori system
12325,pulmonari aspir entri materi pharyng drink stomach content oropharynx gastrointestin tract larynx voic lower respiratori tract respiratori system
12326,aspir plural action phonet burst releas
12327,object phonet articul speech sound especi produc audibl breath first total second unaspir articul begin syllabl sound pronounc hitch oppos witch
12328,linguist pronounc vowel initi releas breath associ english hurri
12329,liquid foreign object exampl respiratori tract take breath medicin remov liquid aspir suction growth exampl remov liquid
12330,aspir plural aspir ardent ardent desir chiefli elev spiritu common adjunct riley aspir becom doctor morgan aspir win
12331,strong desir long ambit intellectu object strongli desir presid aspir sinc boyhood breath
