passageId,passage
123540,although older unit syndrom group likelihood follow syndrom select likelihood likelihood likelihood likelihood likelihood
123541,chanc event exampl syndrom result would expect would syndrom would chanc syndrom chanc
123542,syndrom trisomi commonli genet caus mental retard trisomi directli relat matern prenat test syndrom voluntari approach prenat screen diagnost test
123543,syndrom surviv expect peopl syndrom dramat affect person syndrom syndrom period syndrom summari number syndrom declin exampl among syndrom death first declin decreas
123544,round number separ differ birth spontan syndrom time
123545,growth height result short averag height syndrom obes
123546,trisomi peopl syndrom trisomi syndrom separ chromosom instead usual
123547,syndrom syndrom known trisomi genet disord presenc third chromosom typic associ physic growth characterist facial moder intellectu disabl
123548,child syndrom convent matern actual deliveri histor matern first screen fetal chromosom
123549,typic syndrom extra chromosom medic extra chromosom trisomi syndrom trisomi
