passageId,passage
124978,blood measur averag level glucos blood three blood sugar person detail support inform articl abbrevi hemoglobin glucos protein blood blood glucos percentag hemoglobin measur diabet control
124979,peopl without diabet normal rang hemoglobin hemoglobin indic diabet higher indic peopl without diabet normal rang hemoglobin
124980,averag level blood sugar peopl diabet regularli whether blood sugar within target diagnos averag level blood sugar peopl diabet regularli whether blood sugar within target rang diagnos diabet
124981,hemoglobin averag blood sugar control along blood sugar diabet hemoglobin found blood carri oxygen throughout peopl without diabet normal rang hemoglobin
124982,hemoglobin screen diagnos diabet hemoglobin hemoglobin form blood glucos higher level glucos blood hemoglobin hemoglobin form blood glucos hemoglobin higher level glucos blood hemoglobin form
124983,hemoglobin hemoglobin import blood diabet peopl without diabet normal rang hemoglobin
124984,hemoglobin hemoglobin sometim hemoglobin measur primarili identifi averag plasma glucos concentr form pathway exposur plasma hemoglobin hemoglobin sometim hemoglobin measur primarili identifi averag plasma glucos concentr
124985,someon diabet percent hemoglobin worri normal level percent percent diabet percent monitor overal glucos control least twice peopl blood glucos diabet normal make diagnosi diabet doctor repeat peopl fals theyr sever anem kidney failur liver diseas
124986,pictur averag blood glucos blood sugar control diabet treatment pictur averag blood glucos blood sugar control
124987,pictur averag blood glucos blood sugar control diabet treatment pictur averag blood glucos blood sugar control
