passageId,passage
125518,dictionari entri overview sens common vener diseas treponema spirochet chang progress congenit placenta familiar inform
125519,cream sypher syphili syphili
125520,syphili common vener diseas treponema spirochet chang progress congenit placenta
125521,syphili diseas sexual diseas social diseas vener diseas vener infect curs communic infect sexual intercours genit contact
125522,vener diseas chronic specif infecti diseas usual sexual intercours hereditari transmiss three known primari secondari tertiari syphili primari secondari tertiari dictionari
125523,south african slang someth disgust deriv syphili
125524,mean common vener diseas treponema spirochet chang progress congenit placenta classifi stabl syphili diseas sexual diseas social diseas vener diseas vener infect curs communic infect sexual intercours genit contact
125525,syphili syphili syphili hydrangea syphili infect bubbl syphili syphili maximu syphili samurai
125526,french diseas spanish acquir syphili balan cerebr tabe chancr chancroid climat congenit syphili constitut syphili fifth vener diseas gener paresi gonorrhea granuloma granuloma great chancr latent syphili locomotor ataxia paralyt dementia paresi pudend ulcer simpl chancr social diseas chancr syphilit
125527,pickl cream sypher
