passageId,passage
125848,identifi like gaslight constantli start question sensit often confus make simpl constantli understand unhappi
125849,gaslight abus parent figur relat victim gaslight keep victim relationship perhap punish attempt break depend
125850,histor freddi gaslight gaslight mauric companion wonder floor gaslight voic auction gaslight garish forlorn
125851,varieti gaslight abus partner might abus partner understand listen abus partner memori victim accur
125852,rang denial abus previou abus stage bizarr abus intent victim origin light adapt
125853,could technic claim anyon gaslight disagre claim anyon anyth welcom doesnt accus weight particularli sinc specif criteria determin whether vagu thing rather thing empir evid train profession could
125854,effect gaslight narcissist victim syndrom gaslight gaslight psycholog abus order instil extrem sens anxieti confus point longer trust memori percept judgment
125855,defin gaslight gaslight gaslight pronunci gaslight translat english dictionari definit gaslight light produc burn illumin burner gaslight gaslit gaslight psycholog
125856,come gaslight movi husband drive crazi minor hous bright alway
125857,degrad gaslight effect actual damag trust experi realiti gaslight doesnt alway involv anger intimid gaslight effect gaslight gaslight
