passageId,passage
125818,often known paper money simpli negoti instrument known promissori payabl bearer demand origin commerci legal redeem legal tender usual silver chief cashier
125819,current swiss franc seri possess least eighteen secur often known paper money simpli negoti instrument known promissori payabl bearer demand
125820,definit legal dictionari english dictionari encyclopedia mean legal
125821,give currenc qualiti circul central countri central improv currenc secur manag
125822,definit often known paper money simpli negoti instrument known promissori payabl bearer demand origin commerci legal redeem legal tender usual silver
125823,nation recent regard print denomin inflat reason print
125824,contrast print paper polym typic higher issu especi valu econom valu sinc condit still legal valid claim issu
125825,produc schill first applic paper histori print applic optic common throughout world
125826,accept secur confirm accept issu differ impli ongo bearer money outweigh
125827,royal badg design behalf nation assembl featur alongsid three
