passageId,passage
126098,electr handl electr rather seri rotat rotat tweezer devic multipl surfac electr convent power rotari strictli procedur success choos devic remov bikini avail purchas rotari gener
126099,everi ship standard ship contigu ship offer limit standard ground ship merchandis total reach ship ship offer valid prior go canadian salli beauti right modifi
126100,wax photo credit electr version wax involv onetim purchas remov wax
126101,devic similar electr shaver rotat tweezer trap across modern solut ancient problem wax remov techniqu cleopatra trend honey consid hairless proper hygien later hairless wealth class
126102,unwant spread across cotton strip press cloth cloth along
126103,wax novel aesthet process wax beeswax appli uniform captur cloth paper strip quickli take
126104,monday crazi color stand paint differ color spring start thumb ultra ocean china glaze spontan acryl china glaze clover complet
126105,similar exactli wax surfac smooth silki feel reveal remov purpos wax doesnt anyth shouldnt differ qualiti treatment patch patch remov regrow speed
