passageId,passage
126166,splash ensur anim flash least great portfolio splash allow choos technolog server breakdown actual
126167,splash screen altern screen welcom screen splash screen introduct display program comput load boot exampl comput start splash screen display load typic splash screen includ imag compani sometim slogan pictur exampl splash screen comput comput boot
126168,rate avail video rent featur avail right pleas later splash known splash screen first given option continu content exampl power splash major
126169,usabl splash complet flaw enter splash splash right see splash
126170,first given option continu content splash promot compani servic product inform browser necessari order often splash consist anim graphic entic explor
126171,great portfolio splash allow choos technolog server breakdown actual
126172,splash screen version inform splash screen graphic control element window imag current version splash screen usual program
126173,describ introduct often splash splash cover entir screen simpli rectangl center screen splash oper expect usual cover entir screen
126174,splash usabl splash complet flaw enter splash splash right see splash splash break search
126175,splash introductori typic offer follow graphic anim flash movi choic enter
