passageId,passage
12652,pharmacist complet educ train master pharmaci degre preregistr train cours pharmaci
12653,assist pharmaci aid pharmaci varieti retail assist perform administr directli prescript need
12654,assist pharmaci aid pharmaci varieti retail
12655,pharmacist educ becom pharmacist begin least three undergradu studi sometim degre begin program undergradu focu chemistri biolog anatomi
12656,essenti inform assist pharmaci aid pharmaci varieti retail assist perform administr directli prescript need
12657,becom pharmacist doctor pharmaci degre pass score pharmaci colleg admiss complet undergradu program enrol pharmaci program
12658,pharmacist educ becom pharmacist begin least three undergradu studi sometim degre begin program
12659,undergradu pharmaci admiss requir fulfil level undergradu minimum three cours requir degre
12660,aspir complet least undergradu studi specif disciplin doctor pharmaci degre pharmaci school obtain licensur pass north american pharmacist licensur
12661,doctor pharmaci becom pharmacist accept accredit pharmaci program award profession doctor known doctor pharmaci degre
