passageId,passage
127066,brows mean total expand click underneath
127067,system send comput network asynchron requir receiv messag messag receiv messag receiv system
127068,exampl select automat variou reflect current usag contact express repres opinion feedback
127069,underneath categori altern slang mean
127070,plangent latin first strike sometim latin refer strike breast grief second mean lament
127071,lead sourc english audio exampl slang legal medic
127072,build vocabulari everi dictionari learn mean histori plangent avail newslett social plangent power poetri prose pound toll human heart knock
127073,brazil symbol known arroba measur michael brazil italian symbol known snail geoffrey allen pavia
127074,brows mean total comput slang expand click underneath
127075,payment either limit certain number
