passageId,passage
126996,salivari exocrin posit around caviti secret salivari content mouth mucosa initi digest mastic bolu readi
126997,human salivari gland salivari gland exocrin gland function produc saliva salivari gland digest break differ salivari gland paroti gland addit numer salivari debouch mouth
126998,salivari releas secret three salivari sublingu parotid gland releas saliva mix releas amylas breakdown mouth dylan
126999,salivari salivari gland exocrin gland function produc saliva salivari gland digest break differ salivari gland paroti gland addit numer salivari debouch mouth
127000,major saliva salivari serou mucin gland mix salivari gland ratio serou mucou respect parotid gland gland pure serou saliva sublingu gland minor salivari secret pure mucin saliva total daili output saliva adult saliva
127001,saliva primari reaction break state start process breakdown start product
127002,gland second major salivari three pair gland amount saliva account seventi percent total daili output sublingu papilla tongu
127003,three salivari sublingu parotid gland releas saliva mix releas amylas breakdown mouth make world better answer
127004,saliva spittl clear liquid mouth salivari mucou mouth mouth digest follow salivari gland
127005,serou salivari found mainli parotid gland secret amylas activ three specif serou salivari
