passageId,passage
127316,total stori decad whole cultur addict obsess betray turn georg wors sinc didnt obsess spiritu
127317,critic robert rank assort third album super delux edit record award surround sound album
127318,assort studio album blue derek novemb known titl track
127319,titl track album assort derek written woman infatu woman still marri georg
127320,derek thirteenth track album assort decemb
127321,sourc eventu root person becom friend georg guitarist european decemb
127322,alway stori behind georg triangl respect popular media angl stori stole georg
127323,assort peak billboard chart certifi album billboard britain peak number album televis network assort album roll stone rank number
127324,thank million squar garden concert thank inform send video search program exampl catcher video thank enjoy music
127325,consid definit unmistak guitar figur duan piano second
