passageId,passage
127346,heart puls number time heart minut normal heart person person know import heart puls number time heart minut normal heart person person know import gaug
127347,measur puls heart puls heart number time heart minut puls person person puls lower exercis blood exercis heart number time minut heart heart significantli respons adrenalin person frighten take puls direct measur heart
127348,normal rest heart minut gener lower heart effici heart function better cardiovascular exampl athlet might normal rest heart closer measur heart simpli check puls place index third exampl athlet might normal rest heart closer minut measur heart simpli check puls place index third windpip
127349,doctor normal heart rang defin note howev peopl outsid rang still consid normal exampl highli physic train frequent rest normal heart rang defin note howev peopl outsid rang still consid normal
127350,normal heart rang defin note howev peopl outsid rang still consid exampl highli physic train frequent rest normal heart rang defin note howev peopl outsid rang still consid normal
127351,continu chart normal rang rest heart puls rest minut accord caus normal heart activ level continu chart normal rang rest heart puls rest minut accord caus normal heart activ level
127352,older normal rest heart minut depend physic condit normal rest heart accord heart lower doesnt necessarili medic problem activ peopl often lower heart heart maintain steadi normal rest heart accord heart lower doesnt necessarili medic problem activ peopl often lower heart heart maintain steadi
127353,normal heart ideal rang adult heart regular rhythm evenli feel short breath discomfort consult normal heart rang defin note howev peopl outsid rang still consid normal
127354,heart rhythm specialist often heart judg normal school teach normal rest heart greater minut heart known formula heart heart unlik valu judg normal school teach normal rest heart greater minut maxim heart known formula heart heart unlik valu
127355,heart known puls number time heart minut normal heart individu heart whether person sit move medic impact heart normal rest heart accord heart lower doesnt necessarili medic problem activ peopl often lower heart heart maintain steadi
