passageId,passage
127703,weather climat summer winter month august averag maximum temperatur fahrenheit month januari averag minimum temperatur fahrenheit
127704,author expert weather washington histor weather washington climat report averag temperatur precipit monthli daili weather washington author expert weather
127705,current temperatur sourc local weather extend forecast
127706,washington weather weather weather climat summer winter month august averag maximum temperatur fahrenheit month januari averag minimum temperatur fahrenheit
127707,weather summer experi enjoy rather unbear
127708,world weather north america weather weather washington
127709,washington weather weather climat summer winter
127710,annual averag precipit winter wetter summer month decemb averag rainfal weather normal climat normal
127711,weather weather forecast sunday septemb nation weather forecast video extrem sever weather watch video
127712,reserv materi broadcast distribut sport weather local event coverag washington auburn mercer island creek everett
