passageId,passage
128233,thesauru relat fulli dictionari click thesauru categori head button entri relat mean contribut dictionari
128234,thesauru relat fulli dictionari click thesauru categori head button entri relat mean
128235,thesauru thesauru relat fulli dictionari click thesauru categori head button entri relat mean
128236,length ground whole
128237,thesauru thesauru relat fulli dictionari click thesauru categori head button entri relat mean
128238,thesauru relat fulli dictionari click thesauru categori head button entri relat mean
128239,length ground whole bare hardli margin minim scarc slightli superfici approxim roughli somewhat
128240,fulli book magazin produc broadcast revis summertim replac kick would normal broadcast summer
128241,fulli book fulli book magazin produc broadcast revis summertim replac kick would normal broadcast summer
128242,fulli book magazin produc broadcast revis
