passageId,passage
128922,respect democraci conch chapter mountain small right piggi signal larg island burn everyth chapter tri convey compuls track chapter beast simon chapter dark allegor novel english novelist william first
128923,ralph piggi chapter sound shell ralph fallen trunk right choir known evacu small squat beast simon chapter dark allegor novel english novelist william first
128924,studi guid chapter chapter chapter chapter chapter chapter chapter chapter chapter chapter chapter chapter charact metaphor analysi theme analysi william studi guid novel summari chapter novel summari chapter novel summari chapter novel summari chapter novel summari chapter novel summari chapter novel summari chapter
128925,studi guid novel summari chapter novel summari chapter novel summari chapter novel summari chapter novel summari chapter novel summari chapter novel summari chapter novel summari chapter studi guid novel summari chapter novel summari chapter novel summari chapter novel summari chapter novel summari chapter novel summari chapter novel summari chapter
128926,beast simon chapter dark allegor novel english novelist william first beast simon chapter dark allegor novel english novelist william first
128927,tribe ralph piggi castl warn beast tribe ralph piggi castl
128928,respons anoth argument hunt ralph hunt stuck build everyon pleasur bare ralph becom kill shred civil still beach ralph simon build ralph simon work fall apart everyon hunt
128929,ralph argu whether hunt import build savageri civil ralph simon island island ralph chapter becom kill shred civil still beach ralph simon build ralph simon work fall apart everyon hunt
128930,ralph furiou respons return jungl cover blood chant bizarr carri stake beach ralph piggi signal hurri rekindl flame
128931,ralph piggi glass light moment friendli toward ralph chang resent roast danc wildli around sing savageri beach ralph piggi signal hurri rekindl flame
