passageId,passage
129452,ginger ginger measur teaspoon ground ginger proof glass boil water cover saucer enough drink strain strainer coffe filter sweeten honey sugar desir
129453,addit treatment heartburn health ginger abund spice antibacteri antivir antiparasit found cancer effect often harm cancer common cough
129454,bring effect natur reflux ginger reflux wonder ginger reflux curios ginger reflux
129455,million suffer heartburn indigest might save pretti penni ginger treatment heartburn instead dollar reflux
129456,thank ginger heartburn partial respond would would make ginger juic never
129457,ginger natur gastrointestin tract deterr inflamm nausea treat heartburn care though drink ginger caus reflux caus heartburn worsen heartburn check express sole express sole
129458,ginger reflux ginger reflux tire everyday reflux control creat pocket worri effect
129459,ginger almost mythic place among natur particularli digest scienc effect digest morn sick pregnanc nausea motion sick whether ginger reflux common digest problem unclear
129460,ginger juic condit heartburn prick time eat regular
129461,abil speed stomach minim expel nausea might improv reflux bloat gastric aggrav reflux make stomach content like esophagu
