passageId,passage
129579,strength vinegar killer vinegar spray without effect vinegar broadleaf quickli first batch
129580,vinegar around addit culinari known great window cleaner disinfect stain remov carri right vinegar killer
129581,vinegar nonselect mean grass tri spray vinegar possibl paint vinegar brush vinegar contact foliag
129582,vinegar great doesnt peopl spend money product vinegar cheap peopl would avoid chemic vinegar natur except
129583,vinegar spray bottl make killer acet vinegar water break outer plant cuticl vinegar landscap work later anoth exampl
129584,achiev least amount north grass three cut never summer natur provid water water deepli overnight end
129585,vinegar vinegar dilut water choos spray there household vinegar around acet concentr trick growth
129586,kill vinegar question learn wonder daughter hire chemic compani speak vinegar acid achiev
129587,vinegar typic white vinegar groceri store vinegar acet water vinegar work young annual might requir sever
129588,includ bottom vinegar vinegar dilut water choos spray there effect signific caus damag surround
