passageId,passage
12980,squeamish sight blood first around water dri paper towel rooster upsid twist outer plier
12981,rooster firmli brace object tabl blade cope cauter wound blood
12982,cut simpl inner outer materi cut outer trick inner bleed first thing immobil
12983,blood vessel reach blood vessel still blood vessel withdraw littl trim round bleed difficult bleed consid veterinari caustic silver nitrat pencil
12984,trim older longer becom sharp point caus damag side mate
12985,trim grip firmli begin notic blunt option get top
12986,sever remov decid plier method remov outer sheath remov human almost painless rooster video show remov today procedur rooster
12987,trim rooster anoth young solder cauter growth anoth anoth anoth blade attach blade blood vessel bleed
12988,littl round keep suitabl length trim enough sharp
12989,rooster get walk safeti wonder answer
