passageId,passage
129969,possibl child abduct child confirm miss counti possibl miss child child abduct arizona child confirm miss wednesday spokesman incid wednesday citru oliv avenu
129970,close center arizona counti averag public school district better state averag qualiti
129971,arizona unincorpor commun counti arizona unit northwest phoenix donald nativ partner invest brandon gordon
129972,counti search search yellow right local specif need search sort combin respons search criteria
129973,librari arizona state public privat colleg univers librari provid inform borrow librari research librari
129974,start search busi counti yellow right local specif need search sort combin respons search criteria
129975,cover everi address inform canadian postal inform censu format summari nation state counti congression district north america
129976,counti arizona look rural counti arizona rural counti arizona hunt fish choos small acreag massiv
129977,canadian postal inform censu censu format summari nation state counti congression district
129978,popul statist great histori peopl around peopl approxim counti
