passageId,passage
130508,resolv disput person busi problem magistr court magistr court small court inform court money court quick inexpens process resolv defend unincorpor busi claim counti busi physic file plaintiff file charg serv defend counti rang approxim
130509,small court amount recov amount depend state process su busi small court rel inexpens uncompl quick visit small court local counti busi counti problem court clerk complaint complet input legal address defend compani corpor write legal corpor regist agent compani similar partnership busi busi
130510,file small court amount claim claim claim equal claim file small court amount claim claim claim equal claim
130511,lawyer enter connect lawyer serv small court dollar rise small court increasingli attract arena resolv busi quickli peopl busi sourc lawyer enter connect lawyer serv small court dollar rise small court increasingli attract arena resolv busi quickli cheapli
130512,overview court action someon money known make court claim known take someon small usual court money mediat servic could go court mediat imparti person side court action someon money known make court claim known take someon small court
130513,court action someon money known make court claim known take someon small usual court money mediat servic could go court mediat imparti person side court action someon money known make court claim known take someon small court
130514,input legal address defend compani corpor write legal corpor regist agent compani similar partnership busi busi input legal address defend compani corpor write legal corpor regist agent compani similar partnership busi busi
130515,usual natur disput court correct address defend order forward compani corpor corpor usual natur disput court correct address defend order forward compani owner
130516,file small busi readi small court overview process notic defend lawsuit given notic arrang serv defend small busi readi small court overview process notic defend lawsuit given notic arrang serv defend claim
130517,process take someon small court design anyon avoid attorney possibl receiv judgment littl money small process small court process process take someon small court design anyon avoid attorney possibl receiv judgment littl money
