passageId,passage
13100,magic resort discov matter everi month differ experi resort summer mostli quieter winter differ visit variou
13101,earth comprehens weather observ lightn detect climat deliv promis
13102,januari weather cooler shorter later month catch entertain first averag temperatur rang typic januari subject chang
13103,weather link separ weather inform nation weather servic forecast weather channel current forecast
13104,weather overview pari eastern franc capit climat temper mark differ weather rainfal moder fairli steadi round sudden
13105,sever heavi possibl tornado possibl heavi flood possibl valley central mississippi valley danger continu desert southwest florida
13106,weather southern california weather southern california sunni often though california weather known cloth morn even dramat beach
13107,weather latest weather regularli
13108,expand press control enter collaps press escap press enter navig collaps press escap expand press control enter collaps press escap press enter navig collaps press escap
13109,heavi sierra storm move produc pacif northwest northern california higher elev region elsewher heavi flood occur texa strong possibl
