passageId,passage
131988,slide filament model muscl contract myofibril known muscl fibril basic rodlik muscl compos tubular known muscl striat muscl contain consist primarili protein actin coil actin ladder along myosin climb gener motion thick consist primarili protein myosin place
131989,myofibril known muscl fibril basic rodlik muscl compos tubular known muscl striat muscl contain consist primarili protein actin coil actin ladder along myosin climb gener motion thick consist primarili protein myosin place
131990,human anatomi physiolog elain copyright educ benjamin figur anatomi skelet muscl fiber myofibril myofibril fibril complex organel compos actin filament thick myosin filament human anatomi physiolog elain copyright educ benjamin figur anatomi skelet muscl fiber
131991,muscl tissu found muscl contain protein actin myosin slide anoth contract length shape function produc forc motion skelet muscl voluntari muscl anchor effect skelet movement locomot postur
131992,muscl physiolog physiolog studi function live mechan physic biochemistri function energi transfer muscl physiolog concern muscl three discuss skelet muscl muscl fiber motor henc motor divid gener speak motor small slowli motor larg rapidli motor
131993,motor neuron motoneuron nerv neuron whose spinal whose fiber outsid spinal directli indirectli control effector mainli upper motor lower motor lower motor neuron upper motor corticospin aris motor cortex descend spinal activ lower motor synaps
131994,thick consist primarili protein myosin place myosin respons forc gener compos globular actin bind involv polymer myosin consist primarili protein actin coil actin ladder along myosin climb gener motion thick consist primarili protein myosin place
131995,human anatomi physiolog elain copyright educ benjamin figur neuromuscular junction termin motor neuron form neuromuscular junction muscl human anatomi physiolog elain copyright educ benjamin figur anatomi skelet muscl fiber
131996,collagen protein connect tissu abund protein make protein natur found exclus metazoa muscl tissu major compon endomysium collagen protein connect tissu abund protein make protein content
131997,learn structur skelet muscl fiber muscl anatomi physiolog skelet muscl fiber singl endomysium membran fascicl muscl structur skelet muscl fiber muscl anatomi physiolog
