passageId,passage
132058,southern median price tip scale march accord inventori demand continu drive southern median price tip scale march accord
132059,inform schedul appoint court medina inform schedul appoint court medina
132060,base median price march march accord newslett
132061,decid salon prefac say truck driver countri favorit place
132062,around median price southern median price tip scale march accord inventori demand continu drive market climb previou southland around price
132063,design reloc move
132064,recommend creativ salon massag polish salon salon salon salon salon angel salon brunswick brunswick
132065,howev expect anywher median rang project sinc substanti smaller typic rang outdoor instal heat swim instal heat system
132066,base median price march march accord cover patio swim eastern base median price march march accord
132067,meridian varieti massag beauti tranquil facil meridian varieti massag beauti tranquil facil
