passageId,passage
132338,menopaus lower estrogen osteoporosi occur number alcohol anorexia hyperthyroid surgic remov kidney diseas
132339,osteoporosi import often problem although lifetim fractur lower twice like fractur miner densiti measur osteoporosi
132340,osteoporosi introduct osteoporosi porou diseas becom like break without prevent treatment osteoporosi progress without commonli occur spine wrist although like osteoporosi diseas elderli osteoporosi common white asian older osteoporosi occur almost person
132341,pharmacotherapi osteoporosi treat osteoporosi
132342,million unit osteoporosi addit million fractur howev incid later
132343,osteoporosi import public health problem preval increas popul although tradit consid health issu mortal morbid higher
132344,osteoporosi often import osteoporosi higher mortal vertebr major
132345,osteoporosi diseas strength broken common reason broken among peopl commonli break includ forearm
132346,testosteron therapi benefici osteoporosi adequ intak calcium vitamin maintain educ regard includ exercis limit alcohol consumpt smoke cessat
132347,osteoporosi becom common white peopl affect common world depend method diagnosi affect diseas world unclear million million european union osteoporosi
