passageId,passage
132308,corpor inherit franchis inventori person incom unitari estat gibraltar tax first incom
132309,date elimin unfortun continu decept fraud import awar potenti might attempt
132310,nigerian emerg popular date notori henc peopl probabl wouldnt pursu relationship someon
132311,unclaim inherit histori welcom amaz mysteri stori roman holocaust survivor behind million inherit nobodi
132312,inherit threshold second highest world behind accord global studi hacker young threshold death unit level risen threefold decad
132313,person receiv share person properti subject inherit jurisdict deceas deced properti death
132314,world benjamin franklin certain death howev arent necessarili thing notori transfer fund offshor around world avoid higher recent studi super wealthi world approxim trillion abroad
132315,david prime minist grow pressur deliv pledg rais threshold inherit threshold second highest world rise hous leav expos photo
132316,unclaim inherit histori import welcom amaz mysteri stori roman holocaust survivor behind million inherit nobodi
132317,accord comptrol unclaim inherit histori state holocaust survivor leav unclaim inherit histori
