passageId,passage
132838,although dizzi occur peopl common among older dizzi caus older limit physic social dizzi common lighthead brief lightheaded usual result seriou problem
132839,nonspecif disequilibrium peopl difficult diagnos particularli elderli often dysfunct system
132840,migrain dizzi headach without headach stress anxieti particularli hyperventil breath abnorm quickli rest blood sugar level usual peopl diabet
132841,common symptom affect peopl primari set elderli present dizzi visit primari physician
132842,common symptom affect peopl primari set elderli present dizzi visit primari physician
132843,peopl learn sourc dizzi inner vestibular problem dizzi vestibular dysfunct percent popul older
132844,lightheaded treatment usual reliev lightheaded vomit diarrhea caus dehydr
132845,common dizzi common dizzi outlin labyrinth inner infect hear balanc sever dizzi vertigo migrain dizzi headach without headach
132846,blood sugar level usual peopl diabet postur hypotens sudden blood pressur suddenli stand lie common older peopl
132847,treatment usual reliev lightheaded vomit diarrhea caus dehydr rapid breath hyperventil anxieti stress tobacco alcohol illeg
