passageId,passage
132808,breast cancer treatment sometim brand endometri cancer nearli enough outweigh breast cancer
132809,rememb time breast cancer spread experi diseas start take respons medic
132810,estrogen therefor thought could prevent excess estrogen bind henc halt cancer form gener prevent breast cancer usual taken howev found caus cancer instead accord studi intern journal gynecolog cancer treatment breast cancer uterin cancer incid mortal
132811,common symptom endometri cancer abnorm bleed discharg regular period youv alreadi menopaus bleed discharg could warn
132812,take reduc breast cancer cancer limit carcinoma discuss take medic doctor
132813,financi might order afford miracl cancer stagger exorbitantli price shape treat caus problem pharmaceut decept
132814,treat breast cancer spread metastat breast cancer treat breast cancer certain surgeri radiat therapi reduc breast cancer medic block growth breast cancer
132815,stori although report state potenti seriou mention includ cancer correctli caus cancer detail
132816,accord american cancer societi endometri cancer small higher gener popul slightli uterin sarcoma cancer muscl uterin class known select estrogen respons
132817,caus cancer worri stori recent media although report state potenti seriou mention includ cancer correctli caus cancer detail research discov proven anticanc carcinogen known almost
