passageId,passage
133088,busi activ statement complet busi activ statement good incom withheld fring luxuri busi activ statement complet busi activ statement good incom withheld
133089,automat calcul enter manual enter manual screen automat overwrit follow complet whether report publish complet activ statement account bookkeep perform activ statement
133090,regist regist total busi turnov greater exempt profit provid travel regardless lodg either monthli quarterli monthli lodger month exampl januari payment februari
133091,impact certain calcul amount remov total remaind approv approv regularli work marri alway author general
133092,lodg lodg either paper report return lodg return portal account bookkeep whether report publish complet activ statement account bookkeep perform activ statement
133093,whether report publish complet activ statement account bookkeep perform activ statement select period statement whether report publish complet activ statement account bookkeep perform activ statement
133094,suspens account account collect post suspens account clear account lodg amount payabl refund post account suspens account account collect post suspens account clear account lodg amount payabl refund post account
133095,gener live requir approv regularli work marri alway author general approv approv regularli work marri alway author general
133096,report abus gener live requir approv approv regularli work alway author general approv approv regularli work marri alway author general
133097,busi activ novemb michael busi activ statement document australian taxat offic either monthli quarterli busi activ novemb michael busi activ statement document australian taxat offic either monthli quarterli basi
