passageId,passage
133158,acut often nonspecif therefor definit caus howev possibl acut infect tumor osteoporosi fractur inflammatori arthriti consid base histori physic examin tabl differenti diagnosi acut
133159,costovertebr angl tender confus inspir costovertebr angl spine imag human
133160,costovertebr angl tender costovertebr angl tender known relat renal angl tender sudden distent renal capsul detail inform costovertebr angl tender symptom checker effect
133161,acut common famili physician although recov quickli minim treatment proper evalu imper identifi seriou underli patholog
133162,common costovertebr angl tender includ renal arteri occlus inflamm trauma fractur muscl sprain
133163,associ medic costovertebr angl tender includ bleed blood urin mouth nerv oliguria associ
133164,costovertebr angl tender costovertebr angl tender introduct common symptom checker
133165,costovertebr angl tender section medic caus costovertebr angl tender simpl discuss addit inform costovertebr angl tender follow medic possibl costovertebr angl tender
133166,posit peopl infect around kidney perinephr abscess pyelonephr hemorrhag fever renal syndrom renal stone kidney directli anterior known costovertebr angl tap inflam tissu caus
133167,costovertebr angl tender known punch latin medic percuss overli kidney costovertebr angl angl vertebr column costal margin
