passageId,passage
134048,human weigh human weight complet skeleton gender weigh usual percent origin weight
134049,individu finit absenc trillion everi constant cycl death renew take place throughout wast urin fece result burn drink filter
134050,human lifetim averag human adult approxim lifetim consid averag would equat approxim
134051,accord human dynam classic mechan human movement averag percentag weight trunk chest abdomen thigh
134052,human weigh adult human averag weigh right right section make slightli peopl found use
134053,human eyebal weigh accord averag human eyebal approxim ounc quot figur ounc base total volum lower figur accur
134054,excret everi machin great effici predict seamlessli usual thought
134055,organ despit maxim think averag squar mile blood three sweat weather sweat peni
134056,introduct human consid organ surfac averag adult total weight thick throughout exampl walk sole
134057,least respond touch experi reveal concentr tongu peni pressur weight
