passageId,passage
133998,within follow north hollywood reseda sherman burbank granada north fernando valley sunland canada
133999,locat within follow north hollywood reseda sherman burbank granada north fernando valley sunland canada
134000,california mostli fernando valley north
134001,state digit telephon roughli uniqu phone north hollywood
134002,california mostli fernando valley north
134003,notabl burbank california frequent spot burbank go normal groceri shop fill
134004,finder detail inform major within list outsid california found
134005,state california cover burbank
134006,entertain young equal enjoy live notabl burbank california
134007,state california cover burbank
