passageId,passage
13430,exampl ground henc linear linear nonlinear import given signatur function algebra
13431,sampl sampl space scale factor scale scale scalen scatter diagram scatter scientif notat score second section sector sector graph segment semicircl sequenc seven seventeen shape
13432,abstract algebra modern mathemat algebra defin algebra usual associ number system gener vector
13433,trigonometri branch mathemat side angl right trigonometr cosin tangent trinomi algebra equat
13434,exampl built constant variabl binari function atom formula valu
13435,three separ context monomi coeffici collect polynomi basic oper make linear combin distinct
13436,mathemat object domain discours constant object domain variabl domain function
13437,analog natur languag phrase object whole sentenc mathemat logic mathemat object formula mathemat particular appear formula
13438,collect seri often sequenc gener mathemat howev limit addit individu express product multipl inde individu mathemat express
13439,elementari mathemat either singl number variabl product sever overal express exampl
