passageId,passage
134328,sinu pressur infect later mucu easier cough mucu includ
134329,diseas breath oxygen deliv oxygen normal breath nearli time peopl diseas difficulti breath
134330,edward cancer though benign small tissu quit common appear round white chest tomographi usual nodul that like cancer smaller nodul doctor nodul help compar current chest previou
134331,diseas found diseas breath oxygen deliv oxygen normal breath nearli time peopl diseas difficulti breath million peopl diseas
134332,similar protect effect reduc note daili aspirin
134333,that vitamin multipli quickli line colon constantli turn could prevent theoret could prevent cancer
134334,bronchiti chronic sinus asthma nasal fleshi insid weight mucu breath pancrea collect sticki mucu seriou digest
134335,nasal polyp remov doctor recommend surgeri remov nasal obstruct breath sever breath increas resist treat transplant
134336,archiv morn effortlessli substanti reduc second deadli cancer aspirin cereal
134337,colon morn effortlessli substanti reduc second deadli cancer aspirin cereal
