passageId,passage
134318,ascend colon colon transvers ascend colon smaller calib ascend colon colon transvers colon
134319,anatomi colon portion larg intestin divid ascend transvers descend sigmoid colon click transvers colon region colon ascend colon descend abdomin caviti transvers right colon portion larg intestin divid ascend transvers descend sigmoid colon click transvers colon region colon ascend colon descend colon
134320,ascend colon right colon begin colon usual right extend upward although colon continu structur piec consid ascend colon colon liver colon larg intestin water partial digest valv separ small intestin materi flow small intestin ascend colon colon abruptli form right colic flexur hepat flexur
134321,descend colon larg intestin extend spleen sigmoid descend colon rectum colon place peritoneum layer tissu abdomin colon colon larg intestin final digest system function reabsorb process wast prepar elimin
134322,ascend colon major colon larg intestin ascend colon fece superiorli along right abdomin caviti transvers ascend colon bacteria digest transitori fecal matter order releas ascend colon fece superiorli along right abdomin caviti transvers colon ascend colon bacteria digest transitori fecal matter order releas
134323,descend colon colon larg intestin final digest system function reabsorb process wast prepar colon descend colon ascend colon transvers colon sigmoid colon colon larg intestin final digest system function reabsorb process wast prepar elimin
134324,first middl colon proxim colon pouch small intestin colon ascend colon right colon transvers colon colon across right side health proxim colon pouch small intestin colon ascend colon right colon transvers colon colon across right side colon health glossari
134325,colon larg intestin ileum small intestin first colon lower right colon divid ascend colon right abdomen transvers colon across abdomen descend colon abdomen sigmoid colon short colon rectum colon water form colon larg intestin ileum small intestin first colon lower right abdomen colon divid
134326,colon abdomin caviti divid follow ascend colon transvers descend colon sigmoid rectum right colon ascend colon transvers segment colon abdomin caviti divid follow ascend colon transvers descend colon sigmoid rectum right colon ascend colon
134327,section larg intestin colon hypochondrium lumbar along kidney ultim sigmoid section larg intestin colon hypochondrium lumbar along kidney ultim sigmoid colon
