passageId,passage
134815,avoid color review cogniz affect shade color strand return priceless perman color often mix equal ratio
134816,level second color level usual describ natur black natur color peopl natur black along level black refer color chart drugstor black level medium black level color peopl whose natur color level level
134817,natur color level level color exampl natur level brown level color level level
134818,share color level brown common natur color commonli found common burgundi usual mahogani burgundi level everyon natur color level level
134819,level second color level usual describ natur black natur color peopl natur black along level
134820,color secret spectacular color understand higher color lighten formula lower color depth formula volum peroxid prefer higher volum peroxid chanc brassi
134821,level second color level usual describ natur black natur color peopl natur black along level black refer color chart drugstor black medium black
134822,color mix develop color higher number level color greater lighten abil color differ higher level color lighten lower level avoid brassi color togeth simpl mathemat formula determin result color level natur color level level color exampl natur level brown level color level level divid total divid
134823,level color level brown common natur color commonli found level common
134824,fandom season season season final worst letter could drive stark apart
