passageId,passage
134825,former includ latter includ rang number known insecticid alloxan
134826,includ block collect movement
134827,elizabeth physician definit anxieti disord anxieti disord diagnost sever anxieti panic alcohol
134828,movement block action commun place necessari differ
134829,induc lupu perman eventu disappear take medicin lupu doctor prescrib treat
134830,steroid induc syndrom probabl wide diabet canadian studi found childhood diabet medic categori
134831,constip induc constip induc induc constip condit bowel infrequ incomplet effect compar associ constip induc follow relat treatment condit
134832,howev block action still caus movement includ lithium carbon class select
134833,lupu certain caus temporari lupu take medicin typic within usual milder typic lupu central nervou system rare affect
134834,diabet introduct diabet diabet diabet diabet metabol insulin associ acut chronic diabet manag
