passageId,passage
135145,bacteria staphylococc dandruff scalp seborrh blephar commonli anterior blephar occur combin commonli result eczema infest infest
135146,posterior blephar inflamm inner surfac eyelid diagram figur includ tissu posterior surfac eyelid affect posterior blephar
135147,blephar inflamm becom itchi scale common disord either bacteria condit dandruff scalp peopl
135148,treatment blephar inflamm anterior blephar becom infect posterior blephar becom block inflam
135149,posterior blephar describ inflammatori posterior margin caus includ infecti allerg conjunct system first chicken
135150,treatment first treatment posterior blephar peopl anterior blephar depend caus eyelid hygien warm cleans regularli
135151,treatment chronic diseas blephar typic classifi anterior posterior anterior blephar curabl posterior blephar chronic incur diseas caus treat accord medic director ocular surfac center miami
135152,blephar includ tender eyelid acut infect eyelid chalazion condit follow develop usual painless inflamm eyelid
135153,treatment specif blephar treat blephar keep clean blephar rare complet maintain eyelid hygien routin
135154,blephar treatment anterior blephar bacteria antibiot treatment blephar demodex clean base
