passageId,passage
135095,eldest child warren annett reveal public servic announc urg chang regul peopl
135096,eldest child hollywood power coupl stephen junior student prestigi sarah lawrenc colleg famou stephen first annett warren outspoken activist commun involv super
135097,annett celebr biographi alist movi start region theater move nomin broadway debut coastal
135098,rate birthday birthplac although recognit marriag warren annett establish actress capabl notori
135099,junior product sound music spent charter broadway debut coastal receiv nomin
135100,henri warren march better known warren american actor nomin fourteen academi actor pictur director three origin screenplay screenplay win director
135101,annett annett american actress american beauti childhood earli act career annett shirley grant mother church singer father insur salesman
135102,marri actress annett sinc stephen januari benjamin august isabel januari april eldest stephen
135103,annett carol shirley soloist church singer grant insur salesman german british ancestri famili california young
135104,annett although recognit marriag warren annett establish actress capabl notori
