passageId,passage
136525,salari retir almost green start glide asset time salari annual contribut
136526,assum annual return annual start salari rise salari birthday start save asid salari save retir
136527,exampl guid save among continu contribut salari annual retir
136528,salari save asid doubl salari save although great salari save asid reach
136529,assum annual return annual salari birthday rise salari birthday salari save asid reach
136530,assum annual return annual salari birthday rise salari birthday salari save asid doubl salari save
136531,begin save workplac retir continu without interrupt start make annual salari contribut equal rais figur percentag point save
136532,start save asid salari save retir start save asid reach
136533,time salari right start glide point forward salari retir almost green start glide
136534,figur retir first estim futur incom grow current incom inflat salari growth determin annual retir
