passageId,passage
137271,follow addit might help balanc cover avail store secondari endolymphat hydrop diagnost vestibular vestibular rehabilit effect treatment
137272,treatment vestibular neuriti walker treatment vestibular neuriti treat
137273,caus acut vertigo abrupt discontinu select inhibitor caus vertigo
137274,vestibular neuriti disord nerv inner nerv nerv balanc posit inform inner brain nerv becom swollen inflam inform would normal brain
137275,vestibular acut sustain dysfunct peripher vestibular system secondari nausea vomit vertigo condit clearli inflammatori natur often refer vestibular neuropathi
137276,vestibular system diseas injuri damag system vestibular disord dizzi troubl balanc common hear vision common vestibular
137277,vestibular neuriti labyrinth typic includ dizzi vertigo disequilibrium imbal nausea acut dizzi constant often precipit sudden sudden common problem motion
137278,vestibular neuriti vestibular occur peopl rare vestibular neuriti rang dizzi violent spin sway sensat vertigo includ nausea vomit difficulti vision concentr
137279,treatment patient acut episod peripher vestibular controversi often uncertain assum vestibular neuriti result viral inflamm vestibular nerv treatment stop inflamm
137280,vestibular neuriti labyrinth acut vestibular neuriti symptomat mean given nausea reduc dizzi vestibular typic
