passageId,passage
138351,reflex anim sensori neuron motor neuron defin presenc singl chemic reflex autonom reflex affect inner somat reflex affect
138352,describ reflex reflex anim sensori neuron motor neuron defin presenc singl chemic reflex connect affer sensori effer motor simpl inhibit within spinal
138353,reflex typic receptor sensori neuron stimulu sensori affer neuron nerv along affer pathway toward central nervou system integr center synaps motor effer neuron nerv impuls along effer pathway integr center reflex typic receptor sensori neuron stimulu
138354,answer reflex neural pathway nerv impuls reflex typic receptor sensori neuron stimulu sensori affer neuron nerv along affer pathway toward central nervou system integr center synaps motor effer neuron nerv impuls along effer pathway integr center reflex typic receptor sensori neuron stimulu
138355,reflex neural pathway reflex action higher sensori directli brain synaps spinal reflex autonom reflex affect inner somat reflex affect
138356,search receptor sensori neuron motor neuron motor innerv peripher nervou system least associ neuron central nervou system conduct passageway reflex arch reflex basic includ receptor sensori neuron center motor neuron effector receptor dendrit sensori neuron initi entir process initi nerv impuls
138357,maintain simplic three involv reflex reflex basic includ receptor sensori neuron center motor neuron receptor dendrit sensori neuron initi entir process initi nerv reflex basic includ receptor sensori neuron center motor neuron effector receptor dendrit sensori neuron initi entir process initi nerv impuls
138358,stretch reflex figur stretch reflex therefor sometim neuron reflex sensori motor neuron sensori neuron stretch extens muscl normal antagonist artifici tendon stretch reflex figur stretch reflex therefor sometim neuron reflex sensori motor neuron sensori neuron stretch extens muscl
138359,characterist reflex occur rel quickli spinal motor without delay rout brain although brain receiv sensori input reflex carri signal place action reflex autonom reflex affect inner somat reflex affect
138360,therefor basic reflex sensori associ nerv motor nerv ultim muscl gland reflex includ within spinal brain prior stimul motor basic reflex sensori associ nerv motor nerv ultim muscl gland reflex includ within spinal brain prior stimul motor nerv
