passageId,passage
138571,bought anim cross special edit daughter wonder separ separ mayor
138572,anim cross anoth option choos salon choos charact remov
138573,multipl individu system everi random system memori tri result forc
138574,multipl individu system everi random system memori
138575,first player becom mayor player would experi mayor player obtain anim cross player anim cross becom mayor
138576,anim cross option
138577,final alway video anim cross remov simpl editor editor
138578,eras anim cross complet clean video rememb leav subscrib
138579,anim cross famili member friend regular basi possibl creat separ
138580,select anim cross delet extra pleas delet version pleas care delet extra block storag
