passageId,passage
138638,leader reduc anxieti nervous like potenti fortun social structur household matter young standard leash leash there enough without front leader alway
138639,leader prove leader alway ahead enter leav charg confid standard leash leash there enough without front leader alway
138640,leader leader leader realli import whole hous never spoil leader leader realli import whole hous treat never spoil
138641,number commun leader besid behind human hold higher posit given domin consid challeng power domin frame contact challeng whoever first
138642,place human happi confus exhibit unwant number commun leader higher posit given domin consid challeng power domin frame contact challeng whoever first
138643,rate answer realli right front someth someth realli spoil time leader leader realli import whole hous treat never spoil
138644,everi need leader listen ador without leader alpha forc understand relat success manner leader individu domin societi individu alpha member
138645,charg behavior teach member start train learn standard leash leash there enough without front leader alway
138646,train cancel teach leader alpha disciplin train easier healthi relationship leader disciplin affect certifi trainer video train cancel teach leader alpha disciplin train easier healthi relationship owner
138647,leader stay activ healthi thrive minut mental physic healthi inact becom restless standard leash leash there enough without front leader alway
