passageId,passage
138856,local commun action global climat resili becom prioriti although could signific amount theori practic
138857,climat resili gener defin capac system absorb maintain function extern climat chang adapt reorgan evolv desir improv system leav better
138858,result inflat fallaci definit behavior environ health resili factor distinct differ recoveri resili
138859,current major regard climat resili center around examin capac sustain maintain integr function extern
138860,express public necessarili depart defens although commonli resili outlin difficult whether valid reliabl resili defin variou
138861,rise awar climat chang nation intern build climat resili becom major
138862,express public necessarili depart defens resili dougla
138863,howev emerg offer resili misunderstood resili construct tradit consist complet measur definit definit ambigu partli incorrectli appli result asymptomat often resili
138864,attribut resili attribut commun resili inher dynam commun adapt commun adapt advers
138865,climat resili function absorb shock primari concept climat adapt
