passageId,passage
140249,maximum thick regular envelop letter ounc tabl ounc round weight ounc price
140250,price decreas accord postal servic price decreas first nearli centuri accord money unit postal servic lower sunday april happi chang howev billion
140251,price decreas stamp price
140252,media start instead packag prioriti express intern averag increas prioriti intern averag increas
140253,price stamp first class letter today
140254,categori first class postag postag decreas addit ounc april updat first class decreas
140255,postag stamp effect april price first class ounc letter unit offic mail within unit continu appli extend indetermin period
140256,anoth prior januari price first class letter unit offic introduct global forev stamp deliveri anywher world
140257,april updat categori first class postag postag decreas addit ounc
140258,current price stamp letter ounc price letter ounc tabl ounc round weight ounc price letter maximum regular envelop would larg envelop
