passageId,passage
140949,unit unit averag annual compens earn occasion includ profit stretch around approxim group mostli affect experi level specif employ earn occasion includ profit stretch around approxim earn group mostli affect experi level specif employ geographi
140950,actuari salari april money articl typic start actuari amount univers overview actuari note quickli increas salari nearli pass sever initi financi certif amount univers overview actuari note quickli increas salari nearli pass sever initi financi certif
140951,accord bureau labor statist averag salari individu statist purpos forecast averag compens accord bureau labor statist averag salari individu statist purpos forecast averag compens
140952,learn experienc potenti annual compens significantli accord experi industri geograph region salari inform base latest actuari salari survey anoth sourc salari inform unit actuari salari survey survey split properti casualti health
140953,salari industri industri influenc salari annual work insur accord work manag scientif consult averag annual figur averag field consider lower accord experi rang decemb
140954,averag salari overview accord bureau labor statist averag salari figur averag field consider experi rang decemb figur averag field consider lower accord experi rang decemb
140955,accord bureau labor statist averag salari figur averag field consider lower accord experi rang decemb
140956,potenti profit peak respect total payment bottom depend individu francisco impress nation averag percent cushi percent percent percent boston percent
140957,francisco impress nation averag percent cushi percent percent percent boston francisco impress nation averag percent cushi percent percent percent boston percent
140958,median compens bonu overtim experi gener obtain higher compens plenti experi experi earn occasion includ profit stretch around approxim earn group mostli affect experi level specif employ geographi
