passageId,passage
141519,digitali digitali strengthen forc heartbeat increas amount calcium heart digitali control irregular heart start sinoatri
141520,digitali major sourc foxglov congest heart failur reliev associ fluid retent edema irregular heartbeat atrial fibril flutter asthma epilepsi tuberculosi constip headach spasm caus vomit heal wound
141521,digitali treat congest heart failur heart rhythm atrial digitali increas blood throughout reduc swell
141522,heart diseas although foxglov effect heart danger peopl heart diseas need profession kidney diseas peopl kidney clear foxglov system
141523,digitali control irregular heart start sinoatri number travel atrioventricular
141524,treat irregular heartbeat decreas blood effect reduc heart attack stroke class cardiac work affect certain sodium potassium insid heart strain heart maintain normal steadi strong heartbeat
141525,calcium heartbeat digitali control irregular heart start sinoatri number travel atrioventricular
141526,digitali strengthen forc heartbeat increas amount calcium heart calcium heartbeat medicin heart muscl sodium potassium
141527,treat heart failur usual along treat certain irregular heartbeat chronic atrial fibril treat heart failur maintain abil exercis improv strength heart
141528,foxglov plant although plant ground medicin foxglov unsaf
