passageId,passage
141489,nebula latin cloud nebula nebula interstellar cloud hydrogen helium origin nebula diffus astronom object beyond milki nebula known depend origin cloud form nebula form sometim known young loos cluster nebula form result supernova death massiv
141490,outer begin expand shine brightli expand giant giant stage helium outer drift gaseou shell planetari planetari nebula outer begin expand shine brightli expand giant giant stage helium outer drift gaseou shell planetari nebula
141491,nebula latin cloud nebula nebula interstellar cloud hydrogen helium nebula known depend origin cloud form nebula form sometim known young loos cluster nebula form result supernova death massiv
141492,howev hydrogen contract weight graviti howev hydrogen fusion occur upper upper caus outer expand radiu increas becom radiu giant beyond orbit point becom enough caus helium howev hydrogen contract weight graviti howev hydrogen fusion occur upper upper caus expand
141493,emiss nebula usual hydrogen common univers commonli light reflect nebula simpli reflect light nearbi reflect nebula usual light nebula larg form insid cloud light cloud make visibl format emiss reflect nebula famou orion nebula shown pictur right
141494,billion shuck outer creat beauti shell diffus known planetari eventu collaps outer shell spread vast space
141495,nebula includ emiss nebula light variou color nebula dens background light block nebula occur outer becom planetari eventu collaps outer shell spread vast space
141496,nebula gravit collaps interstellar medium materi weight massiv center ultraviolet radiat surround make visibl optic nebula known depend origin cloud form nebula form sometim known young loos cluster nebula form result supernova death massiv
141497,eventu helium point eight time massiv enough pressur start nebula larg form insid cloud light cloud make visibl format emiss reflect nebula famou orion nebula shown pictur right
141498,night thousand visibl unaid mostli hydrogen exampl typic ordinari starn nebula larg form insid cloud light cloud make visibl format emiss reflect nebula famou orion nebula shown pictur right
