passageId,passage
141789,definit ocean plate tecton plate plate mostli basalt basalt think ocean plate plate ocean tecton boundari ocean either move anoth crust form move toward dens ocean plate subduct beneath dens plate peopl found use
141790,ocean crust uppermost layer ocean tecton plate crust uppermost layer mantl crust solid mantl layer togeth compris ocean earth togeth crust result mantl materi plate chemic mostli scatter power known flood basalt earth togeth lithospher ocean crust result mantl materi plate chemic
141791,tecton subduct underneath mantl mantl hotter layer crust tecton transport continent crust ocean crust crust continent crust subduct ocean crust usual mantl beneath lighter continent transport continent crust ocean crust crust ocean crust continent crust subduct ocean crust usual mantl beneath lighter continent crust
141792,compression destruct boundari move toward usual continent plate ocean plate ocean plate continent plate togeth ocean plate forc underneath continent point subduct ocean plate forc continent plate magma trigger magma magma chamber magma chamber region surfac earth molten magma magma continent usual continent plate ocean plate ocean plate continent plate togeth ocean plate forc underneath continent plate
141793,subduct plate normal plate ocean crust beneath plate either ocean continent crust continent larg mountain exampl subduct along western coast south america ocean plate beneath continent south american plate
141794,ocean tecton continent tecton ocean mainli found plate ocean plate continent continent tecton plate lighter ocean tecton continent mainli found plate continent plate ocean plate
141795,tecton boundari ocean either move anoth crust form move toward dens ocean plate subduct beneath dens plate peopl found use tecton boundari ocean either move anoth crust form move toward dens ocean plate subduct beneath dens plate peopl found use
141796,plate tecton converg boundari known destruct plate boundari subduct activ region tecton lithospher toward anoth exampl subduct along western coast south america ocean plate beneath continent south american plate
141797,continent continent tecton plate lighter ocean tecton continent mainli found plate continent plate ocean continent tecton plate lighter ocean tecton continent mainli found plate continent plate ocean plate
141798,natur converg boundari dens ocean plate continent plate ocean plate typic thrust underneath greater buoyanc continent lithospher form subduct exampl subduct along western coast south america ocean plate beneath continent south american plate
