passageId,passage
141819,premier leagu footbal world footbal money leagu list seven premier leagu season wherea leagu tabl
141820,pendragon start season season end august season novemb releas patch season conclud novemb extend offici novemb season season believ season leagu exactli close championship seri around
141821,sinc incept premier leagu titl manchest unit arsen manchest current titl
141822,leagu length common latin america although longer offici nation leagu frequent distanc person hors usual mile
141823,singl night dig account minut seri month
141824,english leagu statut mile french spanish leagu mile respect metric leagu nautic leagu nautic leagu fathom statut british nautic admiralti
141825,examin rhythm major leagu basebal sought address problem issu direct speak snappi around
141826,season premier leagu associ arsen villa fulham manchest manchest unit newcastl unit hotspur
141827,first divis resign footbal leagu mass premier leagu form limit compani work offic footbal headquart lancast
141828,premier leagu footbal leagu world broadcast million potenti audienc billion peopl
