passageId,passage
142139,colorado anyon colorado geolog state beauti rocki array beauti state
142140,colorado thirti facet diamond produc unit found colorado offici state aquamarin beauti miner mostli found around level mount
142141,howev madagascar weigh emerald content known pearl found filipino diver island
142142,notabl found colorado includ amazonit garnet topaz tourmalin lazuli quartz crystal smoki quartz amethyst turquois peridot sapphir zircon agat chalcedoni jasper found
142143,found eighteen popular highli sought except beauti rhodochrosit crystal known display natur scienc museum
142144,diamond found discov colorado diamond carat yellow stone diamond found north america
142145,record earth stone found mine compani august north provinc south found diamond world record golden jubile found weigh
142146,valuabl stone topaz mountain mountain counti north georg notabl topaz state colorado occur follow counti wigwam creek
142147,miner could ornament jewelri usual color beauti rariti endur often polish bring natur beauti piec
142148,diamond diamond defunct diamond colorado state kimberlit district border kimberlit volcan
