passageId,passage
142069,total recoveri rotat surgeri complet happi outcom relief recoveri predict function rang alway predict
142070,shoulder reduc swell everi three longer sling shoulder prevent injuri medic treatment follow advic whether sling
142071,shoulder reduc swell everi three longer sling shoulder prevent injuri medic treatment
142072,total recoveri rotat surgeri complet happi outcom
142073,quickli recov seriou shoulder injuri period disloc longer everyon differ
142074,treat either injuri shoulder reduc swell everi three longer
142075,treatment would shoulder treat either injuri shoulder reduc swell everi three longer
142076,tuesday frozen shoulder slowli post spark clinic right shoulder get wors rather better though
142077,shoulder percent shoulder requir manipul restor normal anatomi occasion rotat injur fractur
142078,diagnosi frozen shoulder distress especi given length resolut stiff whether major frozen improv cours sometim
