passageId,passage
142964,right garag carport build contractor whether garag construct carport right contractor resourc uniqu project construct help
142965,steel build industri garag highest qualiti market unit would elsewher start today
142966,carport garag solut carport whether freestand carport carport carport awn concret floor portabl shelter model alon
142967,spend anywher purchas instal carport small structur price rang reach higher averag howev expens build carport expens build garag sinc lower labor
142968,price match compar build competitor delay contact garag provid custom metal agricultur steel
142969,expect anywher around basic garag concret floor standard garag littl extra space mower equip
142970,garag carport build build garag carport fortun order garag build workshop carriag hous carport storag build
142971,construct carport comput base ensur precis cut quick assembl minim skill construct note carport built fraction build garag
142972,construct note carport built fraction build garag construct classif wherea build garag involv process carport project usual consid outbuild doesnt requir consent
142973,carport absolut steel steel typic convent ship driveway anywher continent unit choos size price today
