passageId,passage
14335,process reveal vertic horizont comput account hidden unhidden click start button bottom start search enter interfac section check uncheck ruler reveal vertic horizont respect hidden remain particular account
14336,recent comprehens accident move adjust charact space width effect attent border graphic inform often
14337,print layout vertic ruler option turn option choos ruler vertic scroll option choos select ruler check
14338,align graphic tabl document horizont vertic horizont ruler across document vertic ruler along document although horizont ruler visibl layout might print layout experi
14339,version wonder ruler default ruler print layout inclus ruler remind differ particularli import work margin size matter guid default enabl ruler pleas section appli click offic ribbon check ruler group visibl section guid appear
14340,horizont vertic print layout vertic ruler option turn click ruler vertic scroll vertic ruler click offic button click click advanc
14341,vertic ruler click offic button click click advanc display select vertic ruler print layout check
14342,choos advanc display select vertic ruler print layout check accept default set choos differ measur choos
14343,vertic ruler choos advanc display select vertic ruler print layout check accept default set choos differ measur choos inform
14344,default horizont vertic hidden reveal mous alway vertic horizont start offic packag
