passageId,passage
143312,approxim deliveri time first class california
143313,first class arizona first class three first class first class three busi unless extra
143314,transport deliveri offic carrier taken truck offic station branch carrier work carrier letter motor vehicl deliveri addresse
143315,unit postal servic first class reserv express prioriti parcel bound print matter media includ feder express common busi wait packag auction amazon yahoo
143316,quick answer unit postal servic regular deliveri first class standard first class typic within three busi depend locat standard typic within eight busi
143317,busi afford lightweight perfect busi person correspond lightweight merchandis forev stamp price stamp price
143318,unit postal januari averag three arriv destin prioriti averag arriv accord packag stay transit offic busi usual leav addit
143319,unit postal servic first class servic weigh deliveri frame first class normal busi
143320,letter postal servic percent local overnight score overnight deliveri score histori extern measur program assess measur independ consult recent board meet francisco
143321,unit postal servic first class reserv express prioriti parcel bound print matter media includ feder express common busi wait packag auction amazon yahoo
