passageId,passage
143801,sever technolog licens process technolog
143802,global industri billion econom activ around globe simpl alcohol virtual anyth plant
143803,economi hydrogen economi effici energi storag volum compress hydrogen liquid hydrogen infrastructur would prohibit expens blend gasolin exampl mixtur gasolin friendli
143804,homemad substitut small cleaner gasolin knock engin higher octan
143805,natur product primari liquid petrochem renew nonrenew fossil carbon hydrogen carbon alcohol colorless tasteless liquid commonli known alcohol chemic grade transport market
143806,catalyst along addit convert initi mix water easili distil
143807,altern intern combust either combin gasolin directli race receiv attent ethanol altern gener ethanol toxic higher energi densiti although expens produc expens reduc carbon footprint howev engin
143808,understood recent synthesi could attract current percent product deriv methan compon natur
143809,basic produc biolog oxid methan methan reduct formaldehyd dehydrogenas reaction normal work revers direct
143810,great import understand possibl prepar accordingli corros natur methan essenti equip storag corros resist could spill
