passageId,passage
144067,appl watch edit devic appl watch magnet charg appl watch charg devic charg screen appl watch appl watch charg
144068,gener batteri inform appl watch capabl batteri batteri overnight charg minut workout
144069,power reserv batteri charg percent appl watch power reserv batteri watch automat power reserv learn maxim batteri
144070,exact run charg devic night could look devic inform appl batteri becom avail
144071,test appl august appl watch seri appl watch seri appl watch edit pair test prereleas charg time includ appl watch magnet charg cabl
144072,gener batteri inform appl watch capabl batteri batteri overnight charg minut workout
144073,batteri base follow minut workout music playback appl watch cours
144074,improv batteri that go topic differ futur interest first charg watch
144075,charg appl watch batteri learn appl watch today power health there nag absenc inform devic need
144076,current watch accord present overnight induct charger special magnet attach bottom devic
