passageId,passage
145017,definit anybodi around gener intellig say drink anybodi tabl realiti alway first chick everyon ninja didnt doesnt sailor jerri
145018,french mean margot french french mean margot pearl greek mean margot greek greek mean margot pearl american mean margot american american mean margot pearl persian mean margot persian persian mean margot child light
145019,sentenc chang locat perman person nation
145020,gener pronounc rank popular given popular popular trend sinc compar popular variant spell margot miner categori
145021,english definit english
145022,addit margot english scottish margaret eastern european english french german margot english french marguerit english french english french variant margot margot unusu usag peak modestli given margot
145023,nautic french similar european often place trade basi histori mytholog religion natur
145024,margot gener pronounc margot rank popular given margot popular popular trend margot sinc compar popular margot
145025,margot nautic french similar european often place trade basi histori mytholog religion natur
145026,letter alphabet sound spanish sound greek sometim latin meant singular person pronoun phrase pizza spanish
