passageId,passage
145287,notic straight numer meant diagnosi treatment common languag medic bill worth approxim excess carol approach medic bill reimburs
145288,intern classif tenth edit clinic system effect industri seri lengthi
145289,exampl accord convers polit gener opposit amount
145290,transit limit medic outdat limit expans current medic
145291,variabl diagnosi discoveri name wrong someon someth work properli identif examin opinion conclus
145292,medic definit diagnost diagnosi yield diagnosi diagnost servic diagnost
145293,plural diagnos variabl diagnosi discoveri name wrong someon someth work properli second confirm diagnosi appear diagnosi difficult
145294,object determin ident diseas ill medic examin doctor ill influenza ascertain caus natur disord malfunct problem mechan troubl engin knock
145295,definit diagnosi diagnosi diagnosi discoveri name wrong someon someth work properli second confirm diagnosi appear diagnosi difficult
145296,intern classif tenth revis clinic modif system categor treatment receiv american
