passageId,passage
14581,effici effect sector enabl forum march group
14582,certainti allow disburs issu interest sinc relat remuner system increas profession still problemat state revenu telecommun sector
14583,court determin whether repair whether definit repair court appeal court found carri bestow skill labour money aircraft
14584,network network intern gateway resort univers asset manag public compani limit institut technolog
14585,profession profil busi network help discov insid industri busi
14586,busi nobodi regist compens advis repres problem didnt interest whack
14587,access third countri south sinc becom popular access differ countri million peopl regular access popul accord survey speed behind japan china readili
14588,
14589,definit specif relat dynam base assum organ perform common creation common decis make
14590,check spell grammar document version statu statu releas tabl transfer stock breakdown structur center order materi statu warranti exist statu
