passageId,passage
146247,proper techniqu import adher follow techniqu trainer usual learn proper techniqu faster begin
146248,strength confid strength confid realli instead link togeth come
146249,januari place littl apart stand close touch leverag point outward angl grasp
146250,alway articl focu techniqu place littl apart stand close touch point outward angl grasp
146251,thought exercis howev strength build problem come still defeatist actual believ strong enough perform heavi weight
146252,found thought exercis howev strength build problem come still defeatist
146253,transform health work major upper lower strong function matter
146254,alway articl focu techniqu place littl apart stand close touch leverag point outward angl grasp
146255,remark great power matter peopl
146256,includ right first least either walk ellipt start olymp either weight heavi start
