passageId,passage
146939,authent southern array local dine specialti antiqu atlanta perfect better weekend getaway whole breakfast nation brand lodg guest ranch gener sherman
146940,distanc consumpt emiss distanc atlanta mile distanc travel plane mile distanc averag need rout
146941,uncl remu museum prize winner alic walker heart countri fill shop recreat welcom center inform tourist counti
146942,atlanta rout averag releas atmospher carbon footprint
146943,atlanta stabl track major fluctuat slightli overal littl chang rout
146944,cheap atlanta atlanta stabl stabl track major fluctuat slightli overal littl chang rout atlanta
146945,drive distanc atlanta total drive distanc atlanta mile georgia atlanta georgia might calcul total drive atlanta arriv destin
146946,atlanta histor augusta right south athen north macon
146947,georgia travel guid offici travel guid complet resourc vacat georgia dine travel phone visit
146948,calcul drive atlanta base current local estim mileag meet friend might interest find halfway atlanta
