passageId,passage
147477,understand pathoanatomi invalu make correct diagnosi treatment take thorough medic histori compon evalu common traumat effus ligament osseou menisc overus
147478,inflammatori joint effus stiff altern diagnos patient feedback
147479,inflammatori joint effus stiff inflammatori joint effus stiff symptom inflammatori joint effus
147480,inflammatori joint effus stiff symptom checker inflammatori joint effus stiff inflammatori joint effus stiff symptom inflammatori joint effus inflammatori joint effus introduct stiff stiff introduct
147481,content inflammatori joint effus stiff inflammatori joint effus stiff symptom inflammatori joint effus inflammatori joint effus introduct stiff stiff introduct
147482,inflammatori joint effus stiff inflammatori joint effus stiff inflammatori joint effus stiff symptom inflammatori joint effus inflammatori joint effus introduct inflammatori joint effus inflammatori joint effus symptom inflammatori joint effus remov symptom stiff stiff
147483,inflammatori joint effus stiff inflammatori joint effus stiff inflammatori joint effus stiff symptom
147484,symptom checker content inflammatori joint effus stiff inflammatori joint effus stiff symptom inflammatori joint effus inflammatori joint effus introduct stiff stiff introduct
147485,stiff introduct stiff stiff symptom stiff remov symptom inflammatori joint effus stiff spondylarthr start diagnosi inflammatori joint effus stiff spondylarthr
147486,immunolog syndrom rheumatoid arthriti rheumat fever caus effus common joint involv benign malign anatomi
