passageId,passage
147487,basic condens version warehous process busi within organ specif busi function region
147488,tabl dimension tabl tabl exampl financ product dimens tabl integr
147489,holist govern framework competit advantag govern clarifi optim valu mere desir busi perform
147490,magic quadrant qualiti leader posit leader straight magic quadrant qualiti report magic quadrant qualiti report
147491,advoc warehous catch ocean stack togeth still whale januari ralph architectur warehous
147492,pipelin adopt market beyond pivot shape integr strategi complex
147493,extrem strategi complet stand alon concept cheap valu immedi support level that point
147494,manag understand manag deliv clean secur workbook practic guid get first project ground
147495,argu approach start depart depart merg togeth warehous approach advoc warehous follow quot clear catch ocean stack togeth still whale januari
147496,encyclopedia access layer warehous environ subset warehous usual specif busi wherea depth inform singl depart
