passageId,passage
149317,pleas follow activ uplay uplay client uplay client account click button click activ product button enter
149318,second registr verif third italian order confirm product sinc bought digit manual product thank
149319,profil origin account address password click account
149320,activ sport releas popular sport start count final access septemb avail world three later
149321,video base simul footbal sport gener gener inturn without simpl program
149322,pleas follow activ account select account click redeem enter content redeem
149323,look activ correct place give serial number giveaway limit origin
149324,origin unus recommend instal gener gener activ contain unwant comput activ address
149325,pleas follow activ retail purchas system network account account select store system screen store select redeem bottom enter
149326,gener gener consol list activ later gener undetect test across world method still today
