passageId,passage
149601,graduat system control appropri system level control level potenti hazard inher devic concern medic devic classif system therefor order channel medic proper conform assess rout order ensur conform assess medic devic direct effect januari earli possibl class product
149602,class approv applic unless devic devic market prior passag medic devic substanti equival devic
149603,certif medic devic mark mark mandatori requir medic market medic devic categori medic medic medic surgic mark symbol qualiti digit identif number notifi applic medic devic manufactur distributor mark declar product appli medic devic mark product european econom product european econom
149604,certif medic devic mark mark mandatori requir medic market medic devic categori medic medic medic surgic
149605,class medic mark class medic mark diagnost medic mark medic devic mark obtain mark medic legal basi medic mark medic
149606,diagnost medic mark medic devic mark obtain mark medic legal basi medic mark medic click contact quotat relat medic conform assess mark classif medic demarc
149607,gener assign three regulatori class base level control necessari assur safeti effect devic three class appli
149608,relat medic conform assess mark classif medic demarc direct activ medic
149609,mark legal requir medic medic market mark symbol qualiti
149610,classif medic devic depend seri devic intend continu whether devic invas surgic invas whether devic activ
