passageId,passage
149990,contact privaci polici name search italian italian italian variou pleas italian refer
149991,italian italian choos togeth favorit brows search popular popular among
149992,italian italian choos togeth favorit brows search popular popular among
149993,search italian choos togeth favorit brows search popular popular among
149994,italian italian italian variou pleas italian refer
149995,common italian specif prefix mean often attach given patronym exampl italian equival benson mean giovanni italian equival
149996,italian italian italian variou pleas italian refer
149997,italian italian delug distinct brows modern italian italian alphabet order italian choic
149998,italian major patronym base alberto peter albert occup base trade giovanni farmer
149999,trace origin necessari second distinguish given italian often recogn vowel deriv descript
