passageId,passage
150260,start cruis industri rang experi outstand profession cruis industri readi accept start salari experi outstand profession experi howev cruis industri readi accept start salari rang
150261,averag cruis averag salari cruis averag cruis greatli compani locat industri experi salari calcul averag salari cruis anywher cruis greatli compani locat industri experi salari calcul averag salari cruis anywher list
150262,averag salari month youth staff nurseri youth staff nurseri royal caribbean nurseri nurseri counselor cruis cruis allow three salari month recreat staff posit specif norwegian cruis descript bunge water bowl
150263,incom rang rang around month depend posit junior bottom ladder cruis hire somewher averag depend bring relat read cruis employ
150264,cruis typic month particular cruis natur workplac cruis oblig offer addit everi short often interest cruis hire somewher averag depend bring relat read cruis employ
150265,hidden calcul averag salari cruis worker necessari factor take cruis transport medic legal cruis hire somewher averag depend bring relat read cruis employ
150266,depend experi cruis nurs approxim month cruis regist nurs licens certif least licens doctor everi cruis sever perform everi exampl receiv monthli salari month danc variou across anywher
150267,though competit earn cruis director posit command although averag cruis director salari major base hourli employ cruis month though larg number month
150268,staff normal cruis staff accomplish instanc sever avail month depend cruis sever perform everi exampl receiv monthli salari month danc variou across anywher
150269,tip personnel staff direct contact particular advis prior embark cruis personnel assist cocktail tip personnel small cruis subject incom howev elig incom abroad incom cruis
