passageId,passage
15080,nonresid alien incom tax feder incom attach nonresid alien incom return incom return certain nonresid entri write pay marri file jointli illinoi return
15081,feder address simpli choos click state address correspond fill prepar feder togeth state return anyth
15082,front person inform feder gross incom feder interest dividend incom illinoi incom overpay includ attach schedul check amount schedul total illinoi incom
15083,address feder return state territori prepar feder togeth state return anyth
15084,marri file jointli enter either enter person cover marri file separ live spous enter enter amount amount marri file taxabl return claim altern widow credit vehicl bought file separ
15085,remov print multipli percentag multipl increas multipl increas amount marri file taxabl return claim altern widow credit vehicl bought file separ
15086,deferr catchup interest shown could withdraw elig lower simpl amount marri file taxabl return claim altern widow credit vehicl bought file separ
15087,prefer still balanc feder return refund refund treasuri intern revenu servic attach attach schedul sequenc shown social secur number medic dental caution
15088,check previou contribut charit contribut fund fund amount decreas refund increas balanc entri write pay marri file jointli illinoi return
15089,report amount marri file taxabl return claim altern widow credit vehicl bought file amount marri file taxabl return claim altern widow credit vehicl bought file separ
