passageId,passage
150770,class obvious peopl first class peopl take train assur ticket peac quit first usual remain quiet second
150771,differ first class second class link class associ travel servic avail effici across import tourist differ
150772,howev first class second class differ prudent money choos
150773,first class expens second class first class second class howev financi tight sens second class comfort older first class
150774,differ first class second class post august march
150775,second class perfectli taken second first class czech republ havent privat littl enough second class quieter coach class
150776,peopl travel differ first class second class differ first class second class post august march first class second class
150777,advantag go class would person space usual howev head straight dine sit whole leisur coffe
150778,compart first class singl first class first class saver first class adult anoth second class youth
150779,use link applic book accommod reliabl check whether
