passageId,passage
151040,quotient formula find deriv fraction deriv quotient numer denomin problem click quotient formula find deriv fraction deriv quotient numer denomin problem click button
151041,encyclopedia calculu quotient method find deriv function quotient function differenti written deriv precis number satisfi exist function differenti written deriv precis number satisfi exist
151042,demonstr would quotient fraction function numer denomin fraction exampl would quotient write impuls quotient whenev fraction order differenti product product differenti function function product distinct exampl polynomi transcendent function
151043,discuss denomin fraction denomin fraction denomin follow first convert denomin fraction numer valu convert convers calcul power product calculu oper perform opposit oper integr oper
151044,quotient deriv fraction littl rememb luckili come common mistak quotient wrong get extra minu answer forget whether first first
151045,chain deriv insid anoth exampl polynomi insid outer function someth compound function chain thatn order differenti product product differenti function function product distinct exampl polynomi transcendent function
151046,fraction quotient refer valid method fraction numer denomin separ tri plug definit deriv solv complex equat
151047,conclus quotient deriv fraction often express difficult simplifi steer toward incorrect answer easier order differenti product product differenti function function product distinct exampl polynomi transcendent function
151048,deriv product first time deriv second second time deriv first deriv product first time deriv second second time deriv first
151049,deriv multipli deriv product deriv actual work learn deriv multipli deriv product deriv actual work learn
