passageId,passage
15150,corros natur process refin metal stabl oxid gradual destruct usual chemic reaction common electrochem oxid metal reaction oxid structur corrod mere exposur moistur process strongli affect exposur certain corros concentr local crack extend across uniformli corrod surfac
15151,theori effect pressur chemic corros supercrit aqueou emphasi activ system compress volumetr concentr chemic dissoci theori effect pressur chemic corros supercrit aqueou emphasi activ system compress volumetr concentr chemic dissoci
15152,addit thermal expans forc liquid batteri caus chemic batteri work protect anticorros coat barrier termin prevent chemic reaction greas often today batteri absorb commerci marin batteri harm effect sulfur gener batteri electr current starter motor start engin
15153,galvan corros differ physic electr contact common electrolyt metal expos electrolyt differ structur corrod mere exposur moistur process strongli affect exposur certain corros concentr local crack extend across uniformli corrod surfac
15154,corros corros corros process alloy actual corros corros corros process alloy actual corros place
15155,definit differ corros solut regularli connect moistur develop corros potenti galvan corros present nobl metal becom cathod activ metal becom corros anod galvan corros galvan corros sometim extend carbon steel water consid right exist unexpect
15156,stainless steel passiv layer steel alloy carbon contrari carbon steel presenc minimum chromium stainless steel properti corros contact oxygen chromium oxid layer form surfac passiv layer particular abil steel passiv layer steel alloy carbon contrari carbon steel presenc minimum chromium stainless steel properti corros resist
15157,structur corrod mere exposur moistur process strongli affect exposur certain corros concentr local crack extend across uniformli corrod structur corrod mere exposur moistur process strongli affect exposur certain corros concentr local crack extend across uniformli corrod surfac
15158,protect oxid layer present surfac stainless steel corros resist howev oxid layer vulner damag certain reduc certain combust mechan reduc duplex stainless resist stress corros crack austenit found resist applic compress stress materi
15159,super corros batteri commerci marin batteri harm effect sulfur gener batteri electr current starter motor start commerci marin batteri harm effect sulfur gener batteri electr current starter motor start engin
