passageId,passage
151928,medic dictionari use health dictionari quickli inform medic medic dictionari terminolog medic jargon
151929,number particip rang contract relax smooth muscl dilat constrict blood control blood pressur modul inflamm
151930,synthesi combin someth describ bedroom synthesi mixtur synthesi comfort concret realm abstract combin think photosynthesi process synthes light carbon dioxid water produc movi batman titan that synthesi
151931,medic dictionari organ medic letter letter brows look especi help medic spell medic common medic definit spell medic search click search button definit dictionari
151932,combin constitu separ materi abstract singl unifi entiti oppos analysi separ materi abstract entiti constitu
151933,statement present invent synthesi system synthes anilin styren effici synthesi system synthes butadien butadien effici rubber chemic anilin synthesi system synthet rubber
151934,research synthes titanium dioxid silver zirconium synthes joint sampl silver zirconium investig photocatalyt
151935,hierarch design engin catapult multipl within subsystem automat synthes appropri memori lead perform easili hardwar synthesi
151936,modern synthesi consolid variou investig darwinian theori evolut mendelian inherit natur select act genet variat
151937,synthesi togeth differ whole differ biochemistri synthesi specif process build elementari chemic exampl adipocyt special synthesi storag editori review
