passageId,passage
152478,padlock secur american specif need american allow creat secur secur level includ advanc cylind technolog control system padlock protect
152479,excel choic furnitur replac broken durabl polish steel drawer cabinet extend selvag ad stabil come complet skeleton
152480,larg excel choic furnitur replac broken durabl polish steel cabinet wardrob right
152481,assembl readi tabl stand front experienc worker combin look
152482,excel choic replac broken durabl polish steel strike facepl unlacqu brass develop love patina come complet skeleton
152483,manufactur cylind guard case accord design
152484,gener compani three avail stock
152485,intern gener brass tongu secur usual steel stainless steel outer case brass chrome steel nickel durabl metal alloy
152486,manufactur cylind guard case accord design
152487,replac nonwork furnitur authent fulli function cabinet drawer solid brass steel match skeleton secur drawer function style
