passageId,passage
152468,rel healthi break blood sugar happen fiber easili digest sugar quickli rapid energi boost
152469,health nutrit topic right respons unanim eat energi exhaust sugar caffein bolster flag energi
152470,import primari sourc provid quick energi complex whole deliv fiber import overal health
152471,sourc potassium necessari muscl health vitamin absorb quit tasti slice fruit salad layer parfait tropic
152472,drink spinach leafi green excel sourc leafi spinach fiber magnesium calcium oxygen throughout produc energi
152473,moreov proper nutrit time alert power cynthia nutrit weight eat energi
152474,vitamin photo credit citru vitamin major come energi first vitamin help amino regul energi
152475,offer sugar energi come get midday energi boost energi arent alway ideal energi often littl sourc energi caffein caus unwant effect irrit anxieti withdraw fatigu extra energi boost
152476,right right formula maximum energi fruit whole grain protein piec puzzl premis balanc balanc
152477,simpl found fruit dairi limit simpl found candi sugar coffe
