passageId,passage
153227,minimum tip employe occup customarili regularli
153228,state feder minimum congress signatur chang oklahoma locat gross annual basic minimum
153229,minimum feder minimum cumul inflat measur percentag chang feder minimum sinc decemb
153230,addit minimum feder labor special minimum applic certain minimum follow minimum feder employ employe train first employ
153231,minimum rais minimum link consum price index intend rais along inflat current minimum yearli base
153232,april california governor jerri brown senat minimum minimum reach governor certain econom budgetari exist
153233,march governor brown seri annual minimum begin minimum index inflat base consum price index fourteen begin higher minimum wage
153234,minimum unit network feder state local gener highest minimum feder state local feder govern nationwid minimum octob minimum higher feder minimum
153235,tabl current minimum everi state unit click state minimum state labor highest minimum
153236,consid audit check detail creat afford temporari contract expens take staff
