passageId,passage
15400,hous senat provid health coverag congress congression staff health exchang known health congress staff select coverag health
15401,section final affect health insur coverag feder govern avail congression staff feder employ
15402,addit congress qualifi medic ordinari feder elig receiv limit medic offic physician capitol payment annual
15403,section congress congression staff member congress member hous senat feder health program congress congression staff feder regist octob
15404,hous senat purchas privat health insur feder health program million feder
15405,criteria elig retir feder govern continu enrol health staff exchang servic immedi prior retir
15406,hous senat provid health coverag congress staff small busi health program establish administ group health small
15407,congress cover privat insur system feder congress health insur standard reserv govern insur
15408,hous senat elig receiv militari outpati charg washington walter medic center nation naval medic center inpati bill depart defens
15409,section patient protect afford gener health feder govern avail congression staff respect servic
