passageId,passage
153917,feder commiss govern agenc establish regul public interest interst foreign radio
153918,congress feder radio commiss transfer jurisdict radio feder commiss
153919,peopl watch televis feder commiss interst intern radio televis satellit cabl
153920,feder commiss monitor import radio frequenc ensur caus harm interfer compli
153921,feder commiss declar radio frequenc brought complianc applic technic
153922,accord varieti support mandat inform system design million engin million develop million
153923,presid confirm senat serv sinc number reduc seven
153924,sinc number reduc seven presid chairman length tenur within appoint
153925,commiss chang number includ examin particular element number examin
153926,latest addit purpos interst foreign commerc commun radio feder commiss
