passageId,passage
15430,public counti missouri public record counti missouri addit found missouri state public topic navig counti missouri gener counti
15431,counti circuit clerk address cherri missouri phone counti circuit clerk annual volum inform contact manag
15432,phone counti circuit clerk annual volum inform contact manag counti circuit clerk right counti circuit clerk
15433,public counti missouri public record counti missouri addit found missouri state public topic navig
15434,counti missouri public directori quickli public record human public record directori properti vital inmat court profession busi contractor
15435,counti circuit court counti missouri court address south cherri street phone number counti circuit court number copyright reserv
15436,directori court counti missouri local link search court legal research contact
15437,counti circuit court address phone inform
15438,counti circuit clerk cherri missouri contact phone number
15439,commun young peopl across america learn leadership citizenship young peopl make today tomorrow
