passageId,passage
154457,lower hormon menopaus vagin dryness often given estrogen estrogen progestin anoth hormon hormon therapi doctor nurs pharmacist menopaus differ chest without sweat night sleep feel tire tens
154458,hormon although rare doctor decid blood check hormon specif theyll hormon estrogen menopaus increas estrogen menopaus doctor vagina menopaus doctor unsur whether youv begun menopaus doctor order health ovarian failur thyroid condit
154459,estrogen progesteron testosteron thyroid hormon menopaus transit right menopaus final menstrual period sever estrogen progesteron progesteron progestin taken sometim estrogen patch combin estrogen devic vagin suppositori doctor depend
154460,menopaus doctor vagina menopaus doctor unsur whether youv begun menopaus doctor order health ovarian failur thyroid includ blood check follicl hormon menopaus doctor vagina menopaus doctor unsur whether youv begun menopaus doctor order health ovarian failur thyroid condit
154461,reliev menopaus hormon therapi approach hormon replac therapi current umbrella sever differ hormon avail varieti progesteron progestin taken sometim estrogen patch combin estrogen devic vagin suppositori doctor depend
154462,menopaus troubl menopaus without period without definit diagnos menopaus known decreas caus month ovul femal hormon menopaus
154463,estrogen reliev menopaus doctor menopaus hormon progesteron progestin taken sometim estrogen patch combin estrogen devic vagin suppositori doctor depend
154464,saliva test simpl accur determin hormon care group check symptom check symptom group that test simpl accur determin hormon care group check symptom check symptom group that
154465,consid hormon progesteron estradiol symptom group estrogen defici hormon imbal common menopaus especi petit special littl natur estrogen consid hormon estrogen estradiol
154466,menopaus normal chang period that peopl menopaus chang chang menopaus slowli estrogen progesteron often menopaus differ chest without sweat night sleep feel tire tens
