passageId,passage
154487,realli determin erect longer natur devot target exercis muscl element erectil process last
154488,erect longer natur learn involv erectil process control
154489,erect longer learn involv erectil process control
154490,erect longer learn involv erectil process control sourc
154491,natur method erect longer natur massag topic strengthen genit ensur extend
154492,blood sporad strong enough erect condit erectil dysfunct older variou blood
154493,addit list erect longer reduc amount alcohol consum smoke alcohol decreas blood difficult erect
154494,sustain erect natur intercours masturb lubric think stimul erect aphrodisiac differ differ peopl
154495,better control orgasm longer erect learn breath
154496,erect adjust plastic peni behind erect peni erect longer
