passageId,passage
155212,radic prostatectomi surgic procedur wherebi prostat gland remov lymph prostat remov radic prostatectomi option clinic prostat cancer potenti includ follow remov
155213,cloth hospit wheel tabl guid first radic prostatectomi david prostat cancer recommend screen place
155214,prostat tissu normal small blood prostat increas entir prostat remov close treat enlarg prostat remov prostat partial enlarg prostat procedur number caus
155215,trust husband prostat cancer without treatment regret live without effect differ human
155216,arrow arrow usual element close screen prostat cancer minu subtract element close addit element
155217,arrow arrow usual element close screen prostat cancer minu subtract element close prostat cancer diagnosi minu subtract element close
155218,common prostat surgeri prostat cancer enlarg prostat benign prostat hyperplasia pretreat educ first make treatment
155219,think cancer right mario coauthor studi often without cancer spread
155220,interv reappear first advanc diseas found three inform score patholog specimen remov prostat pathologist surgeri
155221,radic prostatectomi prostat cancer radic prostatectomi surgeri remov prostat gland oper remov entir prostat tissu surround gland semin small produc semen remov number nearbi lymph
