passageId,passage
155932,popul rememb right famou abil restrict amount total number level travel
155933,contract pathfind adventur adventur adventur urban campaign rebellion pathfind campaign set infam
155934,silver raven silver unless taken protect matter respond would like destroy
155935,popul number current popul number fluctuat campaign trend downward violenc whittl citizenri
155936,advic guid might check beyond inde level select
155937,hidden popul fantasi hidden popul dungeon fantasi fantasi fantasi fantasi warrior cartographi warrior concept
155938,within contract numer contract secur surround region freedom infern hous church
155939,popul ruler settlement wealth limit level photo
155940,increas popul peopl actual popul sometim number popul sever adventur
155941,defens singl sprawl scroll church contract
