passageId,passage
156282,perform capabl match hardwar perform capabl match second previous compar perform latest consol come
156283,sledg publish bethesda develop confirm upcom shooter
156284,publish bethesda develop confirm upcom shooter
156285,exampl perform match initi gener design port hardwar could potenti
156286,director turn accord quit given natur hardwar
156287,rocket insid inform inde averag that total unconfirm languag statement provid think offer outstand raider experi
156288,raider still question hardwar continu raider definit edit almost stream radar unlock averag
156289,constantli perform obvious there go get ultim scale accordingli second
156290,could dynam resolut maintain often greater extent arent might target
156291,brows messag guest alreadi account chang display media
