passageId,passage
156782,everi missouri instat regist agent receiv offici state correspond administr legal regist agent individu resid corpor author conduct busi missouri regist offic place busi regist agent busi offic regist offic
156783,missouri domest base dollar amount author capit schedul issu certif incorpor technolog
156784,submit annual report missouri secretari state state countri organ street address counti regist offic regist agent offic whether chang regist agent offic
156785,follow event occur organ oper agreement specifi dissolut number percentag oper agreement agre dissolv event illeg continu
156786,choos missouri contain limit liabil compani limit compani distinguish busi alreadi missouri secretari state
156787,missouri avail inspect alphabet current address would enabl member determin rel vote organ
156788,form missouri file organ divis missouri secretari state minimum file
156789,procedur start limit liabil compani missouri missouri format applic prepar oper agreement start adopt written oper agreement oper agreement primari document among
156790,regist applic registr foreign limit liabil compani missouri secretari state applic file
156791,chosen missouri apart missouri corpor busi entiti regist missouri secretari state origin form missouri elsewher author conduct busi state
