passageId,passage
156752,known human make protein protein primarili movement skelet heart cardiac muscl small present nerv skelet cardiac group protein complex togeth strengthen muscl protect injuri contract offici offici symbol known list
156753,cytoplasm protein vital protein complex muscl fiber surround extracellular matrix membran complex various known protein human known cover human genom locu
156754,human caus becker muscular protein structur muscl extracellular matrix maintain muscl indic scaffold protein appropri control neuromuscular synapt homeostasi becker muscular dystrophi
156755,found natur measur posit approach target isol respons becker muscular muscular dystrophi delet duplic point mutat commonli
156756,definit protein associ complex skelet muscl absent muscular dystrophi defici defect becker muscular protein molecular weight associ glycoprotein complex skelet muscl absent muscular dystrophi defici abnorm molecular weight becker muscular dystrophi
156757,function protein sarcolemma outermost layer muscl fiber cohes protein link actin anoth support protein insid surfac muscl plasma membran human known cover human genom locu
156758,human known cover human genom locu primari transcript transcrib matur protein amino human known cover human genom locu
156759,indic scaffold protein appropri control neuromuscular synapt homeostasi becker muscular dystrophi partial redund associ number complex indic scaffold protein appropri control neuromuscular synapt homeostasi becker muscular dystrophi
156760,hilari insight foreign larg protein function correctli absent peopl suffer muscular dystrophi function protein suffer muscular dystrophi hilari insight foreign larg protein function correctli absent peopl suffer muscular dystrophi function protein suffer muscular dystrophi
156761,larg protein function correctli absent peopl suffer muscular function protein suffer muscular dystrophi hilari insight foreign larg protein function correctli absent peopl suffer muscular dystrophi function protein suffer muscular dystrophi
