passageId,passage
157023,consult doctor take avoid artifici chocol citru research percent migrain sensit
157024,muscl cramp strong pain contract muscl come suddenli sever often muscl cramp charley hors nighttim usual sudden
157025,muscl brought injuri overus pregnanc occur calcium magnesium especi later pregnanc exposur especi water
157026,avoid frozen coffe limit daili eat regular gastrocol reflex regular
157027,accord author vegetarian sport nutrit muscl occur miner defici requir adequ sodium potassium calcium magnesium particular function without cramp prevent consum plenti
157028,caus muscl alway known muscl brought injuri overus pregnanc occur calcium magnesium especi later pregnanc
157029,limit avoid alcohol eat healthi especi pregnant calcium potassium magnesium stationari condit stretch stretch everi especi exercis bedtim
157030,teaspoon freshli gingerroot teaspoon powder varieti water steep strain ginger drink avoid butter hamper spici acid caus heartburn
157031,prevent muscl drink plenti water enough urin light yellow clear water limit avoid alcohol eat healthi especi pregnant calcium potassium magnesium
157032,occur randomli usual miner defici occur specif exercis could result inadequ blood suppli
