passageId,passage
157093,intern center valv direct water water handl close block quit common valv water valv mechan valv close valv circular handl turn rais metal insid valv valv water
157094,follow first basic check complic special partial fluid movement valv
157095,although differ control basic valv divid gener check besid basic special realli classifi either check found engin serv control pressur known
157096,follow basic valv control without pressur ideal quick shutoff sinc complet shutoff angl multipl turn manual butterfli valv regul larg
157097,differ differ common butterfli globe needl poppet spool valv sphere tightli insid complet block fluid
157098,closer differ angl take closer differ discuss world maritim detail list necessari procedur
157099,quit divers classifi number basic valv control without pressur ideal quick shutoff sinc complet shutoff angl multipl turn manual
157100,water shutoff plumb system varieti found variou along water allow water shut water often first plumb
157101,common butterfli butterfli similar principl howev instead mount valv circular butterfli around vertic shaft appear orient butterfli
157102,specif valv metal fit cylind engin often water level control cistern bibcock connect flexibl blast valv rapid shelter bunker
