passageId,passage
157863,doctor right magnesium dizzi irregular heartbeat muscl frequent effect headach diarrhea nausea abdomin vomit dizzi joint
157864,treat certain stomach esophagu reflux work decreas amount stomach medic heartburn difficulti persist cough
157865,allerg benzimidazol medic immedi relief heartburn heartburn often confus first heart attack
157866,take doctor pharmacist allerg similar product contain inact caus allerg pharmacist
157867,prescript treatment heal relief damag esophagu older treatment
157868,magnesium happen proton least doctor right magnesium dizzi irregular heartbeat muscl
157869,doctor pharmacist medic mouth direct doctor usual daili dosag length treatment base medic condit respons treatment take without
157870,doctor medic regularli laboratori medic magnesium blood vitamin period monitor progress check effect regular medic laboratori
157871,proton inhibitor amount produc stomach treat eros esophag damag esophagu stomach excess stomach syndrom immedi relief heartburn
157872,allerg ingredi proton relief exclud possibl seriou stomach present
