passageId,passage
157853,wing woman royal make symbol peopl uneduc understand french revolut inspir moment take place
157854,symbol french revolut equal regardless gender religion socioeconom statu
157855,nation gallic rooster decor french revolut symbol french peopl latin gallu mean gallu mean rooster
157856,polit french revolut broken chain bundl within triangl light snake bite phrygian white wing woman tablet
157857,polit french revolut broken chain bundl within triangl light snake bite phrygian white wing woman
157858,symbol french revolut equal regardless gender religion socioeconom statu tablet stone
157859,gallic rooster nation gallic rooster decor french revolut symbol french peopl latin gallu mean gallu mean rooster
157860,nation gallic rooster decor french revolut symbol french peopl latin gallu mean gallu mean rooster
157861,gallic rooster nation gallic rooster decor french revolut symbol french peopl latin gallu mean gallu mean rooster
157862,symbol french peopl latin gallu mean gallu mean rooster caesar later like rebelli rooster symbol escutcheon
