passageId,passage
158383,april russia territori alaska million later amount time
158384,check purchas alaska citat check amount million purchas alaska august account depart treasuri record group nation
158385,although around alaska util trade walru alon didnt territori homeland russia import
158386,alaska pension russian presid vladimir serious consid russia need reclaim alaska unit centuri russian alaska center intern trade
158387,better money sell territori neutral countri get stolen enemi purchas alaska russia alaska unit believ unit would offset rival pacif great britain
158388,march agre unit would russia million territori alaska unit acquir nearli squar mile
158389,check million payabl russian minist unit shown treati cession alexand formal agreement purchas alaska russia
158390,check unit alaska russia million russian govern territori alaska unit
158391,howev british express littl interest alaska territori unit presenc region would offset region rival great britain
158392,check amount million purchas alaska sourc crimean broke britain turkey stood russia clear russia could neither suppli defend alaska alli
