passageId,passage
158333,lactovegetarian exclud poultri contain dairi chees butter includ vegetarian exclud poultri allow dairi
158334,vegetarian includ exclud lactovegetarian exclud poultri contain dairi chees butter includ
158335,poultri continu dairi avoid poultri dairi poultri dairi accept
158336,peopl think vegetarian typic think doesnt includ poultri vegetarian includ exclud lactovegetarian exclud poultri contain
158337,vegetarian peopl think vegetarian typic think doesnt includ poultri vegetarian includ exclud lactovegetarian exclud poultri contain
158338,vegetarian eat pattern base varieti satisfi delici health avoid poultri includ dairi
158339,vegetarian exclud poultri allow dairi exclud poultri dairi allow exclud poultri dairi contain
158340,avoid poultri dairi poultri dairi accept avoid anim poultri dairi anim gelatin honey
158341,tradit continu poultri anim small howev reduc amount satur cholesterol
158342,avoid poultri includ dairi poultri dairi
