passageId,passage
158513,current known larg number suspect fraction what variou speci mycorrhiz parasit endophyt
158514,mushroom amanita edibl state mushroom popular return feed parasit plant although relationship fungi infect eventu sometim parasit clear honey mushroom known parasit continu
158515,place express creativ sell handmad vintag good close begin window navig regist account account
158516,among popular differ white popular includ chanterel oyster white common mushroom groceri agaricu white light brown common white mushroom tabl mushroom italian mushroom white button mushroom stalk gener tast white avail fresh dri can color brown
158517,fleshi fungu throughout world small percentag poison differ edibl consid desir eat
158518,mushroom fungi fungi garden elsewher infrequ overnight right stunningli beauti least theyr unusu worthi
158519,fungu mushroom fungi found garden garden fungi courtesi field guid color
158520,fungi produc difficult cultiv often found natur delici treat boletu often mushroom quit larg
158521,wonder categori gourmet medicin morchella morchella elus delici speci popular mushroom pictur right
158522,engrav vintag marasmiu print fungu color lithograph fungi mycolog scienc engrav
