passageId,passage
1576,round measur horizont insid diamet point measur perpendicular dimens point metal insid binder base paper round
1577,pleas forgiv realli measur binder first binder would super
1578,binder binder sheet binder alway measur sheet binder alway bind sheet first
1579,paper round mount cover number paper sheet capac binder binder that measur style
1580,measur around chest swell breast certain measur measur shown diagram measur around breast measur number subtract number accord chart
1581,everi binder differ chart binder click chart button chart bottom binder click enlarg chart
1582,exampl would total number approxim number calcul exampl binder binder therefor binder would
1583,binder measur base width binder spine overal state around content order close round
1584,binder measur along straight arrow includ curv variat depend manufactur number capac chart
1585,specif binder someth chest small medium larg averag measur within rang
