passageId,passage
158633,stori maume valley river indian
158634,assessor assess offic revenu equal show
158635,villag first river street built columbian hous stagecoach expand addit ballroom third floor second
158636,toledo small michigan live latest collect exclus local radio german irish polish english french italian
158637,assessor assess offic revenu equal provid inform properti assess properti properti search show distanc
158638,encyclopedia southwest township eleven counti unit censu found peopl township peopl geographi histori
158639,time forum latest collect exclus local radio german irish polish english french italian
158640,commerci social center first offic feder style architectur open miami canal transport commerci good peopl toledo cincinnati branch indiana oper
158641,struggl afford place favorit toledo latest collect exclus local radio german irish polish english french italian
158642,provid inform properti assess properti properti search show
