passageId,passage
158683,typic session anywher overus aris instead togeth minut nonstop workout break program shorter brief recoveri typic session anywher overus aris
158684,beyond recoveri session becom difficult qualiti around watch alway benefit shorter allow frequent train session faster gain strength legend georg thirti fulli suffici acquisit preserv strength endur georg come workout durat build muscl stimul strength gain
158685,exercis weight recommend order weight around accord sustain weight exercis around imposs could littl recommend order weight around accord sustain weight exercis around imposs could littl
158686,workout train gener workout increas strength build muscl workout longer gener workout increas strength build muscl workout longer
158687,magic number come routin gener howev three static perform three minut depend stretch typic tight muscl depend whether static activ stretch
158688,healthi walk weight go strenuou exercis swim start weight lift everybodi differ wast work work might progress
158689,strength train would suggest possibl order system recuper exampl could first thing morn strength train later first strength train begin singl build total workout choos least exercis everi major muscl group begin biggest first
158690,depend stretch typic tight muscl depend whether static activ depend stretch typic tight muscl depend whether static activ stretch
158691,articl answer question basic thumb answer weight train workout around affect eaten start exercis session sinc exactli gener workout increas strength build muscl workout longer
158692,thirti fulli suffici acquisit preserv strength endur georg come workout durat build muscl stimul strength gain sixti total exclud start train natur boost testosteron significantli higher thirti fulli suffici acquisit preserv strength endur georg come workout durat build muscl stimul strength gain
