passageId,passage
159153,three wasnt air cabl differ air seri cours novemb januari februari america march
159154,confid often shown certain depend carrier
159155,season ad daytim rotat seri shown daili monday friday start monday septemb pilot episod
159156,mobil surgic hospit stuck middl korean littl forc practic reveng often make wartim bearabl nevertheless written murray chapman
159157,though seri movi seri initi critiqu drag toward conclus howev seri major develop situat comedi
159158,channel favorit watch cabl wonder anyon could channel time would wonder thank channel
159159,base novel richard hooker movi septemb februari becom celebr televis seri histori medium
159160,broadcast seri afternoon night seri syndic huge success seri cabl syndic first
159161,altern often shown certain depend carrier
159162,popular quit evid season prime monday seri daytim thursday night give remark seven singl network period
