passageId,passage
159163,dialect behavior therapi cognit behavior treatment origin treat chronic suicid borderlin person disord standard psycholog treatment popul
159164,dialect behavior therapi specif psychotherapi psychologist marsha better treat borderlin person disord sinc develop treatment mental health
159165,dialect behavior therapi specif psychotherapi psychologist marsha better treat borderlin person disord
159166,therapi marsha psycholog research univers washington treat peopl borderlin person disord chronic suicid
159167,dialect behavior therapi treatment approach psychosoci treatment
159168,dialect behavior therapi design peopl manag strong think caus miseri distress work psychotherapi particip train session
159169,dialect behavior therapi specif psychotherapi psychologist marsha better treat borderlin person disord
159170,dialect behavior therapi treatment design specif suicid suicid suicid
159171,encyclopedia dialect behavior therapi therapi design peopl chang behavior help suicid think substanc abus
159172,articl dialect behavior therapi cognit behavior therapi cognit behavior therapi identifi chang neg think posit behavior treat suicid
