passageId,passage
159713,chinook helicopt jointli replac servic italian version helicopt
159714,chinook helicopt jointli replac servic italian
159715,chinook success militari transport helicopt chinook rotorcraft plant pennsylvania first place septemb product follow
159716,design chinook model produc earli pioneer rotor cargo militari civilian
159717,sinc introduct chinook known primari helicopt strong chinook rocki mountain
159718,chinook chinook success militari transport helicopt chinook rotorcraft plant pennsylvania
159719,contract airfram april januari order chinook worth
159720,chinook tandem rotor engin helicopt design transport artilleri ammunit within militari oper legaci chinook today
159721,chinook militari transport helicopt sinc introduct chinook known primari helicopt strong chinook rocki mountain
159722,chinook militari helicopt world maximum speed militari transport helicopt maximum speed merlin helicopt militari rotorcraft world
