passageId,passage
161429,careless reckless drive effect montana allow stop exceed post speed limit speed travel consid danger
161430,follow discuss analysi comparison experi reason prudent speed limit speed limit fix numer speed highway interst rural primari
161431,traffic montana sinc daytim limit pickup truck speed factor accord montana highway patrol might help
161432,speed speed montana speed post protect public author allow speed common speed typic statutori state montana speed daytim speed effect sunris sunset nighttim speed effect speed tabl effect octob speed appli unless otherwis post
161433,critic exceed speed definit speed twofold speed arbitrari polit rather empir speed relationship maximum speed intent
161434,absolut speed trick absolut speed absolut speed limit mile drive faster youv unless otherwis post absolut speed
161435,stretch austin antonio texa allow mile highest speed limit highway stretch austin antonio texa allow mile highest speed limit highway
161436,found speed curvi mountain chang quickli summer alert time adjust accordingli
161437,current nighttim speed affect rule
161438,expect higher speed daytim limit usag nation averag without primari courtesi rel stabl fatal modern
