passageId,passage
161777,south carolina local counti counti upstat region south carolina unit mayor white posit sinc decemb
161778,regist constitut offic establish south carolina state legislatur custodian legal pertain properti search conveni search access present
161779,district parent portal access attend formerli student portal central access inform appli counti special access educ
161780,dominion properti respons typograph apart avail subject chang without notic counti
161781,speak offic involv consist child safeti educ commun awar infant safeti alcohol abus prevent coron crime scene preserv suicid child restraint death
161782,counti regist offic serv counti provid excel custom servic accomplish latest technolog avail citizen order need
161783,counti counti northwest south carolina counti squar mile squar mile water total counti popul grown sinc
161784,offic follow death scene respons investig make posit identif record keep train speak statist
161785,combin statist accord unit censu bureau popul make state counti region northwestern south carolina known upstat
161786,dominion properti respons typograph apart avail subject chang without notic counti
