passageId,passage
161727,video immedi clear give video audio materi radio career launch first ventur video howard
161728,decemb stern continu radio decemb agreement give radio video upcom stream video tent howard
161729,howard stern american radio howard stern recognit nation terrestri radio exclus siriu radio satellit radio servic sinc
161730,accord stern peter leav network hire daughter emili stern actress writer nation howard stern radio
161731,overview howard allan stern januari jackson inhal therapist bernard stern product studio jewish empir
161732,follow contract siriu terrestri radio decemb sinc broadcast sever digit cabl servic
161733,howard allan stern januari jackson inhal therapist bernard stern product studio jewish empir
161734,stern cornerston siriu servic sinc prior siriu merger satellit radio recent contract compani million contract
161735,howard stern origin episod conjunct satellit radio stern howard stern demand servic novemb servic howard march
161736,howard stern struck satellit radio stream video compon augment daili radio program shock agreement shortli tuesday
