passageId,passage
162047,happi birthday gemini doubl pleasur flighti there anyon phone admir special gemini natur commun constantli intellectu stimul
162048,peopl march april within ari tauru peopl april within tauru gemini peopl within gemini cancer peopl within cancer
162049,libra person septemb octob libra seventh astrolog known astrolog symbol scale libra artist affection refin venu rule planet peopl consid attract
162050,gemini person gemini third astrolog known astrolog symbol gemini bright changeabl inquir great social adept gener gemini woman child lover friend
162051,gemini astrolog gemini zodiac decid posit moment birth earth usual peopl aquariu zodiac birth
162052,gemini birth divid period constel everyon correspond zodiac accord period birthday ari tauru gemini cancer virgo libra scorpio sagittariu capricorn aquariu pisc
162053,gemini astrolog gemini pronunci third astrolog zodiac constel gemini tropic zodiac gemini castor pollux symbol base dioscuri godhood death
162054,gemini gemini astrolog typic birthday rang gemini although gemini horoscop birth chang depend customarili gemini calendar zodiac gemini
162055,novemb gemini third zodiac quick that chatter either drive forc behind convers
162056,happi birthday gemini doubl pleasur flighti maria gemini astrolog there anyon phone admir special gemini natur commun constantli intellectu stimul
