passageId,passage
162057,first check pressur drive right right probabl normal bank allow water runoff front brand front switch
162058,receiv silver spring maryland problem balanc shaft camshaft crankshaft though properli
162059,start situat could occur system reach engin similar would start system occur debri someth happen filter
162060,around coupl time socket ratchet bewar backsid theyll energi
162061,usual front wheel balanc vibrat probabl wheel either balanc differ
162062,batteri sometim simpl charg batteri clean batteri cabl corros resist start proper charg run
162063,drive within drove start place charg around alway batteri altern
162064,altern doesnt fulli charg batteri carri amperag batteri voltag regul short electr system havent youv batteri replac test
162065,batteri voltag sound telltal instrument panel usual caus batteri repeat drill
162066,obviou engin start without spark compress time basic without spark start spark ignit engin addit spark happen right enough voltag start
