passageId,passage
162949,howev get water caus acut infect unless eardrum previou episod acut occur often winter catch infect someon spread among caus
162950,acut otiti media common infect middl infect swollen fluid trap behind eardrum earach child might fever otiti media effus sometim infect cours fluid stay trap behind eardrum
162951,common infect common might think actual percent howev infect spot child often difficult familiar
162952,middl eustachian dysfunct common tubal function persist adulthood caus middl fluid bacteria becom trap insid eustachian normal infect occur
162953,familiar instanc runni headach fever sinu might infect especi infect stick around longer normal
162954,infect inflamm middl usual bacteria fluid behind eardrum anyon infect often least infect third birthday
162955,treatment choic middl infect commonli rang everi everi depend sever treatment histori
162956,common doctor differ common otiti media inflamm infect middl middl behind eardrum
162957,adult common possibl bacteria insid common includ fever earach hear feel blockag dizzi treat
162958,acut infect older includ earach full feel gener ill vomit diarrhea hear affect
