passageId,passage
162939,like caus virginia earthquak believ live eastern north america georgia unexpect shock earth magnitud earthquak
162940,earth comprehens weather observ lightn detect climat deliv promis weather smart connect predict energi effici insight util
162941,howev averag month visit flagstaff come flagstaff lower spring sunday thursday great
162942,caution drive toward flagstaff winter climb like experi snowi otherwis rout summertim flagstaff rainfal mostli august monsoon season
162943,earth comprehens weather observ lightn detect climat deliv promis weather smart connect predict energi effici insight util
162944,daili climat report daili detail daili weather statist usual yesterday temperatur precipit degre humid record temperatur follow
162945,northwest chanc precipit friday like mainli partli sunni becom afternoon chanc precipit friday night percent chanc mainli
162946,sever possibl daytim heat moistur extend southward central coast southeast produc afternoon even today flood flash flood possibl
162947,video august build earli august sever first summer build could uncomfort earli
162948,summer winter popular time mainli ideal weather sky daili fahrenheit summer powderi snowfal perfect winter sport
