passageId,passage
163269,stori common consid admiss evid prove charact person order action conform therewith duction evid
163270,simpli hearsay secondhand testimoni admiss court unless hearsay plenti litig import understand hearsay evid admiss arent
163271,prior court admiss refer present possibl prior testimoni unavail wit admit howev judg allow absenc transcript
163272,admiss health histor health consid hearsay inadmiss legal howev feder evid uniform evid busi except hearsay therebi health trial
163273,hearsay defin although hearsay cover perri mason broadli defin hearsay testimoni peopl present court hearsay evid inadmiss firsthand wit
163274,audio video voic identif enhanc authent relat admiss media certain legal criteria evid court dictionari mean
163275,addit portion common basi interpret specif phrase common common amend refer usag
163276,relev evid admiss except otherwis provid constitut unit constitut state statut gener assembl conflict suprem court
163277,question involv within rang common experi common knowledg skill particular scienc trade question admiss evid
163278,admiss gener preliminari concern qualif person wit exist privileg admiss evid shall determin court subject subdivis
