passageId,passage
163219,defin idiot adject idiot adject idiot adject mean pronunci dictionari
163220,recent idiot idiot acknowledg climat capabl steer countri washington economi month excel liber idiot famili
163221,defin idiot person affect extrem mental retard foolish stupid person idiot sentenc person affect extrem mental retard foolish stupid person definit
163222,english idiot origin meant ignor person usual refer person basic intellig common sens rather educ origin etymolog idiot
163223,british english definit idiot american english definit idiot chang default dictionari american english pronunci idiot write compound capit letter start
163224,definit idiot offens person affect extrem mental retard foolish stupid person
163225,definit idiot english dictionari limit
163226,legal definit idiot person especi profound intellectu disabl idiot imbecil moron surviv state gener longer medic legal modern terminolog moder sever profound disabl
163227,idiot sentenc idiot idiot would invest compani casual acquaint
163228,idiot inform utterli foolish senseless person think outfit interview hire idiot psycholog
