passageId,passage
163599,baker shannon fish without electr hookup drink water sanitari station launch small appli baker mile recreat shannon creek baker boulder creek horsesho
163600,shannon mile baker mount baker baker highway washington state rout concret
163601,catch reservoir catch reservoir lewi river drainag woodland access first launch drive highway
163602,reservoir form complet inland power light compani reservoir depend amount runoff make access difficult time target howev tiger muski popular
163603,woodland washington highway approxim mile enter applic check booth attend staf
163604,concret impound popular varieti click inform recreat north lewi click special
163605,click picnic tabl park beach around
163606,hideaway famili friendli privat gate membership organ restaur indoor outdoor movi theater chapel stun unfortun offer access gener public
163607,picnic tabl park beach awesom spring click
163608,reservoir follow featur stori written columbian newspap septemb hazel hooker spent tri learn better sever time success
