passageId,passage
163774,without diagnosi treatment damag motor sensori small larg fiber autonom along damag nerv myelin cover nerv confirm extens test univers miami
163775,eventu improv urinari control decreas today infus everi symptom correct level regard urinari
163776,intraven treat variou infecti idiopath treatment graft versu diseas accept diseas syndrom
163777,undesir effect occur common advers effect occur includ headach flush myalgia tachycardia lower nausea hypotens
163778,intraven gamma globulin neuropathi eugen retir patient exposur agent orang
163779,improv overflow incontin twelv realiz someth happen associ symptom return would prostat check repeatedli everyth normal
163780,perhap popular theori effect therapi bind antigen increas express inhibitori receptor shorten
163781,therapi therapi antibodi given intraven subcutan formerli intramuscular administr treat prevent varieti
163782,prime treatment hematolog first descript treatment note administr rapid recoveri platelet destruct spleen
163783,intraven plasma approxim thousand blood initi immun globulin intramuscular inject
