passageId,passage
163704,amount sleep child need depend individu certain child follow gener typic sleep short
163705,confus ideal sleep healthi sleep primari period social sleep
163706,peopl function sleep professor neurolog program director clinic neurophysiolog sleep medicin jersey institut medic center
163707,short desir quota healthi teen sleep school univers found studi requir sleep younger requir sleep sinc later time older
163708,sleep need individu chang exampl total sleep teen three figur whether amount current get enough healthi happi
163709,sever stick sleep replenish energi repair chanc energi sleep learn experi everi
163710,amount sleep older person thing feel alert probabl get enough although magic number gener guid sleep
163711,sleep rang previous sleep rang previous sleep rang previous school sleep rang previous sleep rang previous
163712,differ phase sleep regular night phase rapid movement sleep movement sleep sleep sleep cycl
163713,sleep rang previous sleep rang previous school sleep rang previous sleep rang previous younger sleep rang categori
