passageId,passage
164024,overlap research paper paper phrase paper origin describ written assign usual research base paper semest quarter depend measur school
164025,paper format link gener outlin write depend topic scientif report style literatur review combin choic link button
164026,paper definit paper english languag essay usual research written student cours class
164027,write paper essay place
164028,paper found thesauru encyclopedia paper lengthi piec written student topic drawn subject matter cours studi paper essay report written student major assign semest
164029,paper essay report written student assign cours semest awaken paper balanc world power
164030,definit paper major written assign school colleg cours repres achiev
164031,write paper choos topic creativ possibl given opportun choos advantag research pointless launch write youv research refin thesi statement
164032,paper format format link gener outlin write depend topic scientif report style literatur review combin choic link button
164033,paper paper research paper written academ account larg grade gener intend describ event concept argu point
