passageId,passage
164054,gingiv suffer inflamm around mouth gingiv oftentim buildup plaqu tartar around teeth
164055,gingiv suffer inflamm around mouth
164056,diseas usual silent outward diseas devast mouth caus chronic erod miss teeth hardli friend
164057,sever diseas includ bleed loos teeth blood water breath halitosi talk make mouth
164058,stage periodont diseas teeth exampl exhibit gingiv without separ tooth stage percent attach stage percent attach
164059,gingiv dental diseas common today accord studi american veterinari dental societi dental diseas three
164060,periodont gener diseas periodont diseas bacteri growth mouth properli tooth destruct tissu teeth
164061,sever diseas includ bleed loos teeth blood water breath halitosi talk make
164062,periodont gener diseas periodont diseas bacteri growth mouth properli tooth destruct tissu teeth
164063,periodont gener diseas periodont diseas bacteri growth mouth properli tooth destruct tissu teeth
