passageId,passage
164950,water squash cover water ratio teaspoon squash exampl
164951,start cut squash suitabl grate grate grater squash work right leav space bubbl ferment
164952,squash pumpkin winter tutori natur ferment recip fruit veget summer doesnt veget follow abund winter
164953,variou flesh water
164954,hous would friend hous escap particular thing would summer squash relish would stuff everyday found recip decid cultur canning place ferment doesnt better still favorit tast great summer squash fantast
164955,squash pumpkin winter summer doesnt veget follow abund winter unless pumpkin winter squash gener without ferment thick allow cooler weather winter squash easili sweet salti treat
164956,check everi squash still water store temperatur ferment process usual ferment although longer colder tast happen
164957,butternut squash recip simpl butternut squash work squash pumpkin water tri variou alway simpl recip
164958,place squash quart place honey season spout pour mixtur make equal
164959,peopl think honey antibacteri actual work addit cultur packag honey bacteria cultur activ longer steadi suppli
