passageId,passage
164922,month fix therm great natur servic month fix price peac know servic bill fix price therm month current residenti price therm receiv month promot avail monthli promot price therm custom servic charg first
164923,introductori first month servic senior variabl first month continu senior variabl month month natur design bring choic natur credit learn visit
164924,introductori variabl introductori first month servic variabl pleas atlanta light servic still appli continu variabl natur market first design bring choic natur credit learn visit
164925,georgia link offer extern link conveni addit inform use interest georgia link offer extern link conveni addit inform use interest
164926,therm choos fix price bill natur predict fix therm bill bill averag approxim month current residenti price therm receiv month promot avail monthli promot price therm custom servic charg first
164927,current residenti price therm receiv month promot avail monthli promot price therm custom servic charg first current residenti price therm receiv month promot avail monthli promot price therm custom servic charg first
164928,therm discount variabl fix deposit establish servic great natur design bring choic natur credit learn visit
164929,design bring choic natur credit learn visit design bring choic natur credit learn visit
