passageId,passage
165270,often vapor smoke smoke green three
165271,enough power addit often take proper batteri increas overal longev visit knowledg center extend vapor batteri
165272,digit switch factor although perform deterior exhibit refer digit memori
165273,batteri readi distanc check batteri great review complimentari batteri mainten guid click
165274,allow batteri perform better accord phone would transfer batteri leav batteri plug effect unless abil drain batteri charg
165275,batteri avail build success batteri reliabl standard batteri longer
165276,batteri standard great lifetim warranti cover matter
165277,phone batteri batteri complet enough complet charg allow batteri maximum width might littl
165278,expect batteri vapor primarili manufactur qualiti differ howev expect approxim batteri batteri expect batteri gener manufactur experi somewhat
165279,exampl design time least charg expect batteri vapor batteri littl longer smaller batteri littl storag usag affect
