passageId,passage
165200,bibliographi bibliographi scholarli anyon research particular subject inform necessari someon materi commentari explain use
165201,bibliographi bibliographi bibliographi work descript evalu paper known bibliographi entri citat annot
165202,bibliographi often work refer usual found project research project
165203,bibliographi usual perform describ sourc evalu sourc annot concis descript particular sourc import content evid titl
165204,sampl bibliographi style base public manual style guid electron sampl follow bibliographi possibl gener exampl alert adher specif might assign cours subject disciplin
165205,bibliographi bibliographi bibliographi summari purpos provid reader summari evalu sourc summari concis exposit central reader gener content
165206,bibliographi bibliographi brief account avail research given topic research concis sourc annot usual brief summari content short analysi evalu
165207,bibliographi bibliographi organ varieti paragraph entri qualiti author relev
165208,bibliographi univers requir write bibliographi bibliographi work journal essay research paper project howev refer citat short summ evalu paragraph annot
165209,bibliographi account research given topic bibliographi bibliographi alphabet research addit bibliograph bibliographi concis summari sourc assess valu relev
