passageId,passage
165579,contact basic orient train cours design place multipl oper student gener safeti industri upstream downstream onshor offshor
165580,safeti complet build safeti monitor account questionnair ensur complianc guarante submiss offer annual mainten deliv print digit conveni
165581,american center magnet recognit program recogn excel specialti nurs educ prepar childbirth central avenu
165582,common premier basic orient cours design place multipl oper student gener safeti industri upstream downstream onshor offshor
165583,essenti safeti train cours safeti essenti learn employe industri premier basic certif replac numer oper numer expedit safeti train industri
165584,standard custom written base specif account write individu specif account deliv manual provid digit
165585,safeti midland texa daili bilingu basic orient hydrogen train test medic medic first test front loader steer aerial excav train
165586,basic orient train basic orient train cours design place multipl oper student gener safeti industri upstream downstream onshor offshor
165587,current total current compani click titl learn open
165588,account questionnair manual train document write complet safeti auditor receiv assess current train provid train
