passageId,passage
167377,hydantoin formaldehyd releas preserv trade hydantoin organ compound belong class known industri found liquid lubric hydantoin work preserv formaldehyd environ favor industri found liquid lubric hydantoin work preserv formaldehyd environ favor
167378,hydantoin glycolylurea heterocycl organ compound formula colorless solid reaction glycol deriv gener sens refer class structur parent exampl phenyl substitut number carbon hydantoin deriv gener sens refer class structur parent exampl phenyl substitut number carbon hydantoin molecul
167379,hydantoin controversi ingredi formaldehyd although formaldehyd process environ favor sourc process effect cleanser preserv beauti hydantoin controversi ingredi formaldehyd although formaldehyd process environ favor sourc process effect cleanser preserv beauti
167380,hydantoin white crystallin solid person hydantoin formul base safeti review hydantoin poorli absorb laboratori studi exposur hydantoin result advers effect expert panel note hydantoin formaldehyd donor aqueou media
167381,medic definit hydantoin crystallin weakli acid imidazol deriv sweetish tast found juic organ synthesi deriv hydantoin hydantoin crystallin weakli acid imidazol deriv sweetish tast found juic organ synthesi deriv hydantoin
167382,hydantoin typic come white crystallin powder malign hyperthermia occur result sever reaction anesthet surgic typic come white crystallin powder malign hyperthermia occur result sever reaction anesthet surgic
167383,hydantoin preserv microbi growth therebi protect person spoilag follow inform protect person safeti review hydantoin poorli absorb laboratori studi exposur hydantoin result advers effect expert panel note hydantoin formaldehyd donor aqueou media
167384,biggest concern hydantoin releas carcinogen formaldehyd actual work preserv formaldehyd strong biggest concern hydantoin releas carcinogen formaldehyd actual work preserv formaldehyd
167385,hydantoin formaldehyd releas hydantoin formaldehyd releas preserv peopl expos develop formaldehyd allergi allergi ingredi decomposit hydantoin formaldehyd releas hydantoin formaldehyd releas preserv peopl expos develop formaldehyd allergi allergi ingredi decomposit
167386,biggest concern hydantoin releas carcinogen formaldehyd actual work preserv biggest concern hydantoin releas carcinogen formaldehyd actual work preserv formaldehyd
