passageId,passage
167397,start weight train program start three train repetit heavi avoid injuri weight train exercis point muscl failur muscl failur weight train exercis muscl longer provid energi necessari contract involv particular exercis joint muscl tendon like occur muscl failur
167398,shoulder socket joint place infraspinatu rotat respons keep socket shoulder scapula shoulder blade humeru infraspinatu muscl intern shoulder upper toward
167399,allow exercis pressur three relax repeat time switch opposit three strengthen infraspinatu small dumbbel
167400,strength program time exercis follow outlin section increas increas strength
167401,rais supraspinatu number complet dumbbel front later rais supraspinatu rotat muscl focu muscl stand apart dumbbel right
167402,stand rotat exercis dumbbel upright shoulder rotat incorpor rotat teach function togeth stand apart dumbbel right
167403,weight train program follow upper shoulder strength program usual basic foundat upper shoulder strength combin basic shoulder strength stretch program outlin
167404,exercis supraspinatu infraspinatu benefici number perform specif weight select fatigu strength gain eight
167405,supraspinatu commonli injur muscl rotat group strengthen import overal shoulder function
167406,length program shoulder program continu unless otherwis doctor physic therapist recoveri continu mainten program lifelong protect health
