passageId,passage
16756,southern paraguay river border argentina anoth great place vacat paraguay intend explor argentina especi sinc link bridg argentinian
16757,first arriv paraguay second found franciscan
16758,enjoy walk center cathedr nation pantheon interest visit guard ceremoni
16759,histori paraguay come spanish colon begin indirectli expedit voyag death santa island brazilian coast
16760,histori paraguay base develop indigen thousand eastern paraguay guarani spanish colon
16761,apart paraguayan northern front disast paraguayan april invas forc along small artilleri
16762,eastern paraguay right border brazil argentina countri popular visit look cheap electron good cheapli market
16763,first place paraguay argentina brazil popul almost eras countri
16764,interest paraguay capit paraguay like land point countri come oversea intern airport
16765,anoth reason ad interest visit paraguay museum interest collect paraguayan weaponri
