passageId,passage
167467,symbol superscript number measur symbol superscript number minut constant ratio circumfer diamet valu approxim
167468,everi engin scientif develop inde organ color depth normal disabl
167469,angl smaller right angl angl form perpendicular symbol straight anoth right angl symbol straight remain constant distanc symbol straight remain constant distanc anoth
167470,latin distanc sourc english space reason nought initi posit posit delta space travers go posit anoth distanc
167471,distanc earth astronom approxim distanc jupit pluto
167472,distanc travel reason result displac north journey actual visibl start mayb cano distanc displac differ relat
167473,despit think scienc bore thing demonstr quit opposit live repres multipl studi chemistri biolog physic engin comput research astronomi brief perfect scienc
167474,organ particular format perfect scienc save pictur portabl network graphic
167475,school perpendicular parallel calcul parallel slope parallel given point simpli calcul slope calcul intercept pretti
167476,symbol superscript number denot open angl length front letter identifi scale measur english french visual dictionari dictionari
