passageId,passage
16776,account obes larg array found sugar suppli link higher diabet independ obes studi
16777,overweight obes physic inact like develop diabet physic activ overweight obes extra weight sometim insulin resist common peopl diabet locat differ extra belli link insulin resist diabet heart blood vessel diseas
16778,amount satur found like caus associ diabet
16779,consumpt incid coronari heart diseas stroke diabet systemat review import ratio essenti fatti marker
16780,eat sugar caus diabet exactli eat sugar caus weight result obes peopl diabet accord theori
16781,highli acid diabet dietari consumpt intak fruit coffe studi howev prove highli acid actual diabet
16782,diabet immun system system fight infect pancrea think diabet environment might trigger diseas
16783,doesnt blame diabet alon public health messag heart healthi balanc balanc satur
16784,diabet group found peopl consumpt period percent like develop diabet peopl
16785,bacon diabet justifi lump blend wheat anim studi design
