passageId,passage
168087,alfalfa larg vitamin vitamin blood blood help blood alfalfa might decreas effect
168088,alfalfa plant primarili nativ consid first known mankind member famili fabacea often feed highest nutrit valu
168089,begin alfalfa plant plant someth natur deriv product earth aris abund alfalfa plant natur essenti famili
168090,dri alfalfa better fresh alfalfa great alfalfa mix differ whatev heart astronom healthi without hardli chang tast
168091,lucern natur essenti famili biotin calcium magnesium potassium protein especi dri
168092,alfalfa plant contain spectrum import load extrem import biotin calcium magnesium potassium
168093,alfalfa effect safeti alfalfa leav possibl howev take alfalfa like unsaf alfalfa caus similar diseas lupu alfalfa might caus becom extra sensit outsid especi pregnanc breastfeed alfalfa commonli found possibl unsaf pregnanc breastfeed
168094,birth control along alfalfa addit birth control birth control includ estradiol estradiol
168095,alfalfa alfalfa grind leav present leav present among found alfalfa benefici present
168096,cleans alfalfa leav gluten bernard alfalfa alfalfa leav tablet bottl bernard alfalfa import ingredi cleans program alfalfa fiber structur alfalfa leav
