passageId,passage
16846,space rang plenti shoot least shoot rang actual space place target plenti place ammunit space rang plenti shoot least shoot rang actual space
16847,intend great pistol revolv rifl pigeon hanger pistol target setup around cloth stuff shoot rang alway readi leav clean whoever rang clean remov sidewalk pavilion swept clean
16848,creativ great fire rang basic littl assembl first target back stapl obvious quickli shoot stuff shoot rang alway readi leav clean whoever rang clean remov sidewalk pavilion swept clean
16849,basic function creativ great fire rang basic littl assembl first target back stapl rang back obvious quickli shoot stuff shoot rang alway readi leav clean whoever rang clean remov sidewalk pavilion swept clean
16850,set shoot rang safeti prioriti set shoot rang whether garden friendli field attic space thought given pellet go finish might caus deviat intend modern rifl capabl shoot pellet unless shoot field travel properti unless taken prevent
16851,rang rifl allow scope retain height receiv allow either elev windag combin shoot rifl favorit accur sight rifl elev adjust still shoot rang hunt
16852,target cheap build target break transport shoot upright replac perfect set style shoot rang anywher target break transport shoot upright replac perfect set style shoot rang anywher
16853,decid creat rang shoot shoot alreadi think someth along decid creat rang shoot shoot alreadi think someth along
16854,stuff shoot rang alway readi leav clean whoever rang clean remov sidewalk pavilion swept stuff shoot rang alway readi leav clean whoever rang clean remov sidewalk pavilion swept clean
16855,shoot rifl favorit accur sight rifl elev adjust still shoot rang hunt shoot rifl favorit accur sight rifl elev adjust still shoot rang hunt
