passageId,passage
168987,common mix dementia abnorm protein associ diseas coexist blood vessel link vascular dementia brain often coexist person brain link three diseas vascular dementia dementia
168988,mix dementia depend brain involv brain affect similar indistinguish anoth dementia
168989,percent dementia percent patholog common abnorm previous undetect blood evid vascular diseas
168990,dementia categori caus memori deterior mental dementia physic brain progress diseas mean wors peopl dementia rapidli reach advanc stage progress dementia greatli underli caus dementia
168991,progress diseas depend dementia person commonli dementia diseas common dementia percent
168992,dementia dementia protein cortex addit memori confus dementia caus sleep hallucin
168993,mental deterior organ function origin classifi stabl demented dementia dementia insan rel perman disord follow dementia
168994,dementia collect describ variou cognit declin forget symptom sever underli brain articl potenti dementia variou avail content articl
168995,frontotempor dementia group often caus person behavior caus languag difficulti frontotempor dementia occur rang diseas progress supranuclear palsi
168996,dementia normal age dementia singl diseas gener describ memori commun think likelihood dementia normal age light cognit memori happen normal age known cognit declin rather dementia caus signific
