passageId,passage
169527,result pressur friction plate materi melt mantl common converg toward anoth either subduct continent collis
169528,boundari boundari shield form apart come crumpl form exampl
169529,converg boundari plate tecton converg boundari known destruct plate boundari subduct activ region tecton lithospher toward anoth collid
169530,illustr happen ridg plate boundari diverg ocean apart form ocean magma insid earth magma bottom ocean turn form cycl constantli spread floor materi along chain floor spread
169531,along plate margin collis boundari occur along margin result grind togeth major come water
169532,separ along boundari block plastic interior asthenospher sink block central valley magma liquid upward crust form along boundari occur along magma surfac diverg boundari typic includ ethiopia
169533,natur converg boundari dens ocean plate continent plate ocean plate typic thrust underneath greater buoyanc continent lithospher form subduct
169534,addit underwat displac water follow chart choos meet ocean continent
169535,ocean come turn underwat ridg exampl form destruct boundari ocean ocean trench form plate
169536,illustr happen volcan island plate boundari converg ocean plate ocean plate form process reach surfac
