passageId,passage
169537,surgic divis nonviabl eschar cutan envelop becom compliant henc underli avail volum expand tissu injuri function compromis imag
169538,overview definit overview thick unit reveal cover
169539,sever especi problemat propens caus disabl proper treatment burn patient return normal unfortun larg portion burn import overal function outcom often properli result sever function signific morbid
169540,consid emerg procedur treatment howev rare need emerg depart initi present sever burn patient
169541,burn releas tight extend burn tissu prevent injuri import underli bedsid caution
169542,adequaci test complet capillari fill doppler compart improv decreas compart indic procedur adequ
169543,equat tight burn emerg prevent tissu burn releas tight extend burn tissu
169544,depth import approxim heal first superfici within wherea second longer signific evid heal
169545,therapist avail referr encourag patient often especi dress nurs famili patient patient unabl activ passiv
169546,blister collect fluid beneath layer burn injuri discuss depth follow gener blister use biolog dress remain steril environ
