passageId,passage
169947,groom theyr awak caus wound infect interest lick eat that could harmless condit effect theyr caus peopl allerg insect pollen shell
169948,around facial usual bigger problem begin littl spars closer what go scientif known caus sever itch lead easili spread amongst occasion transfer peopl although surviv
169949,mang fungal ringworm usual wound understand think excess either caus often feel itchi disord
169950,veterinari question custom black siames stray cauliflow appear thinner found common hair crusti alopecia unlik smooth normal look arent itchi pretti unlik although arent look
169951,notic hesit caus easili prevent problem get complet occur anywher especi vulner furnitur relief easili physic presenc small leav
169952,presenc ringworm fungu caus circular shape itchi secondari ringworm like caus wellat normal phenomenon occur differ known alopecia facial common point medic condit
169953,caus weak lethargi hypothermia shiver tri sever hypothermia shiver detect hypothermia mouth addit could hypotherm blanket veterinari detect hypothermia mouth mouth addit could hypotherm blanket veterinari
169954,color color leather probabl white suscept damag ultraviolet light caus outsid color color leather probabl white suscept damag ultraviolet light caus cancer
169955,common reason scratch infect attach tissu present canal excess scratch common reason scratch infect attach tissu present canal excess scratch
169956,alopecia condit differ medic hereditari regular basi shouldnt caus medic caus alopecia includ inhal contact normal phenomenon occur differ known alopecia facial common point medic condit
