passageId,passage
169917,abnorm psycholog divis psycholog peopl abnorm atyp given societi evid psycholog common previous thought
169918,abnorm psycholog divis psycholog peopl abnorm atyp given societi
169919,abnorm psycholog divis psycholog peopl abnorm atyp given societi evid psycholog common previous thought
169920,definit abnorm psycholog branch psycholog concern mental emot neuros psychos mental retard certain incomplet understood normal phenomena hypnosi
169921,abnorm psycholog divis psycholog peopl abnorm atyp given societi
169922,classifi normal display psycholog advers contrast abnorm psycholog field psycholog abnorm mental
169923,rethink normal abnorm appli mental emot human
169924,certain issu definit normal valu posit neg associ healthi unhealthi medic social context
169925,abnorm psycholog abnorm psycholog divis psycholog peopl abnorm atyp given societi
169926,definit abnorm psycholog branch psycholog concern mental emot neuros psychos mental retard certain incomplet understood normal phenomena hypnosi advertis
