passageId,passage
170197,batman super cape crusad wonder super unit thwart nefari joker diabol quest caus destruct batman super sequel batman million
170198,fight joker mission space station infest fight joker immort fight destroy creat platform batman lower floor build gener center order batman higher level destroy glass sonar
170199,batman guid begin end strategi sequel previou batman video batman super avail batman super within batman univers fill batman comic seri work justic leagu comic seri
170200,shadow untold stori batman beyond batman beyond gotham cape crusad super univers shadow untold stori batman beyond batman beyond gotham cape crusad super univers
170201,batman beyond gotham cape crusad super univers harri potter harri potter chanc experi magic adventur harri potter batman beyond gotham cape crusad super univers
170202,batman beyond gotham cape crusad super univers batman beyond gotham cape crusad super univers
170203,creat platform batman lower floor build gener center order batman higher level destroy glass sonar token electr approach gener gather power creat platform batman lower floor build gener center order batman higher level destroy glass sonar
170204,avoid health superman higher platform destroy creat platform batman lower floor build gener center order batman higher level destroy glass sonar
170205,avail august batman super rate univers super batman super sequel batman million
170206,featur batman super found univers super collect construct three buildabl detail action batman super sequel batman million
