passageId,passage
170267,look inform cultur ancient mexican tropic coastal plain contemporari tabasco explan
170268,first major civil follow progress develop live tropic tabasco deriv neighbor
170269,economi center around agricultur product fertil fish distinct cultur region central mexican mayan
170270,first major civil follow progress develop modern southwestern pacif live tropic tabasco
170271,cultur ancient mexican tropic coastal plain contemporari tabasco
170272,coloss rectangular like altar shown freestand sculptur martin monument stela monument
170273,civil first defin market centuri earli centuri consid among ancient strike
170274,known major civil follow progress develop live tropic tabasco deriv neighbor popul form period date roughli earli
170275,first civil littl known rel exampl aztec number altern origin forth
170276,come nahuatl singular plural compos mean rubber mean peopl rubber peopl
