passageId,passage
17056,post decemb attorney shannon similar maintain standard leas guid second seri work regard
17057,royalti claus provid valu measur price lesse sell lesse price situat leas provid altern method product
17058,found gener natur caveat pleas advis materi variou period past awar alway approv given claus
17059,properli leas impact valu properti enhanc valu properti leas detriment effect valu initi titl leas prospect properti normal leas titl problem
17060,extend leas without product promis drill primari essenti compani option drill perhap perpetu leas possibl secondari actual
17061,common miner exploit similar maintain standard leas guid second seri work regard
17062,owner right leas compani right develop prior owner miner bought prior owner could execut leas properti
17063,gener durat leas extend without product follow found nearli drill cessat product forc claus
17064,claus miner leas provis durat miner leas though product leas
17065,leas contract miner owner lessor typic compani lesse develop leas compani miner explor develop produc
