passageId,passage
170577,vitamin defici includ health prevent absorb vitamin biliari diseas cystic fibrosi celiac diseas diseas liver diseas take blood seriou
170578,individu vitamin defici consult physician proper diagnosi vitamin defici result dietari spinach broccoli whole wheat bread vitamin
170579,overview vitamin vitamin tissu liver known help blood coagul properli come german vitamin import health vitamin defici that addit found leafi green bacteria vitamin sometim take bacteria defici mostli peopl begin
170580,among common vitamin defici heavi menstrual bleed bleed bleed bruis vitamin defici includ bleed within digest tract blood urin
170581,defici vitamin affect fetu vitamin defici result intern bleed skull malform facial vitamin overal develop fetu pregnant woman usual given vitamin
170582,level vitamin great densiti level osteoporosi osteoporosi disord major vitamin health
170583,natur vitamin includ number known vitamin vitamin figur vitamin predomin vitamin rang vitamin collect human intestin microbiota found anim
170584,includ bruis bleed manifest bleed blood urin blood stool tarri black extrem heavi menstrual bleed vitamin defici result bleed within skull intracrani hemorrhag
170585,vitamin coagul liver consequ sever liver diseas lower blood vitamin uncontrol bleed hemorrhag
170586,excess bleed vitamin wide known vitamin vitamin reduc bleed liver defici vitamin caus bleed blood urin stool tarri black stool heavi menstrual bleed vitamin
