passageId,passage
170767,start viewer click button bottom molecul click optim button click bottom window viewer window select display desir choos start viewer click button bottom molecul click optim button click bottom window viewer window select display desir
170768,start viewer click button bottom molecul click optim button click bottom window viewer window select display desir choos start viewer click button bottom molecul click optim button click bottom window viewer window select display desir
170769,lasso chang first click structur select click group select carbon doubl tripl select creat molecul button avail document select follow address latest version
170770,switch window window click button bottom window structur click button bottom window either button choos viewer learn start practic clean structur draw sometim multipl
170771,point structur screen convert structur follow either approxim equival section structur propan section convert introduct within make
170772,select bottom screen document select molecul select molecul first frame chang stick model space fill model button avail document select follow address latest version
170773,molecul shown select molecul click viewer button right button select structur optim button avail document select follow address latest version
170774,button avail document select follow address latest button avail document select follow address latest version
170775,window click select click appli button group appear structur click click appli button repeat window click select click appli button group appear structur click click appli button repeat procedur
170776,shown carbon hydrogen follow optim convers alarm period shown propan molecul three carbon eight hydrogen carbon hydrogen follow optim convers alarm period shown
