passageId,passage
170697,pelvic sound pictur lower belli pelvi pelvic bladder uteru cervix fallopian woman femal prostat gland semin
170698,pelvic procedur sound creat pelvic sound pelvi measur reflector differ
170699,pelvic sound pictur lower belli pelvi pelvic bladder uteru cervix fallopian woman femal
170700,pelvic sound pictur lower belli pelvi
170701,pelvi sound produc lower abdomen pelvi three pelvic abdomin vagin rectal frequent evalu reproduct urinari
170702,definit pelvic procedur sound creat pelvic sound pelvi measur reflector differ
170703,pelvic guid pelvic sound pictur lower belli pelvi pelvic bladder uteru cervix fallopian woman femal
170704,pelvi sound produc lower abdomen pelvi three pelvic abdomin vagin rectal
170705,pelvic procedur harmless sound abdomen reflect intern creat shadowi black white display screen
170706,definit pelvic procedur harmless sound abdomen reflect intern creat shadowi black white display screen
