passageId,passage
171047,potenti muscl weak anxieti link anxieti affect differ peopl lighthead though theyr go faint caus feel muscl weak
171048,peripher neuropathi includ tingl feel wear tight glove sharp stab numb heavi feel sometim place
171049,often fatal condit associ chest aorta larg blood vessel blood heart chest abdomen condit aortic dissect sever chest
171050,hyperventil muscl weak reduc blood danger caus tingli light along reduc anxieti blood anxieti blood albeit degre
171051,muscl weak frighten anxieti muscl weak first numer health persist weak sever stress health serv anxieti wors numer anxieti caus muscl weak
171052,experi effect thorac outlet syndrom tingl numb thorac outlet syndrom major research treat guest guest
171053,peripher neuropathi includ tingl feel wear tight glove sharp stab numb heavi feel sometim place regularli drop
171054,inact hold still posit caus neuropathi pressur median nerv nerv wrist feel movement carpal tunnel syndrom common peripher neuropathi
171055,chest chest cartilag rubberi tissu caus chest chest associ injuri typic sharp confin specif chest
171056,pulmonari chest pneumonia infect inflamm tissu tissu condit pleuriti caus chest
