passageId,passage
171017,disord anxieti disord peopl unwant repeat engag mental respons person reduc impact obsess
171018,caus known research neurolog brain disord evid peopl defici chemic brain suggest genet compon howev develop without famili histori
171019,previou neuropsycholog perform neurolog relat treatment respons pharmacotherapi treatment
171020,studi hypothesi neurolog neuropsycholog associ disord predict respons treatment
171021,recent world health organ studi total disord billion treatabl condit first treatment pharmacolog psycholog intervent improv partial roughli respond
171022,disord unwant intrus repetit afflict percent popul typic begin often chronic condit genet environment therapi exposur psychotherapi definit
171023,cognit behavior theori outlin peopl associ object wherea cognit theori peopl misinterpret
171024,presenc disord caus mark distress interfer normal
171025,imbal glutamin thought involv certain could trigger combin genet neurolog behavior cognit environment
171026,neurolog neuropsycholog obsess compuls disord interact treatment depart psycholog institut psychiatri denmark
