passageId,passage
172365,opportun weather procedur simpl click weather select countri addit design past
172366,climat temperatur marin coast climat season accord system bioclimat classif situat boreal forest biom
172367,accept higher accord research
172368,climat temperatur climat averag annual averag temperatur littl celsiu fahrenheit
172369,climat temperatur marin coast climat season heavi precipit domin midlatitud
172370,annual averag temperatur littl celsiu fahrenheit rang averag monthli slightli rang
172371,climat temperatur climat averag annual averag temperatur littl celsiu fahrenheit rang averag monthli slightli rang
172372,averag annual averag temperatur littl celsiu fahrenheit rang averag monthli slightli rang
172373,annual temperatur celsiu fahrenheit monthli breakdown fix scale graph averag monthli continent ocean subtyp
172374,annual averag temperatur littl celsiu fahrenheit rang averag monthli slightli rang diurnal temperatur rang variat
