passageId,passage
172453,although nonflamm chlorin strong oxid react caus explos contact turpentin ether ammonia certain metal easili organ
172454,repeat exposur result reduc pulmonari capac dental eros contact liquid chlorin caus seriou blister tissu destruct chlorin caus irrit burn contact rapidli expand frostbit hazard
172455,water treatment disinfect bleach agent particularli paper manufactur bleach powder ethylen glycol glycerin
172456,intak ventil system floor chlorin time exhaust exhaust system exchang everi three
172457,toxic irrit inhal major potenti rout exposur caus sever irrit mucou throat respiratori tract sever burn chest vomit headach anxieti feel suffoc sever breath occur onset
172458,chlorin chemic element symbol atom number rel atom chlorin halogen group second halogen follow fluorin element diatom standard chlorin highest electron affin third highest reactiv
172459,quick answer carbon dioxid known chemic formula higher densiti found compos approxim percent nitrogen percent oxygen percent learn
172460,nearli chlorin crust ionic chlorid tabl second abund halogen abund chemic element crust
172461,direct chlorin station proper locat electr equip chlorin station locat exchang exhaust chlorin station scale chlorin proper temperatur chlorin station impact uniform build articl design chlorin
172462,carbon dioxid known chemic formula higher densiti found compos approxim percent nitrogen percent oxygen percent continu read
