passageId,passage
172385,contact start simpl make contact smile subtli touch first open possibl physic contact import subtl might
172386,jenni natur whatev attent queer swing goofi realli think hold never never never
172387,subtl might give small might nervou encourag alway help theater place armrest face invit
172388,bottom gener get pregnant sexual drive protect daughter innoc excit
172389,youv gotten phase second month start sens person learn cri pretti basic point hunger sleepi dirti portion guid expect child reach
172390,reach gaug level interest subtl might readi right place middl dinner activ hold conveni check
172391,sometim relax gener talk hold inform statement respons hold whoever
172392,hold inform simpli hold respons anim fashion encourag discourag like respons would intrigu frighten
172393,glass water theyr sometim theyll throw theyr scari charact trailer sweet amaz wrote tween
172394,would rememb like would break would someon go
