passageId,passage
174385,steel battalion control steel battalion origin control button pedal work steel battalion sequel steel battalion contact pictur cupboard
174386,better screen compat three worth batteri unlik power stratu doesnt conveni headphon control
174387,three flaw expens updat andrew januari three updat price stratu video sometim first instinct blame
174388,steel battalion control steel battalion origin control button pedal work steel battalion sequel steel battalion contact
174389,turn expens control take whole differ level
174390,setup control video petit setup
174391,steer wheel three adjust display surround sound system vibrat system power amplifi automot slider suspens light effect
174392,recent septemb video still sleepless night septemb awesom game august billion world game market august shuttl small game
174393,that heavili control serious immedi
174394,mobil anoth control origin found work stratu power pay gener probabl expens guarante compat actual price around replac control easier advantag place
