passageId,passage
174664,averag winter temperatur averag summer temperatur biom sustain rainfal differ arctic yearli precipit melt form slowli
174665,alaska tundra environ annual precipit contrast point barrow northernmost unit annual precipit
174666,alaska tundra environ annual precipit contrast point barrow northernmost unit annual precipit addit precipit coastal tundra
174667,precipit accord planet climat tundra extrem precipit similar tropic averag precipit melt tundra
174668,averag precipit melt tundra coupl strong dri annual precipit tundra extrem weather
174669,tundra unusu climat precipit melt almost littl driest
174670,tundra unusu climat precipit melt almost littl coupl strong dri tundra extrem weather biom
174671,precipit level tundra doesnt exceed trend tundra closer larg water precipit measur
174672,precipit tundra melt that still tundra usual place caus evapor water
174673,precipit tundra melt that still tundra usual place caus evapor water arctic
