passageId,passage
175897,singl medium size avocado averag fiber daili vitamin need protein addit avocado amino score protein
175898,ad vari protein complimentari addit protein besid protein fruit import often essenti fiber consumpt fruit associ digest health protect certain lower blood pressur health
175899,avocado bagel sprout dri apricot surpris crucial nutrient unexpect protein includ beetroot avocado protein need base activ level
175900,unsweeten vanilla almond scoop chocol protein clean chocol protein packet frozen banana cleans mango avocado flesh scoop scoop almond butter natur peanut butter
175901,nutrit sodium fiber sugar protein chees summeri recip avocado enough stand classic balsam glaze welcom whole plate
175902,unsweeten vanilla almond scoop chocol protein clean chocol protein packet frozen banana cleans mango avocado flesh scoop scoop almond butter natur peanut butter
175903,amino nonessenti amino essenti amino function without weight protein
175904,avocado bagel sprout dri apricot surpris crucial nutrient unexpect protein includ beetroot avocado protein need base activ level thin anemia protein defici
175905,nutrit sodium fiber sugar protein breakfast brunch breakfast avocado toast answer
175906,chocol avocado protein definit decad super creami delici normal banana howev cleans banana frozen
