passageId,passage
175907,fractur break upper quarter femur thigh extent break involv surgeri treat fractur primarili base affect level fractur
175908,fractur surgeri repair break upper thigh thigh femur joint relat topic receiv gener anesthesia surgeri
175909,diagnosi fractur gener femur occur upper thigh femur patient incomplet fractur regular magnet reson usual hidden fractur
175910,diagnos broken anoth doctor fractur better anoth get detail
175911,fractur broken older break major chang probabl surgeri recov activ physic therapi strength mobil
175912,elderli often usual seemingli insignific younger common broken includ height
175913,better anoth get detail take hairlin crack still place
175914,commonli occur direct medic osteoporosi cancer stress weaken suscept break
175915,happen peopl older usual older natur strength like break minor young like break accid sport injuri increas break includ femal
175916,surgeri fractur fractur femur pin procedur surgeri special tabl surgeon machin
