passageId,passage
176227,follow get follow receiv
176228,vitamin effect effect vitamin
176229,vitamin citru green cauliflow tomato essenti healthi growth anoth vitamin vital health biotin
176230,natur formula specif design support healthi collagen synthesi vitamin biotin support healthi
176231,filter treatment prevent vitamin defici review overal rate medic work current rate medic
176232,suffici amount essenti accord eat right gorgeou insid
176233,appear condit indic spend condit actual provid accur read physic health
176234,suffici amount essenti healthi accord eat right gorgeou insid
176235,vitamin citru green cauliflow tomato essenti healthi growth anoth vitamin vital health biotin
176236,import section content express content sole medic scientif train repres
