passageId,passage
176177,continu press anoth ocean plate gradual beneath continent crust mantl accord scienc known ocean trench mariana trench pacif ocean approxim mile portion mariana trench challeng narrow portion southern roughli water temperatur slightli ocean remain larg unexplor immens
176178,ocean floor exist unusu nearli three time averag depth floor known trench complet dark unimagin squar
176179,ocean subduct coast south america peruvian trench aleutian trench north pacif ocean famou world trench coast southeast pacif
176180,approxim mile portion mariana trench challeng narrow portion southern roughli water temperatur slightli freez ocean remain larg unexplor immens
176181,ocean depth measur challeng mariana trench depth level ocean lithospher global
176182,ocean depth measur challeng mariana trench depth level ocean lithospher global
176183,accord scienc daili signific geolog event ocean gradual subduct crust mantl process million
176184,accord scienc daili signific geolog event ocean gradual subduct crust mantl process
176185,ocean trench continent sediment approach trench continent becom
176186,ocean trench ocean crust form ocean ridg lithospher asthenospher ocean topograph floor rel narrow width oceanograph ocean floor ocean distinct morpholog featur converg plate along toward trench posit flex descend beneath anoth
