passageId,passage
176557,categori vitamin thin alon approxim start number although bald common psycholog impact greater
176558,suffici protein prevent anoth ad benefit found prevent vitamin vitamin found antioxid increas scalp circul suffer blood pressur medic consult physician increas vitamin intak
176559,classic condit thin addit person anemia color becom nation health vitamin
176560,vitamin essenti healthi exercis caution vitamin toxic actual result opposit effect maximum daili amount consum either supplement combin
176561,control probabl common face peopl longer start experi variou common pollut stress improp sleep
176562,prevent differ common stress vitamin defici stress difficult issu difficult malnourish suffici vitamin content
176563,vitamin import healthi inositol inositol unoffici group vitamin group certainli commonli known vitamin respons number support within
176564,growth healthi blood vitamin build healthi blood vitamin taken intern scalp directli check treatment
176565,commonli known promot strong biotin vitamin sometim vitamin biotin healthi increas elast dryness prevent breakag addit biotin produc keratin primari compon healthi
176566,prevent pleas differ common stress vitamin defici stress difficult issu difficult malnourish suffici vitamin content
