passageId,passage
176727,remov slot spoon immedi place water cook process pare knife easili stubborn return fruit boil water
176728,intens fragranc slightli pressur avoid store plastic refriger ripen place brown paper store temperatur
176729,stove bring water gentli place peach boil water leav slot spoon remov peach boil water immedi place water leav
176730,place whole boil water stand close slot spoon accord follow blanch blanch fairli blanch harder blanch
176731,stove bring water gentli place peach boil water leav slot spoon remov peach boil water immedi place water leav
176732,learn delici peach place larg boil water remov slot spoon immedi place water cook process pare knife easili stubborn return fruit boil water
176733,place knife peach section motion remov repeat three method unrip peach cobbler canning pare knife score small bottom peach place peach boil water slot spoon remov peach boil water place fill water peach enough handl pare knife remov
176734,place right slightli still easier remov place knife
176735,blanch bring saucepan fill water pare knife ideal granni pare knife carv small bottom peel place boil water minut slot spoon spoon remov boil water place water allow drain simpli
176736,method peach cobbler canning place peach boil water slot spoon remov peach boil water place fill water peach enough handl lightli pinch
