passageId,passage
176677,answer graduat develop program introduc payrol inform happen ethic build depend profil might includ technic
176678,water offer latest graduat develop water usual remain avail south water graduat south boost experi level better employ south
176679,graduat school sometim school school advanc academ doctor gener requir previou undergradu degre grade point averag
176680,water biggest work south special train work graduat water south
176681,learn manag develop program becom better leader depart colleg valuabl contributor institut program overview middl manag higher educ distinct leadership
176682,distinct graduat profession absolut variou profession offer graduat nurs offer degre nurs
176683,graduat graduat train graduat train introduct find scheme train scheme get graduat scheme typic graduat graduat train larg typic extend defin frame structur normal graduat scheme class graduat catch requir peopl graduat level educ
176684,appli shell graduat explor world opportun shell graduat enhanc career structur learn continu feedback support shell graduat chanc impact chosen
176685,distinct typic graduat studi degre provid train particular profess profession offer special advanc profession medicin nurs busi engin
176686,whether technic commerci shell graduat receiv unparallel formal train enhanc career design remark busi knowledg train becom futur leader
