passageId,passage
176997,similar result morphin heroin sleepi fatigu warmth itchi nausea vomit tendenc suppress breath creat death taken
176998,chemistri pharmacolog time potent morphin analges receptor agonist solubl rapid onset short durat effect rapidli barrier similar receptor morphin pharmacolog effect analgesia sedat respiratori depress nausea vomit produc muscl rigid greater frequenc
176999,pharmaceut current avail dosag commonli effervesc buccal inject
177000,potenti degre relief wherea onset differ
177001,shorter morphin great consciou sedat reason system
177002,effect morphin morphin deriv opium poppi morphin addict usual manag chronic peopl cancer syring contain morphin morphin abus
177003,inform synthet opiat painkil morphin time power morphin given peopl alreadi take
177004,effect morphin given amount time potenc amount morphin morphin usual measur quantiti would caus lethal overdos taken
177005,three activ howev right cleaner morphin morphin metabolit accumul set renal dysfunct
177006,introduct potent synthet medic practic intraven anesthet trade licit million million respect health
