passageId,passage
177007,gasif greater gasif process convert fossil carbon monoxid hydrogen carbon dioxid oxygen steam temperatur environ without combust produc mixtur
177008,gasif process convert fossil carbon monoxid hydrogen carbon dioxid oxygen steam temperatur environ without combust produc mixtur
177009,gasif greater gasif process convert fossil carbon monoxid hydrogen carbon dioxid oxygen steam temperatur environ without combust produc mixtur
177010,basic gasifi current commerci draft fix technolog oxid agent steam oxygen direct move gasifi draft fix
177011,machin fabric repair throughout world abil replac repair lifetim equip manner
177012,gasif process clean altern tradit learn process environment guid gasif process clean altern tradit learn process environment guid
177013,renew refin liquid fertil metal catalyst mechan convers process buildup surfac easili scale oper atmospher pressur
177014,basic gasifi current commerci draft fix draft fix reactor plasma
177015,histori gasif process convert energi organ materi around primari power gasif initi gasif technolog produc municip light cook major world gaslight
177016,histori gasif process convert energi organ materi around primari power gasif
