passageId,passage
177767,move right along overhead exampl would look overhead overhead previou total rough paver driveway
177768,match differ size shown slide upgrad patio without cost money reduc cut instead brick cutter shown heavi difficult compact brick cutter intend smaller rental suppli compani
177769,deliveri rang depend manufactur distanc project truck deliv pave
177770,start choos that style budget sinc everi project differ access custom gener final price absolut instal price
177771,instal spread shallow layer broom settl fill aris second
177772,fiber roughli would amount driveway regular joint would roughli joint driveway basic standard materi driveway
177773,inexpens patio patio gener equat price concret patio factor price someon ground patio might averag patio patio
177774,includ select profession instal access price base least smaller addit charg
177775,first paver along hous perfectli parallel tight posit apart place rubber mallet
177776,patio pretti cheap definit cheap differ accord jessica spokeswoman right contractor averag cheap patio instal concret patio averag accord refer probabl cheap patio pine patio presum concret
