passageId,passage
178316,australia audiolog clinic audiolog audiolog altern degre oversea certifi australia member profession
178317,degre doctor audiolog degre degre go audiolog school degre didact train formerli degre experi would usual fellowship medicin
178318,degre go audiolog school degre didact train formerli degre experi would usual fellowship medicin
178319,audiologist hear vestibular abnorm present provid patient hear cochlear appropri medic assist
178320,understand stand realli offer provid psycholog depend specif degre like level degre obvious level degre
178321,emphasi clinic learn experi though research compon audiolog degre unit
178322,degre situat degre doctor audiolog degre bottom degre doctor think often
178323,encyclopedia audiolog latin greek logia branch scienc hear balanc relat treat hear prevent relat damag
178324,articl need addit verif pleas improv articl reliabl doctor audiolog profession degre audiologist program design produc skill provid diagnost rehabilit associ hear balanc tinnitu manag relat
178325,doctor audiolog profession degre audiologist program design produc skill provid diagnost rehabilit associ hear balanc tinnitu manag relat
