passageId,passage
178581,chico orthoped surgeon herniat orthoped surgeon certif board surgeri focu investig preserv restor function spine associ medic surgic physic
178582,check special clinic clinic second edit relief epidem indigest keep healthi strong manag blood pressur better health clinic
178583,physician orthoped surgeon orthoped surgeon certif board surgeri focu investig preserv restor function spine associ medic surgic physic
178584,cervic herniat resolv gradual simpl muscl help appli sever time
178585,although herniat sometim pain peopl better simpl nonsurg anatomi rubberi found vertebra spinal column vertebra allow
178586,write whether neurologist orthopedist herniat excel question opinion ideal answer
178587,read herniat pinch nerv pinch nerv numb tingl affect pressur nerv lower manag manag treatment simpl complex accord caus
178588,herniat herniat occur outsid intervertebr spongelik center origin posit spine jelli center outsid center tough exterior becom herniat varieti typic moder sever
178589,appoint like initi bring attent famili doctor refer doctor physic medicin rehabilit orthoped surgeri neurolog neurosurgeri
178590,neurologist orthopedist herniat guidanc gener advis neurologist skelet caus nerv involv almost absolut piec advic
