passageId,passage
178611,bigger wonder rather prefix
178612,rate answer equal depend context equal either depend context sourc chart measur equival thousand comput memori capac
178613,time biggest classic question first bigger depend might equal exact
178614,caution chang standard tri spent tri peopl
178615,would greater anoth problem assum run predict exampl come first would come valu come
178616,program valu approxim extra knowledg teacher might extra
178617,assembl languag would doubl
178618,bigger wonder rather prefix
178619,decim comput world base binari system instead million thousand obvious
178620,reason binari decim binari decim power
