passageId,passage
179131,chines american white school suburb doesnt talk school especi front amelia crush final friend
179132,first base legendari monkey charact classic chines novel journey second stori child chinatown mostli white suburb
179133,monkey chang cours chapter psycholog experi messag parabl signific convers herbalist literari devic learn comparison
179134,person transform first transform violent angri monkey eight differ chapter alon someon master
179135,scene amelia biolog affin monkey leav alon easili recogn monkey actual monkey actual recogn monkey
179136,spoken father monkey panel ident monkey human panel matter transform dismiss ident monkey
179137,asian glass smart chines cultur american cultur
179138,major serv monkey exampl think monkey stori allegor transform
179139,learn comparison chinatown peopl accept cultur lone isol teacher judg differ
179140,actual monkey eldest earth human emissari virtu spend forti mortal world human
