passageId,passage
179061,didnt bristol stool scale illustr front normal would answer normal notic defec someon intact canal consist form
179062,stool rapidli diarrhea littl bilirubin undergo usual chemic stool appear green appear rapid transit eat excess green green purpl caus stool color green normal
179063,illustr perhap alreadi firsthand small regular larg equal import small stool person larg anoth percept determin calip apertur canal canal constrain enlarg intern small difficult
179064,guid like lethal shape smell shade stool shape insuffici fiber diverticulosi bowel spasm excess strain common chang stool shape
179065,summar abnorm requir strain pressur pass canal abnorm small larg depend fiber consumpt frequenc defec normal loos slightli form
179066,abnorm requir strain pressur pass canal abnorm small larg depend fiber consumpt frequenc defec normal loos slightli form
179067,typic acut normal amorph qualiti bacteria miss noth retain water abras typic diamet theyr pain scratchi
179068,guid like lethal shape smell shade stool insuffici fiber diverticulosi bowel spasm excess strain common chang stool shape diverticulosi line colon intern diamet colon thicken
179069,guid like lethal shape smell shade stool shape insuffici fiber diverticulosi bowel spasm excess strain common chang stool shape diverticulosi line colon intern diamet colon thicken
179070,stool color chang varieti chang reflect ad stool normal present stool stool color suggest underli medic condit ingest certain black sticki black stool includ bismuth
