passageId,passage
179591,first tradit drill multipl larg concret cement slurri messi right
179592,differ concret rais lift concret rais practic howev price equip materi expens privat adopt replac tradit
179593,concret rais versu provid concret replac concret concret rais repair sophist concret lift equip
179594,heavi materi mixer drill move around concret rais pretti light physic demand person handl
179595,differ concret rais lift concret rais practic howev price equip materi expens privat adopt replac tradit
179596,option repair densiti perman sunken concret
179597,choos quick effect repair never worri last weatherproof choos quick effect repair never worri
179598,ship gallon materi patent reaction materi rais concret instead averag materi cubic
179599,small inject diamet bare notic typic diamet larg weaken structur notic
179600,differ decid cover sink concret problem canada whether sidewalk that sink toward foundat uneven basement concret definit repair
