passageId,passage
179601,would start visit japan actual look first japan obviou popular choic capit japan metropolitan world howev come necessari japan japan mecca statement could come
179602,french french popular across japan expens often found hamburg hamburg across japan
179603,first jealou favorit importantli go eat eat
179604,drink japan travel might great would octopu
179605,learn basic japanes translat learn basic japanes etiquett learn region discuss futur extrem portabl devic airport
179606,trade japan select around world uniqu japanes adapt natur japan admir deepli japanes cuisin cultur today easili china
179607,import japanes cuisin despit eat slowli decreas consumpt recent remain import japan today
179608,uniqu beguil japan countri tradit ultramodern buzz alongsid stun natur notori nutriti base around season pick visit japan
179609,favorit tradit higher qualiti experi popular flagship restaur district there branch plaza hotel elev floor follow
179610,stapl social japan meet place tire common tangi barbecu sauc grill perfect
