passageId,passage
180120,tipper divorc divorc tipper stood stuck togeth eight tumultu presid devast georg presidenti elect
180121,marriag end jealou marriag jealou allegedli affair tonight former presidenti candid tipper suspect sleep string glamor
180122,tipper presidenti campaign later coupl marriag stood daughter kristin tipper weekend california wed daughter sarah
180123,everyon stori though tipper confirm inde date environment activist elizabeth person coupl former presidenti candid politico
180124,former presid tipper still divorc found theyr date friend former coupl peopl pair democrat environment activist elizabeth
180125,sarah daughter california bride groom stood mulch insid heart tipper outsid lucki llama coffe unconvent wed former daughter sarah pianist patrick
180126,world tipper split daughter divorc kristin although realli rattl former presid still enlarg kristin tipper pictur togeth
180127,allen tipper never worri second tipper separ confid someon allen former nation geograph
180128,allen tipper robert nanci rhoda never worri second tipper separ confid someon allen former nation geograph
180129,tipper split marriag marriag former campaign manag coelho thing tipper support didnt share world stage
