passageId,passage
180070,touch price avail philippin touch preorder appl philippin store start touch start along offici launch francisco appl touch success media player anoth instal quirki color
180071,think video smaller screen video playback depend smaller screen video playback depend lower
180072,report abus found surfer actual around north price smaller photo video photo video
180073,believ though devic enter countri appl store later month price around version version that touch written think touch gener front retina display taper alreadi pinnacl appl deliv portabl media player categori
180074,music offer actual touch gener actual month appl launch octob price littl expens version probabl
180075,appl decid color space silver yellow quit popular talk price littl expens version probabl howev price version certainli space media price littl expens version probabl
180076,februari appl shown appl store philippin februari given target releas march april video februari appl shown appl store philippin februari given target releas march april
180077,video februari appl shown appl store philippin februari given target releas march april video februari appl shown appl store philippin februari given target releas march april
180078,first appl product work rememb touch think that along realli interest technolog think touch gener front retina display taper alreadi pinnacl appl deliv portabl media player categori
180079,smaller smaller photo video photo video smaller photo video photo video
