passageId,passage
180819,capit currenc origin popul provinc
180820,interest contin billion peopl recent estim human popul although popul dispers randomli across contin recent estim
180821,morocco kingdom morocco capit rabat morocco popul world currenc moroccan convers moroccan total billion size
180822,popul rabat spanish portugues mean nation religion
180823,situat morocco region popul million capit region situat morocco region popul close million capit region situat northern morocco region million peopl
180824,interest contin billion peopl recent estim human popul although popul dispers randomli across
180825,grand situat along coast northwestern morocco region grand popul close million dens region morocco capit region popular tourist destin
180826,situat central morocco popul region around million capit region popular tourist destin
180827,region popul around coastal capit situat central morocco popul region around million capit region popular tourist destin
180828,danger world world world least world world world summer olymp
