passageId,passage
180769,burn sensat descript nerv migrain central brain stroke associ phantom syndrom reflex dystrophi trigemin neuralgia might sharp needl
180770,burn sensat nerv damag neuropathi although medic caus burn diabet common burn focu nerv damag reduc often neuropathi caus burn
180771,definit form strong flexibl attach anoth allow differ smooth
180772,burn sensat burn sensat possibl burn sensat list refer burn sensat treatment doctor advis whether appropri specif medic situat
180773,burn sensat burn sensat introduct sensat partial numb needl burn tingl creep sensat known paresthesia
180774,burn sensat burn sensat often damag around joint joint cartilag common reason caus ligament bursiti often characterist burn sensat joint iliotibi friction common caus iliotibi joint joint
180775,burn sensat burn sensat pleas sever burn burn burn sensat
180776,throat viral infect caus muscl flash joint tingl burn sensat itchi orthoped condit respons inappropri viru
180777,get burn feel clinic incas damag sensat elbow swollen give
180778,burn sensat often damag around joint joint cartilag common reason caus ligament bursiti
