passageId,passage
181296,illinoi confus counti champaign counti illinoi unit popul censu popul illinoi outsid metropolitan
181297,copyright champaign counti consortium reserv applic prepar geograph inform system champaign counti consortium member agenc warrant guarante accuraci suitabl purpos
181298,depart contact inform counti found contact inform counti select servic select differ servic contact inform deal servic servic
181299,champaign counti counti state illinoi censu popul popul counti illinoi counti champaign counti metropolitan statist champaign counti nearli surround campu univers illinoi
181300,content adob acrobat reader window champaign counti champaign univers illinoi villag villag mahomet villag savoy
181301,simpl automat support favorit charit organ everi exact conveni shop ad bonu amazon donat portion purchas price
181302,illinoi clerk counti circuit clerk clerk court provid inform public court legal crimin arrest marriag divorc judici probat notari estat voter registr
181303,present formerli includ vermilion edgar clark northwest territori
181304,champaign champaign champaign counti illinoi unit mile south mile indiana mile northeast loui missouri
181305,green street closur notic avail public review comment notic public hear draft annual action annual action illinoi marathon street request propos energi project
