passageId,passage
181286,manag increas doubl salari career recent signific career finish degre program profession experi
181287,there potenti increas stabl dream beyond autonomi three realli appreci short commut mayb would differ least increas leav
181288,jessica career earn annual salari market manag time ultim recent market posit approxim increas career recent transit increas salari
181289,increas doubl salari career reader recent signific career finish degre program profession experi
181290,promot averag consist promot salari
181291,salari salari inform believ appli compani opportun start save
181292,averag time work cours chang alway highest possibl salari rang that go happen though follow dramat increas upper
181293,minimum realli normal salari increas switch peopl switch money initi opportun current posit think current employ go peopl switch
181294,averag rais employe leav increas salari obvious extrem peopl receiv upward individu career
181295,increasingli salari employe perform industri market impact accord compens survey averag salari increas budget slightli averag increas budget
