passageId,passage
182938,oracl total qualiti manag comprehens structur approach organiz manag improv qualiti ongo respons continu appli organ sector sinc almost everi organ imagin highway mainten hotel manag
182939,total qualiti manag suggest definit definit frequent found follow acronym finder busi financ total qualiti manag grown significantli percent percent percent
182940,break total qualiti total qualiti manag william manag consult whose great impact japanes common sigma improv process total qualiti total qualiti manag william manag consult whose great impact japanes
182941,definit total qualiti manag relat corpor strategi right strategi process improv qualiti qualiti within qualiti manag integr within order achiev continu improv qualiti good base number
182942,total qualiti manag statist process control compani demonstr solid commit highest qualiti commit reflect manag system total qualiti manag grown significantli percent percent percent
182943,found total filter select categori commun gener famou militari transport govern spanish human genom found total filter select categori commun gener famou militari transport govern spanish human genom
182944,proce contrast tradit qualiti total qualiti manag total qualiti manag accept proven manag techniqu privat sector recent found accept public total qualiti manag grown significantli percent percent percent
182945,come greek equal organ togeth creat industri privat leadership addit technic busi organ manag qualiti manag leadership includ guidanc oper social respons compani
182946,implement establish custom valu satisfact continu improv total organiz involv model perform silvia annal model perform silvia annal
182947,label manag focu includ continu qualiti improv statist qualiti control qualiti function deploy qualiti daili total qualiti control modern context thought requir particip manag continu process improv util particip manag intim involv compani manag process tradit manag
