passageId,passage
183477,broken today mostli cloudi stray shower thunderstorm possibl tonight partial cloudi earli scatter overnight chanc april
183478,court mississippi feder state district superior crimin common circuit judici judiciari divorc famili traffic small provid inform legal court
183479,counti mississippi counti counti state mississippi censu popul make popul counti mississippi counti counti metropolitan statist
183480,issu proclam school board februari school board member recognit board proclam tremend school board counti
183481,welcom counti anim clinic counti anim clinic serv oliv branch surround provid highest level veterinari medicin along friendli compassion servic
183482,counti bring explor spirit devic counti find seven hidden found
183483,accord research mississippi state regist live mississippi april ratio number number
183484,depend local specif court includ recent usual within depend counti polici state mississippi automat profession govern employe
183485,counti litter control oper desir maintain beauti counti increas citizen roadsid litter collect board march litter control oper depart environment
183486,district kindergarten first grade registr link board counti administr avail digest april newslett earli invent april newslett click
