passageId,passage
184023,valu polit button suppli demand unusu catchi campaign slogan button earli campaign button produc commerci unusu button find continu valu polit button
184024,expens polit button today jugat shown produc extrem perhap current valu button campaign worth warn button
184025,similarli button presid illinoi state senat could worth common mistak tri sinc button small easier store memorabilia
184026,button campaign alon determin valuabl collect button event button limit usual local commerci valu remain
184027,welcom wayn presid light cardboard lapel cello presid first cello sorri
184028,cello condit cello cello cello cello cello cello classic litho
184029,common scarc polit button special sometim differ polit campaign button avail sinc first campaign alon collect
184030,presidenti campaign button father theyr ship
184031,quick polit landscap polit campaign button either promot discredit worth prospect public around least sinc inaugur georg washington metal button engrav simpl field realli continu read
184032,famou campaign button presidenti elect wendel campaign produc million slogan button rapid respons presid franklin roosevelt
