passageId,passage
185487,paint sprayer howev latex paint commonli interior exterior sometim vinyl mix durabl appli paint paintbrush roller paint complet matt without shine
185488,check paint everi everyth make paint interior exterior matter paint paint
185489,gallon paint locat brand paint gallon paint rang anywher
185490,gallon paint monogram tempera paint yellow readi tempera paint lullabi nurseri paint gallon green gloss finish
185491,depend exact store locat paint brand choos search engin compar exact charli
185492,everi everyth make paint interior exterior matter paint paint
185493,except paint sprayer appli eggshel paint gloss satin gloss satin virtual except satin shine ideal gloss satin appli paintbrush
185494,differ paint cheap paint gallon reput paint gallon
185495,quart paint gallon paint quart paint gallon paint
185496,paint qualiti along dealer purchas approxim gallon compar purchas paint store
