passageId,passage
185587,midnight tuesday nickelodeon comedi central spike watch programm nickelodeon watch cabl network midnight tuesday nickelodeon comedi central spike
185588,drop disput midnight tuesday nickelodeon comedi central spike watch programm midnight tuesday nickelodeon comedi central spike
185589,network would cabl independ channel scene drop blame blood legal setback includ channel overal signific among
185590,termin carriag immedi impact close million around billion million accord downsid impact price estim compani happen might share stock around august partli quarter earn recent carriag renew network
185591,network threaten sport powerhous satellit servic go busi without network might cabl satellit distributor sport someth stori warner cabl standoff could standard
185592,network drop weather channel midnight favor similar weather inform channel weather decemb network channel busi network first attempt reach blackout blame period say tie sister channel charg unreason
185593,earli network receiv critic regard controversi technolog carriag notabl hopper digit video record provid watch certain without major decemb network channel busi network first attempt reach blackout blame period say tie sister channel charg unreason
185594,earli local network nickelodeon broke blackout decemb network channel busi network first attempt reach blackout blame period say tie sister channel charg unreason
185595,scene drop blame blood legal setback includ channel overal signific among contract carri would scene drop blame blood legal setback includ channel overal signific among
185596,philipp notion avail nickelodeon content eros say didnt think limit amount librari content signific impact blame system percent price percent everywher percent content amazon
