passageId,passage
185557,learn answer qualiti
185558,usag typic usag guid statement choic choic determin grammar claus within pronoun appropri subject sentenc claus disappoint
185559,honesti sincer would alway would gener pleasant regardless whomev associ think sentenc whomev regardless express choic regardless spite
185560,first sentenc look object go contact second subject subject
185561,thing grammar english languag regardless whomev recommend appoint jone ungrammat sentenc either regardless recommend appoint jone whomev recommend appoint jone thank
185562,might consid rewrit someth major board support winner elect whatev process would avoid clumsi moment regardless phrase question
185563,titl question repli could replac would therefor
185564,irregardless proper assert great opportun differ differ irregardless versu regardless first irregardless peopl mistakenli irregardless regardless regardless regard without regard despit someth exampl squiggli chocol regardless prefix neg prefix prefix that alreadi neg regardless make liter without without regard
185565,regardless whomev associ think sentenc whomev click expand whomev correct grammat whomev origin say sens
185566,witch common regardless target follow someth witch accus wrongdo innoc peopl accus
