passageId,passage
186107,actual provid need determin caus awar follow someth seriou provid infant
186108,reflux often normal experi reflux first reflux becom seriou concern medic attent know chronic reflux import frequent spit vomit
186109,display child often caus rel common initi symptom heartburn heartburn common harder sensat usual complain stomach chest discomfort particularli
186110,happen often arent certain might gastroesophag reflux reflux problem caus vomit fussi feed
186111,follow recur arch often right feed medic caus troubl irrit particularli feed infect
186112,infant infant includ spit vomit common possibl infant projectil vomit seriou
186113,reflux often normal experi reflux first reflux becom seriou concern medic attent know chronic reflux import common infant includ follow
186114,symptom gastroesophag reflux diseas spit normal follow recur arch often right feed
186115,heartburn common symptom teen wors young feed frequent regurgit vomit especi
186116,passag gastric content esophagu gastroesophag reflux normal process healthi brief caus esophag injuri result
