passageId,passage
186037,journal journal bring account period affect least incom statement account balanc sheet account never impact defer revenu
186038,entri record depreci expens equip incom period entri record period equiti balanc sheet
186039,journal entri account entri simplist account equat asset equiti entri need balanc equal
186040,asset capit account contrast perman end balanc account period alway start balanc subsequ account period account account account balanc start temporari easier track compar transfer close incom statement credit normal revenu special temporari account incom summari
186041,journal bring account period alreadi alreadi altern question altern afraid journal entri payabl journal entri receiv
186042,account period import open period peopl calcul period busi account bookkeep
186043,journal account period adjust account period actual gener speak base realiti sourc document
186044,circl answer follow account period bring assur proper match match contra correct
186045,incom incom statement howev period insur expens correct incom
186046,basi account incom statement period concept relat period
