passageId,passage
186736,majest enjoy extrem pleasur know place squar mile unparallel beauti divers architectur german immigr stone influenc earli style southern architectur
186737,calcul drive antonio marco base current local estim mileag meet friend might interest find halfway antonio marco
186738,drive distanc antonio marco total drive distanc antonio marco mile antonio texa marco texa might calcul total drive antonio marco arriv destin
186739,known speci known mapl canyon mapl present foliag destin disappoint round
186740,servic distanc follow queri format antonio antonio texa enter around world enter locat selector
186741,close river valley alamo tunnel albert spend afternoon surround incred beauti histori cultur central texa countri region
186742,matter ultim passion destin there someth everyon magnific texa countri whether come weekend everyth right
186743,region countri larg ranch smaller simpli spectacular local river
186744,escort relax environ hous fantast world class boat fish youth histori uniqu breakfast throughout region
186745,landscap ruggedli beauti extraordinari round privat ranch mile texa countri mile season drive willow mile
