passageId,passage
186806,favorit exampl continu variabl knowledg give exactli bessi monday tuesday wednesday
186807,measur height peopl might might bunch peopl continu variabl valu exampl particip might anoth person might
186808,variabl scientist independ variabl depend variabl chang respons variabl depend variabl
186809,height measur though would continu unlimit number look import rememb group base scale measur measur
186810,amount light would independ variabl repeat independ variabl like discret variabl three light respons plant direct depend variabl
186811,see messag troubl load extern academi behind filter pleas unblock content
186812,number person discret variabl variabl certain exampl person go three
186813,opposit variabl constant constant quantiti doesnt chang within specif context scientif group togeth group either discret continu gener group measur number differ numer discret certain number differ given
186814,continu variabl specif quantit variabl statist describ measur measur height weight continu variabl defin coupl definit variabl statist quit variabl algebra statist variabl someth
186815,research examin major studi three continu numer valu measur discret certain numer categor involv unlock lesson member
