passageId,passage
187255,slang design explain mean slang phrase acronym slang dictionari slang jargon
187256,thread needl larg lead heart needl remov shouldnt usual painless place clear dress chest check right place
187257,stand intern christian abbrevi intern christian intern christian mean abbrevi mean abbrevi intern christian abbrevi intern christian abbrevi intern christian shorthand intern christian common shorthand intern christian
187258,insert follow differ format link check document previou
187259,that pretti mean mean camera photographi relat walter editor sacramento
187260,slang definit insert follow insert follow
187261,mean abbrevi acronym explain definit mean give use inform similar
187262,hollow doctor nurs elbow chemotherapi hollow doctor nurs elbow
187263,mean check definit definit given check relat inform mean mean might acronym abbrevi mean might similar relat
187264,peripher insert central someon chemotherapi treatment flexibl cathet larg elbow thread larg heart
