passageId,passage
187285,differ solid temperatur whole butter chees anim usual liquid temperatur
187286,membran would solid temperatur similarli triglycerid would solid unsatur hydrocarbon unsatur
187287,membran would solid temperatur similarli triglycerid would solid
187288,satur temperatur hydrocarbon satur straight doubl bond carbon
187289,satur hydrogen contain palmit stearic therefor known satur satur fatti solid temperatur oleic satur
187290,usual liquid temperatur commonli plant oliv peanut doubl cottonse safflow sunflow doubl
187291,satur solid temperatur unsatur liquid temperatur wonder chemic structur satur contain singl qualifi unsatur doubl exist
187292,mercuri classifi metal period tabl howev liquid temperatur mercuri solid temperatur mercuri liquid actual
187293,mercuri liquid actual mercuri melt point melt point melt point melt point hotter would spend
187294,satur hydrogen contain palmit stearic therefor known satur satur fatti solid temperatur
