passageId,passage
187645,north carolina counti north carolina unit popul censu counti counti
187646,counti north carolina unit popul censu counti counti
187647,north continu across river junction cemeteri right right campu
187648,recent north carolina local forum regist time forum latest collect exclus local radio
187649,south junction dealership cemeteri store continu straight junction campu
187650,close center north carolina counti squar mile squar mile water total popul grown sinc
187651,detail welcom satellit place situat counti north carolina unit geograph north origin
187652,counti river known small hospit conveni locat beauti natur river raven state learn counti latest edit counti live
187653,welcom chamber commerc establish chamber commerc histori champion local busi commun partner local govern resourc seek inform
187654,accord research north carolina state regist live north carolina april ratio number number
