passageId,passage
187695,medium start littl butter insid prefer flavor plain origin
187696,grill offici guid base secret famili recip centuri pronounc short season tradit midwest easier steak
187697,cook microwav place microwav cover water check theyr
187698,spray skillet littl cook spray medium cover water cover longer theyr still middl littl longer sheet longer
187699,boil water enough cover water water throw grill finish cook desir
187700,everi broiler tong anoth total
187701,quick answer boil eight recommend boil liquid lower temperatur medium continu read
187702,quick answer cook skillet link often reduc water skillet simmer broil
187703,usual grill broth grill prefer order street vendor sauerkraut potato order restaur mustard
187704,check intern temperatur around check digit thermomet check temperatur although
