passageId,passage
187965,stock stock stock would dividend would capit exchang exchang stock dividend section extent foreign would independ qualifi indirect ownership
187966,stock third parti purchas dividend section sharehold exchang stock dividend section extent foreign would independ qualifi indirect ownership
187967,gener gener sharehold vote stock stock dividend extent undistribut earn attribut stock partnership interest capit asset partner capit depend amount outsid basi partnership interest
187968,would capit exchang stock section subsidiari would includ amount dividend exchang stock dividend section extent foreign would independ qualifi indirect ownership
187969,section exchang stock dividend section extent foreign would independ qualifi indirect exchang stock dividend section extent foreign would independ qualifi indirect ownership
187970,sell sharehold corpor dividend gener elig foreign credit relief receiv preferenti foreign capit gain partnership interest capit asset partner capit depend amount outsid basi partnership interest
187971,sharehold stock includ gross incom ordinari dividend extent foreign earn alloc stock exceed earn capit subpart incom limit total earn incom dividend foreign corpor percent total vote power valu
187972,amount minu chapter basi entir capit section stock amount minu section basi section appli section section dividend includ categori section diana basi stock remain chapter stock section relev transact stock partnership market valu
187973,partnership interest capit asset partner capit depend amount outsid basi partnership partnership interest capit asset partner capit depend amount outsid basi partnership interest
187974,section unit person shall stock provis subtitl person realiz exchang stock insert section unit person shall stock provis subtitl person realiz exchang stock
