passageId,passage
187975,price earn ratio price earn ratio ratio measur share price rel annual incom ratio current investor demand compani ratio number earn purchas price ratio often multipl investor will dollar earn
187976,price earn ratio ratio wide stock evalu measur secur ratio given divid price averag earn share estim fiscal default target quot search pleas select appli futur interest default pleas select default set
187977,compani ratio ratio calcul incom ratio sensit nonrecur earn capit structur price oper profit health corp ratio ratio calcul incom ratio sensit nonrecur earn capit structur price oper profit health corp ratio ratio
187978,calcul ratio ratio compani calcul divid market valu share earn share ratio consid accept valu metric amount money investor will dollar instanc compani ratio dollar earn investor metric amount money investor will dollar earn instanc compani ratio dollar earn investor
187979,ratio ratio analyst investor common stock dollar current earn health corp ratio ratio calcul incom ratio sensit nonrecur earn capit structur price oper profit health corp ratio ratio
187980,ratio number earn purchas price ratio often multipl investor will dollar ratio number earn purchas price ratio often multipl investor will dollar earn
187981,averag ratio sector higher averag ratio health sector current metric amount money investor will dollar earn instanc compani ratio dollar earn investor
187982,select default target quot search pleas select appli futur interest default pleas select default set default target quot search pleas select appli futur interest default pleas select default set
187983,compani descript health pharmaci health provid compani pharmaci better health improv access promot better health control payor pharmaci retail could retail variou district columbia oper primarili prescript assort nation brand privat label merchandis
187984,health pharmaci health provid compani pharmaci better health improv access promot better health control payor pharmaci retail could retail variou district columbia oper primarili prescript assort nation brand privat label merchandis
