passageId,passage
188875,go outsid difficulti stand sit dysfunct go outsid thigh
188876,caus tensor muscl iliotibi muscl walk shape run climb cycl danc court sport tenni basketbal volleybal
188877,interest tensor muscl iliotibi muscl muscl orang twist thigh toward lift thigh move thigh forward
188878,later stabil muscl supplement ligament work minimu mediu upper maximum tensor stabil pelvi femur thigh person stand straight muscl consider physic ski horseback ride imbal pelvic occur muscl strain
188879,trigger tensor muscl often bursiti thin cartilag
188880,fascia invest whole thigh thick differ
188881,educ video anatomi tensor muscl becom friend follow twitter educ standard licens
188882,tensor tensor muscl inferior iliotibi elong strip fascia connect tissu thigh
188883,fascia fascia fascia thigh thigh outer limit fascial thigh intern intermuscular septa fascia later iliotibi tract structur tibia muscl attach
188884,outsid outsid thigh reduc tight muscl recommend chronic
