passageId,passage
18910,condit specif blood mucu stool sometim caus constip bloat flatul abdomin becom inflam fever sharp abdomen vomit nausea stomach
18911,health caus mucu stool sudden onset mucu stool urgent diarrhea cramp fever blood stool indic bacteri infect contact physician immedi
18912,mucu stool constip mucu stool person suffer constip system digest process ulcer coliti ulcer coliti coliti chronic diseas inflamm bowel
18913,mucu connect consid mucu common symptom glare research subject although mucu gener associ inflamm research inflamm mention mucu
18914,mucu stool common symptom surprisingli scant research find mucu mucu digest system matter
18915,mucu stool result excess mucu product photo credit imag mucu jellylik fluid produc natur mucu
18916,mucu stool result excess mucu product mucu jellylik fluid produc natur mucu mucu produc intestin allow smooth unhind passag fecal matter
18917,mucu stool dehydr constip caus mucu colon leav stool appear mucu mucu ill especi inflamm mucou membran leav infect
18918,proctiti often great mucu stool frequent bowel movement rectal bleed rectal abdomin diarrhea bowel movement treatment proctiti underli condit
18919,mucu stool constip mucu stool person suffer constip constip gener three normal bowel system digest process
