passageId,passage
189145,celebr icon charact frankenstein icon charact frankenstein august frankenstein anonym young
189146,bori monster bride frankenstein novel frankenstein famou charact monster popular cultur least centuri inspir numer televis video deriv work
189147,frankenstein three known result littl confus frankenstein friday nation frankenstein frankenstein clarifi frankenstein august honor author august wrote frankenstein
189148,frankenstein celebr classic novel richard portrait shown royal academi today birthday celebr frankenstein classic gothic romanc novel frankenstein modern prometheu written without summer havent check
189149,frankenstein wrote stori frankenstein mother father bori celebr suggest novel frankenstein movi
189150,frankenstein friday frankenstein friday birth frankenstein creator frankenstein known horror date imagin halloween season without presenc frankenstein somewher dark
189151,frankenstein today frankenstein octob frankenstein calcul octob first frankenstein august recent detect frankenstein
189152,tag crackl electr patter stone eeri feel combin laboratori variou liquid courag forward embrac littl dark frankenstein histori frankenstein
189153,press might celebr frankenstein halloween birthday writer today ghost stori better creation frankenstein modern prometheu
189154,august frankenstein unoffici holiday time english author wrote monster novel frankenstein modern prometheu august frankenstein anonym young
