passageId,passage
190475,popular pleas salari base third parti simpli hire given simpli hire purpos gener comparison minimum differ jurisdict consult employ actual salari
190476,tapa antonio current look current tapa tapa antonio
190477,execut antonio salari execut antonio averag salari median salari salari rang execut antonio collect govern salari associ posit
190478,antonio salari antonio averag salari median salari salari rang antonio collect govern salari associ posit
190479,execut antonio texa salari execut antonio texa averag salari peopl experi relat skill manag associ
190480,execut daili kitchen develop inventori control kitchen staff product present absenc execut
190481,antonio texa antonio median annual salari antonio march rang usual bonu benefit inform impact
190482,execut antonio texa salari
190483,execut antonio texa execut antonio median annual execut salari antonio march rang usual bonu benefit inform impact
