passageId,passage
191004,includ strong background theori knowledg econom knowledg variou appli econom abil analyt econom problem knowledg relev mathemat statist
191005,studi econom undergradu econom studi alloc scarc disciplin import first develop conceptu behavior predict polici market
191006,studi behavior small econom exampl individu behavior individu concern individu econom choic econom branch social scienc product distribut consumpt good servic
191007,explor cover breed market corrupt video explor cover breed market corrupt cover breed market corrupt cover breed market corrupt would happen pharmaceut industri
191008,final monopoli go discuss monopoli potenti major monopoli competit monopoli ineffici lead gain trade
191009,import vital place econom theoret practic import highli help formul econom promot welfar recent especi keynesian revolut econom mainli
191010,prospect strong background theori knowledg econom knowledg variou appli econom abil analyt econom problem knowledg relev mathemat statist
191011,prospect cours econom studi understand econom theori opportun appli econom number financ urban econom labor econom intern trade
191012,video explor cover breed market corrupt would happen pharmaceut industri
191013,econom studi suppli alloc defici econom divid someth behavior govern inflat industri product unemploy govern
