passageId,passage
191724,detail inform offic locat offic payment attorney includ biographi educ train client attorney decid
191725,estat overview market crime neighborhood mobil advic question center lead submit mortgag lead
191726,whether sell hous properti singl famili resid commerci estat estat lawyer
191727,brows hous research
191728,estat search estat contact today estat
191729,estat florida import safeti consider plenti thank crime averag list price small percent prior
191730,recent creat rental resum rental list mortgag mortgag refin mortgag calcul calcul calcul
191731,promot maintain conduct estat profess express ethic nation associ
191732,voic estat lakeland florida lakeland profession trade organ charter nation associ serv commun continu fight privat properti keep util minimum afford hous
191733,voic estat lakeland florida lakeland associ profession trade organ charter nation associ serv commun continu fight privat properti keep util minimum afford hous
