passageId,passage
191794,forest weaver field forest forc turnov boston territori third quarter demon victori saturday
191795,weaver field forest forc turnov boston territori third quarter demon victori saturday
191796,total higher educ defin region junior primarili grant baccalaur research
191797,enrol rang episcop divin school boston univers
191798,list higher educ worcest consortium
191799,admit smaller percentag freshman class percent percent boston colleg percent colleg
191800,accredit associ region unit unit depart educ
191801,list higher educ worcest consortium
191802,eleven cathol list carnegi classif higher educ assumpt colleg boston colleg colleg cross colleg labour colleg colleg colleg
191803,hundr fourteen commonwealth list carnegi classif higher educ
