passageId,passage
192273,inadequ dietari intak caus intak vitamin sourc vitamin eat vitamin vitamin calcium supplement least calcium
192274,defend enough expert problem possibl vitamin caus littl
192275,second reason vitamin primari small tumor vitamin doctor measur activ vitamin measur graph
192276,exposur exposur major caus vitamin level especi northern like would vitamin possibl restrict
192277,vitamin badli affect diseas ricket bodili growth deform vitamin caus thin condit osteomalacia fragil suffer sever muscl anoth diseas vitamin osteoporosi
192278,follow graph vitamin first arent get enough go outsid enough vitamin expos yellow
192279,blood calcium almost certain primari diseas tumor blood calcium vitamin level almost parathyroid tumor primari
192280,therefor blood calcium vitamin parathyroid tumor oper remov tumor tumor vitamin caus problem result problem
192281,vitamin found peopl group small elderli common vitamin fatigu muscl joint weight headach constip diarrhea blood pressur sever contribut problem follow preval vitamin human exposur sunlight inner layer vitamin sunlight enough exposur develop vitamin defici
192282,insuffici intak vitamin expos vitamin found usual water there enough
