passageId,passage
192243,maximum plasma within administr approxim absorb bound urin elimin typic throughout rang physiolog appli
192244,activ metabolit still system still present psychologist psychiatrist
192245,question physician pharmacist packag insert black gener speak rapidli complet absorb administr absolut
192246,complet wrong anywher would percent second would leav percent third percent second paragraph correct
192247,question physician pharmacist packag insert black gener speak rapidli complet absorb administr
192248,reason screen blood depress sleep that anyth wonder would system blood screen
192249,complet wrong anywher would percent second would leav percent third percent second paragraph correct
192250,gener medic statist system remain would system chang base specif
192251,david realli tri concern pass urin screen depend sensit like anyon volunt activ metabolit still system still present psychologist psychiatrist
192252,anoth would anoth period number system therefor still system anoth still system
