passageId,passage
192573,pygmi breed miniatur domest pygmi primarili though work pygmi quit hardi asset varieti adapt virtual shown precoci bear young everi gestat period
192574,pygmi smaller though diminut produc adequ refrain pygmi rais pygmi picki specif order ensur health first includ yellow green grass green
192575,pygmi precoci bear young everi gestat usual first twelv although conceiv earli taken separ earli precoci bear young everi gestat period
192576,look addit farmyard pygmi option understand thrive creat adequ shelter squar squar approxim shelter shelter larg hous pygmi keep
192577,pygmi nigerian dwarf similar person differ pygmi dwarf docil friendli group often pygmi dinner young pygmi engag rise aggress
192578,rais pygmi fascin creatur sourc susten profit companionship howev differ could leav confus rais pygmi picki specif order ensur health first includ yellow green grass green
192579,squar squar approxim shelter shelter larg hous pygmi keep squar squar approxim shelter shelter larg hous pygmi keep
192580,rais pygmi remov theyr young there differ play without stuck fenc anywher curiou still primarili pygmi primarili that nativ theyr matur weigh stand shoulder larg
192581,rais pygmi picki specif order ensur health first includ yellow green grass green rais pygmi picki specif order ensur health first includ yellow green grass green
192582,pygmi speci small speci weight rang pygmi captiv offer climb reduc aggress
