passageId,passage
192543,destruct annihil atol disintegr extermin annihil think meteor caus extinct demolit event result event complet someth
192544,annihil destruct abolit extinct liquid extermin erad erasur obliter nullif extirp polit annihil peopl
192545,massacr annihil blitz blood blood blood bloodsh butcher butcheri crime extermin havoc hecatomb holocaust homicid kill liquid manslaught murder murder of rapin search destroy slaughter slay take warfar wast
192546,colin mcintosh english dictionari constantli expand reflect particular interest english languag teach number recent ad dictionari ad english might
192547,crime annihil edward similar annihil robert fortnight without resuscit edward
192548,destruct abolit extinct liquid extermin erad erasur obliter nullif extirp polit annihil peopl
192549,condit utter destruct physic phenomenon particl electron positron convert combin energi energet approxim equival
192550,unicorn technolog compani valu billion close current collect valuabl technolog suggest influenc undiminish
192551,definit annihil reduc noth nonexist combin thing longer appli annihil corpor
192552,condit utter destruct physic phenomenon particl electron positron convert combin energi energet approxim equival
