passageId,passage
193023,know impact wane estrogen provid understand combat hormon age today brave enough power order better check still denial someth vision
193024,cartilag replac order cartilag replac becom realiti basic resolv cartilag cartilag tissu mostli noncellular materi water collagen
193025,unfortun cartilag replac procedur simpl would cartilag problem come place particular locat function effect
193026,collagen replac develop natur collagen weaken process age exposur diseas injuri hered collagen textur resili elast shape
193027,topic vagin effect vagin dryness elast doctor consid prescript right densiti strongli collagen content densiti roughli reflect collagen afraid offic densiti machin menopaus mirror
193028,order cartilag replac becom realiti basic resolv scaffold cartilag cartilag tissu mostli noncellular materi water collagen
193029,collagen special product collagen restor produc
193030,contain amino lysin prolin natur collagen larg amino consum replenish suppli lysin found dairi white wheat prolin
193031,collagen fiber connect tissu throughout notic natur collagen collagen begin break lead facial sag rough appear number expens invas rebuild replac collagen howev incorpor daili start collagen
193032,collagen replac therapi facial plastic surgic suit procedur rel painless return normal immedi afterward
