passageId,passage
193093,ratio number number number regist number state averag nearest mile
193094,staff directori follow alphabet list variou within counti click list within depart counti disclaim privaci secur polici access power
193095,villag counti unit metropolitan statist popul censu famou locat humphrey bogart wed
193096,contact photo counti juvenil court exampl nation report nation collabor youth report beyond keep young peopl youth framework reduc practic youth incarcer promot safeti restor sens belong
193097,recent local forum regist time forum latest collect exclus local radio
193098,counti percentil tabl counti counti percentil locat rank highest valu locat higher would percentil group
193099,toledo township counti toledo counti counti unit toledo northwest western border state michigan
193100,counti counti popul urban rural counti mortgag counti clear counti
193101,toledo suspect water break sanitari sewer plug water sanitari sewer within right contact counti sanitari offic seven phone access offic normal work servic
193102,areal photo hous humphrey marri malabar behind malabar
