passageId,passage
193733,adject design specif entiti specif descript interpret investig investig ontolog investig
193734,knowledg represent system mathemat interact system natur mathemat david signific chang direct field mechan deduct comput scienc
193735,definit english dictionari definit dictionari exist english begin
193736,definit adject explan print video scrabbl valu anagram share
193737,mean video ontolog whatev gener oppos theori would ontolog intransit scrabbl valu valu letter includ first second offici scrabbl dictionari
193738,describ physic system exhaust exhaust context state precis without refer epistem knowledg ignor
193739,univers mechan philosophi greek genit physic factual exist oppos natur illustr roger bacon observ built common grammar state share foundat anchor linguist
193740,definit english dictionari definit dictionari exist
193741,philosophi physic factual exist oppos natur illustr roger bacon observ built common grammar state share foundat anchor linguist
193742,former world nomin realiti latter truli empti origin refer realiti
