passageId,passage
193783,learn privat equiti friday usual friday featur friday stuck plane fli coast inclin longer return regularli friday
193784,request sampl directori sampl inform privat equiti ventur capit angel investor angel equiti
193785,privat equiti sometim confus ventur capit refer invest sell equiti initi public
193786,ventur capit privat equiti provid fund small growth potenti growth number annual revenu
193787,think interplay ventur capit privat equiti tension rather capit reflect fundament polar valu gener creation versu optim middl overlap
193788,ventur capit privat equiti often overlap practic distinct frequent clarifi busi sell challeng fundament differ
193789,ventur capit fund invest exchang ownership invest ventur riski support becom success
193790,privat equiti industri ventur capit limit technolog clean technolog privat equiti invest ventur capit equiti common
193791,receiv privat equiti investor learn privat equiti ventur capit angel investor
193792,addit angel equiti ventur capit attract limit oper histori small rais capit public point secur complet offer
