passageId,passage
194253,protect plastic resin outdoor furnitur brittl caus crack instabl winter suspici plastic resin outdoor furnitur remedi
194254,resin reglu loos wicker reglu resin loos weav obtain resin build suppli center unsur store employe
194255,clean chair adher materi debri thoroughli clean furnitur conduct rins garden remov larg loos entir piec scrub brush gentl cleanser
194256,furnitur mainten repair chair wicker wrap loos length wicker water imag flexibl appli loos wrap insert strand place small imag
194257,sit chair incorrectli strain meant handl weight stand potenti loosen addit limit damag howev repair damag resin wicker
194258,repair loos wrap repair chair wicker wrap loos length wicker water imag flexibl appli loos wrap insert strand place small imag
194259,creat textur smooth surfac addit amount small amount point appli extra appear wicker chair possibl
194260,maintain wicker clean regularli cloth remov detritu vacuum cleaner trusti crevic attach help keep wicker condit clean household steam cleaner
194261,place cloth underneath around resin wicker chair protect floor ground certain enough ventil outsid clean resin wicker chair clean spray need repair
194262,store wicker winter clean moistur grime mildew start snif telltal mildew wicker clean remov
