passageId,passage
194263,excel predat action sceneri april season usual crowd might although wildlif easier season throughout
194264,substanti nation undisput highlight wonder northern safari sure wildlif reserv peopl think endless grassi plain realiti compris rang differ sceneri known massiv wildebeest migrat roll round spectacl
194265,like caus virginia earthquak believ live eastern north america georgia unexpect shock earth magnitud earthquak
194266,forecast august night august averag temperatur forecast sunshin averag august
194267,visit wildlif nation throughout certain better specif time season septemb wildlif gener wildebeest migrat absolut highlight
194268,addit product particular rang superb accommod worth visit usual longer overland safari region potenti downsid signific vehicl cluster place although easili
194269,although wildlif easier season throughout migratori present except march april mostli short afternoon seldom interfer
194270,januari februari southern excel predat action sceneri april season usual crowd might
194271,novemb season januari februari southern excel predat action sceneri april season usual crowd might
194272,forecast august night august averag temperatur forecast averag august
