passageId,passage
19447,linear motion uniform motion rectilinear motion motion spatial dimens accord first known principl inertia forc act either remain continu uniform speed straight accord initi condit motion
19448,diagram system among number distinct mathemat seri discret continu form curv surfac valu given function
19449,linear growth dictionari sociolog origin oxford univers press linear growth quantiti increas anoth variabl relationship straight graph
19450,scienc dictionari comprehens sourc scienc scienc written global academ
19451,nonlinear equat whose first degre mathemat scienc group relat deal logic quantiti shape arrang addit linear equat whose first degre
19452,scienc concern motion action special remain first concern problem motion exert anoth
19453,captur excit research introduct start simpl albeit circular definit nonlinear scienc studi mathemat natur phenomena linear possibl
19454,linear complet cell spongi fals partit crestless linear perhap correctli rectilinear incis linear hundr later unit togeth linear seri
19455,linear equat algebra equat first degre rais first power graph equat straight
19456,scienc dictionari comprehens sourc scienc scienc written global academ relat scienc
