passageId,passage
194563,unclear earli histori evid scythian presenc possibl earli centuri rel easili success swept across region like variou turkic
194564,republ russia northwestern basin upper river relief broad drain river
194565,overview republ feder subject russia geograph center south eastern upper yenisei river siberian feder district capit region
194566,russian republ eastern border republ northwest north northeast south
194567,republ southern halfway south republ former countri south first russia absorb former russia member russian feder
194568,welcom nomin independ fascin russian cultur similar intern follow rememb curious shape postag
194569,geograph center southern republ republ republ republ russia south capit popul censu
194570,histor region brought manchu dynasti dynasti china
194571,along russian offici languag region wide usual spoken ethnic russian howev understood nearli everyon usual somewhat remot
194572,border common adjac mongolian compris ethnic group republ tibetan buddhism mix indigen shaman predomin religion
