passageId,passage
194553,distal femur tibia identifi blunt elev found anterior surfac tibia later medial
194554,sacrum larg wedg shape vertebra inferior spine solid spinal column pelvi sacrum strong weight upper spread across pelvi development sacrum individu vertebra start adolesc earli adulthood singl around thirti
194555,sacrum addit imag femal pelvi anteriorli sacrum later sacrum coccyx sacrum median sagitt section sacrum levat within posterior sacral sacrum sacrum
194556,sacrum sacrum larg triangular situat lower vertebr column upper pelvic caviti insert wedg upper lumbar vertebra coccyx
194557,vertebr column normal vertebra upper intervertebr lower fuse sacrum coccyx
194558,howev normal develop sever vertebra togeth leav total confus whether vertebra vertebra sacrum coccyx singl sever smaller fuse togeth vertebra separ vertebra sacrum form fuse vertebra coccyx form fuse vertebra
194559,latin sacrum latin adject sourc number english sacr sacrific sacrileg latin translat greek hieron
194560,anatomist would vertebra vertebr ossif multipl vertebra sacrum fuse vertebra coccyx variabl fuse share improv answer
194561,shape border found mandibular condyl coronoid process mandibl respons region vertebr column superior thorac region region inferior thorac region respect
194562,sacrum coccyx differ vertebra sacrum fuse sacral vertebra coccyx fuse coccyg vertebra differ
