passageId,passage
195083,block program power fulli featur program suitabl commerci benefit block
195084,significantli increas capabl shorten recoveri expens greater voltag engin configur transient respons without go engin
195085,block system manual contain especi tough staff train unlimit telephon support number
195086,block suppli basic inform build size inform analyz design system select equip
195087,block consult facil involv design analysi instal commerci build
195088,thirti percent instantan voltag standard throughout industri depend equip alreadi commerci accept recoveri usual three maximum depend
195089,block suppli basic inform build size inform analyz design system select equip
195090,voltag defin maximum voltag deviat rate gener output voltag inrush motor heavi block engin speed lower excit field
195091,amount accept extent temporari effect power qualiti consider model anoth whenev larg ad gener engin speed temporarili slow condit remov engin speed temporarili
195092,block ideal preliminari size final design central handler equal english metric
