passageId,passage
195033,break conveni suppos credit accept credit sever differ payment charg conveni might charg minimum anoth might charg conveni credit impos credit instead
195034,conveni conveni privileg pay product servic altern payment channel payment method standard exampl typic ad simpli privileg credit credit frown though problem offer discount
195035,conveni assess cover credit univers absorb howev recent risen million univers longer continu order continu alumni conveni credit payment tuition univers forc along busi
195036,univers accept credit student account account manag system account begin credit system conveni minimum conveni univers continu accept check debit without conveni univers accept credit student account account manag system account begin credit system conveni minimum conveni
195037,conveni pay properti pleas conveni fund credit conveni total amount conveni conveni follow telephon conveni calcul phone follow credit debit accept phone credit
195038,conveni differ surcharg ad charg privileg credit instead debit small small conveni purchas credit like charg conveni lead wonder practic local salon frequent visit usual
195039,definit conveni charg assess paye consum credit rather check clear hous fix dollar amount percentag transact amount usual disclos consum conveni credit impos credit instead
195040,pilot program permit charg conveni classifi merchant conveni ensur conveni altern payment channel outsid customari payment disclos cardhold charg altern payment channel conveni
195041,conveni compani compani accept payment easier believ debit credit unfair ad simpli privileg credit credit frown though problem offer discount
195042,merchant conveni ensur conveni altern payment channel outsid customari payment disclos cardhold charg altern payment channel conveni merchant conveni ensur conveni altern payment channel outsid customari payment disclos cardhold charg altern payment channel conveni
