passageId,passage
195910,guid essenti improv madden career creat franchis quarterback creat quarterback becom
195911,quick champion gorilla succeed footbal moan perform actual sport focu perfect great
195912,player trainer right stick toggl trainer seri veteran look stuck action switch
195913,player trainer right stick toggl trainer seri veteran look stuck action switch learn keep
195914,possess previou accept whichev defend nearest sprint toward across field switch player rins repeat
195915,tunnel player acknowledg captain realli arent captain
195916,defend mustnt singl drastic chase instead gradual field close shut space remov pass
195917,sport across entir pitch deliv balanc authent excit footbal experi compet higher level
195918,score score found finess keeper simpli finess corner
195919,peopl everyon earli rather twitter
