passageId,passage
196450,mile beach florida florida
196451,mile hamilton beach florida distanc start point destin approxim drive
196452,uniqu rout planner beach estim spend check beach
196453,mile beach florida distanc start point destin approxim drive
196454,drive distanc total drive distanc mile florida beach intern airport beach florida might calcul total drive arriv destin
196455,mile beach beach florida distanc beach beach mile
196456,check flight distanc beach import point drive distanc henc might travel beach estim spend distanc beach
196457,exampl use inform averag speed drive consumpt price press enter click distanc button
196458,drive distanc beach total drive distanc beach mile florida beach florida
196459,averag speed drive break consumpt price adjust consumpt price modifi correspond averag consumpt valu vehicl could desir valu
