passageId,passage
198292,caus includ respiratori syncyti viru influenza caus peopl million school billion detail common common catch anoth person infect viru happen direct physic contact someon touch surfac comput keyboard doorknob spoon touch mouth
198293,check special clinic simpl manag clinic osteoporosi protect preserv vision
198294,runni scratchi throat nonstop sneez mysteri often friend stay importantli healthi common
198295,clinic check special clinic clinic learn scienc behind happi favorit improv hear balanc clinic journal offer
198296,includ anemia diseas diabet frostbit lupu diseas scleroderma
198297,clinic school medicin clinic school continu profession develop clinic school graduat medic educ clinic school health alumni center visit clinic train deliv compassion patient choos degre
198298,common scratchi throat sneez stuffi wateri mucu throat sever fever muscl rather detail common might
198299,common catch anoth person infect viru happen direct physic contact someon touch surfac comput keyboard doorknob spoon touch mouth
198300,symptom overview uncomfort condit symptom overview uncomfort condit navig
198301,although caus simpl environ natur respons maintain normal temperatur ongo could number could signal problem blood circul blood includ anemia diseas diabet frostbit lupu diseas
