passageId,passage
198312,natur scienc natur earli natur order appar order natur natur childbirth first natur usual refer durat natur histori histori natur
198313,primari product good often bought
198314,search natur english definit synonym dictionari reverso complet definit natur given english definit dictionari english oxford collin webster
198315,natur instinct anger natur reaction experi someon natur abil skill abil learn
198316,natur materi product physic matter come ground extract without modif consid belong categori natur often includ cannabi plant especi grown fiber mean biotic rattan bamboo natur fiber cotton kapok kenaf inorgan materi stone flint granit obsidian sandston glass nativ metal copper bronz silver porcelain plasticin natur earth structur materi scienc natur synthet materi
198317,natur artifici spontan suggest natur rather world unaffect natur manner ingenu inabl disguis conceal
198318,person innat talent particular activ music colour gambl combin score immedi fish archaic person learn disabl
198319,natur materi natur materi product physic matter come ground extract consid belong categori
198320,sens person natur talent first origin first natur order appar order natur natur childbirth first natur usual durat
198321,music white piano organ effect previou sharp affect
