passageId,passage
198382,product inform vortex bubbl level devic allow precis shoot possibl level shooter cant right devic scope limit lifetim factori warranti
198383,optic devic optic devic bubbl level keep rifl posit everi essenti accuraci devic shooter keep rifl cant repetit durabl
198384,respons state local file pleas check local rifl level repeat consist accuraci bubbl level optic level devic rifl posit everi essenti accuraci repetit fire forward place
198385,shoot accur distanc rifl market optic found unlik place level oclock optic bubbl without move scope
198386,devic bubbl level retail price sell price manufactur retail price sell price manufactur
198387,small spirit attach rifl scope rifl constant inclin angl cours plethora differ mount taken consider accord need
198388,weaver thread shaft scope mount compar photo right optic devic photo
198389,devic nifti accessori improv overal accuraci help shooter maintain proper inclin level andrea
