passageId,passage
198590,counti missouri unit popul censu
198591,commun origin known appl creek stream appl creek villag villag becom known incorpor elimin confus counti missouri
198592,latest collect exclus local radio german irish english unit french scottish current local incorpor
198593,missouri counti missouri unit popul censu
198594,counti clerk search yellow right local specif need search sort combin respons search criteria
198595,welcom premier resourc estat inform enjoy visit explor everyth realti offer estat inform profession realtor
198596,missouri villag counti missouri unit popul censu metropolitan statist
198597,manor strive excel give person attent resid special person secur progress hospit provid excel afford manor manor short profession nurs
198598,counti clerk search search yellow right local specif need search sort combin respons search criteria
198599,cemeteri counti cemeteri cultur featur cemeteri counti cemeteri cultur featur cemeteri counti primari cemeteri within deliveri
