passageId,passage
20085,scorpion give birth thursday august comment thank anyway answer question mouth mother open featherlik underneath scorpion
20086,class arachnida consid
20087,titl video femal emperor scorpion give birth young media
20088,million differ exoskeleton segment three insect deriv latin mean segment amaz bedbug
20089,scorpion give birth thank anyway answer question mouth mother open featherlik underneath scorpion
20090,million differ exoskeleton segment three insect deriv latin mean segment quintillion planet venom
20091,emperor scorpion birth offspr everi expect mother might give birth sting giant emperor scorpion offspr emperor imperi speci scorpion world litter month gestat period
20092,venom voluntarili scorpion regul venom scorpion singl brood aliv outsid shell exoskeleton crawl exoskeleton stiff crawl begin
20093,media link agre continu materi accord copyright usag restrict copyright given video
20094,birth young gestat depend temperatur avail averag young vulner unabl
