passageId,passage
20095,protein fiber pepperoni pizza slice protein fiber pizza pizza slice classic bacon doubl cheeseburg protein fiber pizza pizza slice classic bacon bonanza
20096,protein fiber chees pizza slice protein fiber pepperoni pizza slice protein fiber pizza pizza slice classic bacon doubl cheeseburg
20097,pizza favorit choic pizza piec chees pizza calori nutrit inform varieti serv size pizza shown nutrit filter slice pizza
20098,slice pizza calori count pizza crust slice pizza averag slice chees pizza averag slice pepperoni pizza
20099,relat protein fiber chees pizza slice protein fiber pepperoni pizza slice
20100,protein fiber chees pizza slice protein fiber pepperoni pizza slice protein fiber pizza pizza slice classic bacon doubl cheeseburg protein fiber pizza pizza slice classic bacon bonanza
20101,slice pizza calori count pizza crust slice pizza averag slice chees pizza
20102,depend chain style averag slice crust chees pizza averag slice regular chees pizza that percent crust usual count
20103,protein fiber pizza pizza slice classic bacon bonanza protein fiber pizza pizza slice classic canadian homemad tomato sauc pizza slice protein fiber
20104,slice pizza chose crust instead regular crust pizza care choos load pizza increas calori count pizza deliveri chain pizza
