passageId,passage
20365,italian coffe forc small amount nearli boil water pressur fine ground coffe
20366,usual water reach boil point remov minut french press accur method precis temperatur coffe electr french press water kettl hassl pour boil water machin desir temperatur
20367,doesnt start super unless thermomet difficult temperatur coffe
20368,coffe beverag brew method specif blend roast level roast level produc authent exampl southern roast gener prefer
20369,forc water pressur fine ground compact coffe tamp coffe penetr ground process almost syrupi beverag solid
20370,actual coffe flavor extract grind better higher scientist trust research optim temperatur water coffe littl boil
20371,especi machin broken actual temperatur coffe water scorch coffe coffe bloom coffe water without bloom loos quit flavor coffe coffe tast conveni coffe matter coffe sit expos tast syrupi harsh tast roast properli nasti
20372,that frequent bitter coffe local unfortun known peopl simpli that lower coffe heat element doesnt water enough flavor possibl result coffe water older coffe machin water reservoir grind start first measur thermomet around
20373,reason drink coffe finish brew leav heat element coffe french press water somewher around
20374,gener coffe higher concentr suspend creami consist result brew process typic concentr
