passageId,passage
20415,close resembl hormon adren produc often differ steroid close resembl hormon adren produc natur
20416,although caus rang effect reliev inflamm discomfort differ doctor minim effect achiev signific reduc effect possibl control impact health effect affect entir instead particular like caus signific effect
20417,often known medicin rang theyr version normal produc adren small avail differ often known medicin rang theyr version normal produc adren small avail differ
20418,group natur synthet commonli pituitari cessat result acut adren crisi addisonian crisi mark dehydr sever vomit diarrhea hypotens conscious acut adren crisi potenti fatal
20419,effect possibl control impact health effect affect entir instead particular like caus signific effect depend medic receiv includ elev pressur effect possibl control impact health effect affect entir instead particular like caus signific effect
20420,caus effect exampl medic caus person resist fight someon respond medic treatment certain medic often steroid power medic treat inflamm
20421,power sometim rang effect potenti thought outweigh effect larg power sometim rang effect potenti thought outweigh effect larg
20422,mimic effect natur adren exceed usual suppress reduc inflammatori arthriti treat rheumatoid arthriti lupu asthma treat diseas adren produc enough prevent organ reject transplant
20423,involv rang physiolog stress respons immun respons regul inflamm carbohydr metabol protein catabol blood electrolyt numer sever neuropsychiatr steroid psychosi anxieti depress therapeut caus feel artifici steroid euphoria
20424,steroid either produc system refer given oral inject distribut throughout steroid either produc system refer given oral inject distribut throughout
