passageId,passage
21263,chart citat summari state appli broadli environment appli specif state adopt feder clean least limit state agenc author adopt environment gener impos uncondit restrict state agenc author impos condit restrict state agenc author
21264,articl constitut constitut suprem articl commonli supremaci claus import state feder direct conflict feder state state invalid concurr state necessari determin particular circumst
21265,feder state feder constitut state certainli constitut constitut suprem contraven
21266,feder central govern union constitut highest feder constitut therefor feder would prevail state regular crimin court go suprem court
21267,possess inher sovereignti protect promot public order health safeti moral gener welfar state pursuant polic carri strong presumpt valid
21268,number limit state agenc author adopt environment stringent feder
21269,legisl branch congress enact execut branch presid author execut branch respons foreign foreign govern requir advic consent senat
21270,claus constitut unit shall pursuanc thereof shall author unit shall suprem everi state shall bound therebi thing constitut
21271,state agenc author adopt stringent environment state agenc author adopt stringent environment number limit state agenc author adopt environment stringent feder
21272,answer supremaci claus constitut articl feder alway preced state conflict minimum minimum minimum feder minimum higher
