passageId,passage
21313,coffe averag price comparison price coffe pound known coffe costli octob reveal price pound
21314,today network coffe gener spend whether
21315,insur typic coffe without servic rememb space insur cover properti someon build insur cover
21316,gener liabil insur coffe visit gener liabil insur analysi agent applic need
21317,base ounc coffe base approxim ounc maxwel hous ounc serv
21318,coffe significantli accord depart labor singl coffe averag pound instanc coffe direct italian roast pound come pound
21319,figur coffe actual littl across differ pound ground coffe verona
21320,coffe would afford ticket yanke stadium photo anthoni today sport afford
21321,coffe insur cover properti damag might wonder coffe insur budget insur provid insur three import coverag
21322,price coffe individu regardless coffe higher price instanc coffe direct italian roast pound come pound
