passageId,passage
21583,touch button option manual learn option cheap optic small button that control panel hardwar sound click mous disabl comment load
21584,press button includ button press right corner releas small light turn start click control small light illumin altern disabl control panel click start click control panel mous launch mous
21585,press button disabl featur press disabl button small light illumin disabl control panel click start click control panel mous launch mous small light illumin altern disabl control panel click start click control panel mous launch mous
21586,work mous control panel follow press select control panel select mous mous mous disabl devic manag press select devic expand point disabl entri mous select control panel select mous mous mous disabl devic manag press select devic manag expand point
21587,button keyboard start button press enter arrow set press enter control panel press enter small button that control panel hardwar sound click mous disabl comment load
21588,tap featur sometim inadvert chang tri enabl disabl featur follow click start control panel control panel click mous mous window click devic devic click button window click tap check uncheck enabl tap click
21589,video show enabl disabl short secondari keyboard method easier disabl work enabl mous longer method requir extern video show enabl disabl short secondari keyboard method easier disabl work enabl mous longer method requir extern mous
21590,devic click button window click tap check uncheck enabl tap click mous window click appli mous window click devic devic click button window click tap check uncheck enabl tap click
21591,small button that control panel hardwar sound click mous disabl comment load small button that control panel hardwar sound click mous disabl comment load
21592,break mous disabl annoy pinch featur select devic select synapt touch devic click synapt touch window expand pointer motion topic select pinch option uncheck disabl annoy pinch featur select devic select synapt touch devic click synapt touch window expand pointer motion topic select pinch option uncheck contact
