passageId,passage
21593,articl dispel water hydrat explain hydrat possibl dehydr appropri hydrat absolut requir health essenti
21594,dehydr common condit dehydr water dehydr inabl retain limit moistur epidermi quantiti water insid dermal reserv outsid epiderm depend level intern hydrat
21595,earli dehydr dehydr minor thirst sever depend extent dehydr earli dehydr thirst reduc urin output darken urin
21596,agre need evalu clammi dizzi suspici someth go heart though could repres anxieti medic effect recommend evalu cardiologist
21597,import differ gener moistur stratum corneum experi dehydr dehydr water
21598,dehydr dehydr minor thirst sever depend extent dehydr along thirst initi dehydr includ reduc urin output darken urin becom concentr
21599,temporari condit lifelong concern genet determin product increasingli stress coupl continu exposur environ
21600,water necessari hydrat amount water necessari hydrat activ climat environment howev averag follow inform guidelin adult daili
21601,hydrat exactli water becom appropri hydrat absolut requir health essenti water vital chemic correct
21602,medic author melissa conrad dehydr minor thirst sever depend extent dehydr along thirst initi dehydr includ reduc urin output darken urin becom concentr
