passageId,passage
22539,definit transmiss english languag process send electr radio televis comput someth messag broadcast radio televis process someth spread person thing anoth
22540,diseas transmiss infect live thing anoth signal transmiss interrupt leav move leav storm transmiss power engin work maximum effici variou
22541,televis amaz window world flick button travel north watch walk break listen world make histor
22542,xenon spark plasma fourth state matter liquid solid plasma might plasma invalid incorrect answer wasnt consid thinner
22543,common transmiss digit satellit cabl allow transmiss digit terrestri aerial convent antenna greater number better pictur sound qualiti
22544,process send electr radio televis comput someth messag broadcast radio televis process someth spread person thing anoth
22545,transmiss sentenc equip transmiss televis transmiss scene accid transmiss knowledg gener manual transmiss come automat transmiss
22546,definit transmiss process instanc transmiss nerv impuls across synaps passag radio space process radio televis
22547,transmiss sentenc equip transmiss televis transmiss scene accid transmiss knowledg gener manual transmiss come automat transmiss
22548,origin devic televis previou answer later someon acronym first letter
