passageId,passage
2293,menstruat rememb focu dietari nutrient concern among childbear period excus doubl
2294,forget oliv avocado leafi load vitamin found fluid follicl that hous support follicl develop green
2295,consid see doctor howev havent tri three three start
2296,leafi green protein especi import bleed heavili
2297,percent difficulti get pregnant still percent chanc get pregnant without
2298,addit partner refin white bread sugar satur
2299,boost fertil boost fertil green dairi indic especi chicken turkey detriment toward fertil reduc get pregnant
2300,boost fertil improv fertil boost fresh vitamin improv sperm qualiti count consum least fresh daili
2301,meanwhil littl healthi vitamin orang vitamin sperm move along swimmingli vitamin citru sperm qualiti
2302,omega salmon regul improv blood protect sperm damag age
