passageId,passage
2362,translat differ rhode rhode island everywher countri
2363,relat texa california florida wouldnt differ countri garbag matter california florida texa commun
2364,thank inform account slapdash corpor health system scandinavian model someon spent northern swedish health system found essay
2365,convert convert differ region earth uniform standard usual local place refer intern locat
2366,world differ china china ahead ahead behind standard time read
2367,relat texa california florida wouldnt differ countri garbag matter california florida texa
2368,editor unit finland finland popul million unit million bureaucraci support health system unit would staggeringli larg
2369,share differ california exampl california eastern standard california pacif standard diana
2370,convertor calcul account daylight save local futur current pleas world clock instead world clock current time around world
2371,search differ differ locat around world delhi subtract given number
