passageId,passage
23789,dougla sever famili medicin differ chronic persist atrial fibril heart chest pound irregular occur continu normal heartbeat often irregular rapid arrhythmia
23790,atrial fibril paroxysm atrial fibril paroxysm atrial fibril faulti electr rapid heart begin suddenli sever within usual
23791,differ atrial fibril paroxysm common persist perman video cardiologist samaritan hospit differ
23792,effect trial systemat review found reduc nocturn heart chronic atrial fibril found signific differ ventricular exercis toler daytim exercis heart
23793,univers three differ atrial fibril paroxysm persist perman paroxysm atrial fibril condit atrial fibril suddenli last anywher
23794,conclus studi paroxysm becom chronic period rang first paroxysm episod period paroxysm chronic
23795,atrial fibril atrial fibril abnorm heart rhythm rapid irregular beat often brief abnorm beat becom longer possibl constant
23796,autopsi seri found wherea gener popul found insur popul atrial fibril chronic paroxysm
23797,background atrial fibril defin presenc atrial fibril unassoci evid organ heart diseas conflict concern prognost import embol surviv affect arrhythmia
23798,systemat review found exercis heart effect chronic atrial fibril howev signific assess assess
