passageId,passage
25225,process result muscl spasm brain neurolog damag nervou system caus condit exampl attack nervou system
25226,tremor irregularli complet reliev tremor peopl movement disord involuntari muscl muscl caus twist repetit abnorm twist
25227,import muscl muscl thing muscl spasm involuntari contract muscl muscl twitch uncontrol movement small portion muscl twitch visibl
25228,occur nerv muscl exampl herniat spinal spasm often occur kick swim
25229,muscl occur muscl involuntarili pain number rang nutrit defici seriou nervou system experi sharp extrem pain muscl physician ruptur spine
25230,includ blood circul overexert insuffici exercis muscl fatigu dehydr magnesium potassium defici calcium defici pregnant
25231,vaginismu uncontrol involuntari spasm vagina caus sexual intercours pain trigger pain muscl spasm associ
25232,caus muscl includ water remov fluid treat diseas myasthenia
25233,muscl occur effect caus muscl includ water remov fluid treat diseas
25234,common gastroenter effect injur muscl suffer muscl doctor prescrib medic known muscl relax muscl relax muscl
