passageId,passage
25762,dian barrett profil inform dian barrett specialist servic sterl
25763,assign proprietor entiti individu elig proprietorship busi elig individu proprietorship subpart
25764,patient total number averag number number number number number femal number
25765,dian barrett specialist individu educ train appli knowledg disciplin perform level knowledg beyond apart provid gener educ liber degre
25766,dian barrett clinic psychologist specialist saint graduat divers experi especi clinic psychologist dian barrett amount payment request dian barrett inform inform advic payment simpli appoint
25767,dian patricia barrett clinic psychologist provid practic locat contact dian patricia barrett particip accept
25768,current dian barrett first comment review provid decid right share experi post comment review provid decid right
25769,dian barrett sterl experi field medicin current locat address dian barrett circl sterl graduat georg washington univers school medicin medic degre
25770,psychologist individu licens practic psycholog defin observ descript evalu interpret modif human behavior applic psycholog purpos symptomat undesir behavior
25771,number individu ownership regist follow primari busi legal provid organ dian barrett
