passageId,passage
26062,cocktail dress littl black dress dressi skirt dressi blous light color depend season dress pant collar shirt jacket dressi leather cocktail attir festiv formal dress dress pant skirt blous jacket without
26063,collin english dictionari edit first collin thesauru edit first
26064,singular indic supin strong singular indic person plural indic supin
26065,singular indic supin strong singular indic person plural indic supin intransit rooster iceland english
26066,there color cravat metropolitan museum annual costum institut radic chang necessarili expect theme event time emphat
26067,omin black invit short dress formal etiquett black wed english
26068,modest favor still formal dress formal dress satin skirt cashmer sweater blous tuxedo pant uniqu tuxedo combin whimsic black shirt color pattern match cummerbund
26069,singular indic supin strong singular indic person plural indic supin intransit rooster
26070,white appropri black dressi white still pretti formal usual reserv even even dress black dress dressi separ skirt shell
26071,proper swallowtail jacket peak button meant close stand crowd midnight accept substitut black brown
