passageId,passage
26092,altern glucos short suppli liver breakdown form enough sugar glucos suppli need overnight fast insulin epinephrin rel normal
26093,definit ketosi presenc excess appear dietari ketosi sever ketosi
26094,howev individu diabet danger develop enough insulin circul liver make
26095,acidosi diabet starvat enhanc product keton acidosi diabet starvat enhanc product keton diabet
26096,accumul keton blood metabol acidosi often associ uncontrol diabet ketosi encyclopedia dictionari medicin nurs alli health seventh edit
26097,acidosi accumul result extens breakdown faulti carbohydr metabol primarili complic diabet fruiti aceton breath mental confus dyspnea nausea vomit dehydr weight untreat
26098,metabol acidosi abnorm concentr keton blood condit complic untreat improperli diabet especi diabet thirst fatigu fruiti breath potenti progress death
26099,acidosi increas widespread breakdown result ineffici carbohydr metabol typic complic diabet includ presenc notic fruiti scent aceton breath dyspnea mental confus nausea weight dehydr
26100,normal effici remov certain absent concentr build ketosi blood keton concentr higher blood keton lower blood lower
26101,acidosi diabet starvat enhanc product keton ketosi condit starvat uncontrol diabet blood
