passageId,passage
2612,final withdraw class inform contact previous academ calendar reflect midweek start wednesday januari winter semest
2613,final withdraw class inform contact previous academ calendar reflect midweek start wednesday januari winter semest
2614,winter semest friday withdraw class inform contact previous academ calendar reflect midweek start wednesday januari winter semest
2615,semest previous academ calendar reflect midweek start wednesday januari winter semest better support teach learn assist smooth start winter semest first class monday januari
2616,target elig winter registr subject winter timet registr inform student assum fulli winter semest creat timet
2617,invest futur educ import invest associ come
2618,semest previous academ calendar reflect midweek start wednesday januari winter semest better support teach learn assist smooth start winter semest first class monday januari
2619,subject winter timet registr inform student assum fulli winter semest creat timet
2620,cours class quickli there guarante chang first program check academ calendar specif inform regard program avail
2621,final regist eight durat first seven final regist greater seven withdraw colleg partial refund
