passageId,passage
26342,pronounc mostli english languag languag origin sanskrit deriv english indian rare rank within pronounc
26343,english celtic hebrew sanskrit hebrew variant transcript shanna english russian wide list within english celtic hebrew sanskrit hebrew origin
26344,hidden passion number hidden talent person karmic associ first middl birth certif pleas enter number three number sourc light becom dynamit deviat pursuit temptat click mean number tarot enclosur complet foundat
26345,alway bring complet anyth start gener give execut abil leader moral balanc honest intellectu attain practic appreci beauti alway think independ inquisit interest research number three number sourc light becom dynamit deviat pursuit temptat click mean number tarot enclosur complet foundat
26346,spiritu intens sting charm money busi creator promot origin usual enjoy consider financi event excit versatil abil learn karmic associ first middl birth certif pleas enter
26347,number three number sourc light becom dynamit deviat pursuit temptat click mean number tarot enclosur complet symbol earth number three number sourc light becom dynamit deviat pursuit temptat click mean number tarot enclosur complet foundat
26348,hidden passion number hidden talent person karmic associ first middl birth pleas enter karmic associ first middl birth certif pleas enter
26349,peopl
