passageId,passage
26410,accord unit nation health morbid obes defin percent ideal weight ideal weight person index valu greater would consid morbidli adult higher consid mere obes grade overweight commonli sever morbid obes greater equal statist particular morbid obes varieti effect obes statist correl morbid obes depress partli chemic common trend lower esteem
26411,share social secur administr obes chronic complex diseas excess accumul obes index social secur administr obes chronic complex diseas excess accumul obes index
26412,morbid obes chronic threaten multifactori diseas excess storag multipl health known threat morbid obes morbid obes shorter expect whose weight twice ideal weight that popul earli death doubl
26413,morbid obes chronic diseas steadi progress increas weight emot physic obes peopl resist difficult statist particular morbid obes varieti effect obes statist correl morbid obes depress partli chemic common trend lower esteem
26414,obes medic condit excess extent neg effect health lead reduc expect health lead prevent caus death increas seriou public health centuri
26415,index measur base height weight obes defin greater equal meter squar morbid obes defin greater equal meter older obes morbidli defin greater equal meter squar morbid obes defin greater equal meter squar
26416,recommend tweet weight higher consid healthi weight given height overweight obes index screen overweight tweet weight higher consid healthi weight given height overweight obes index screen overweight obes
26417,condit interchang morbid obes typic defin ideal weight index higher person consid morbidli obes certain seriou threat morbid obes morbid obes shorter expect whose weight twice ideal weight that popul earli death doubl
26418,obes medic condit excess extent advers effect health defin index distribut ratio total cardiovascular lead prevent caus death increas seriou public health centuri
26419,unit overweight nation world morbid obes choic chronic diseas need epidem economist robert found obes sever obes unit overweight nation world morbid obes choic chronic diseas need epidem
