passageId,passage
2642,creat excel column excel document column merg actual within sheet
2643,click start merg older believ merg wizard merg select window display select label popular averi
2644,click click holder label sheet click button printer label paper check printer whether overload printer click click print choos printer click reach number print click print button print brand print creas accordion
2645,column everi address element might merg excel click match write insert group
2646,close excel merg right screen click appear
2647,merg select window display select label popular averi click youv select appropri label
2648,close excel merg right screen click appear radio button click label choos label click chosen click select click brows brows save excel save
2649,launch click click button ribbon click pictur label default imag vendor averi click label click brand usual print folder
2650,document section click start merg older believ merg wizard merg select
2651,document section click start merg older believ merg wizard merg select
