passageId,passage
27237,characterist candid score worst provid overal score score system select base phone interview select approach phone screen overview reason
27238,alway first second say front first answer later specif need charg control first interview complet
27239,shouldnt interview interview alway interview everi interview
27240,great backdoor effect often would never volunt indic potenti refer volunt struggl
27241,detail compani cultur alison green alison green interview interview might think finish that quit base impress interest concern compens instead compani great interview
27242,focu interview forget someth import right interview import
27243,recommend three interview actual three prepar might cours interview might interview
27244,phone interview start initi screen unqualifi peopl exampl compani certain design experi
27245,obvious chang depend everi phone interview question specif measur result critic success look peopl confid
27246,peopl will rapidli small figur secret sauc opinion reveal ad industri specif minut interview
