passageId,passage
27307,convert kitchen culinari weight measur pound kilogram exactli culinari
27308,fraction round nearest accur answer pleas select decim result increas decreas accuraci answer number signific result
27309,quick answer pound equal approxim kilogram approxim equal measur intern system metric system measur customari system imperi system continu read
27310,convert earth equival kilogram convert multipli number equival
27311,kilogram weight sens convert precis weight system kilogram answer chang kilogram weight measur pound equival weight measur often profession peopl alway ensur success cook precis convers measur special cook accur weight measur total crucial
27312,answer assum convert kilogram pound measur kilogram kilogram equal round occur alway check learn convert convert convert convers measur mathemat formula convert convert formula would simpl thing convers convert
27313,kilogram answer assum convert kilogram pound measur kilogram kilogram kilogram equal round occur alway check learn convert convert revers convers kilogram enter
27314,report abus adult content insult violenc harass privaci invas imperson misrepresent fraud adult content insult
27315,kilogram symbol defin thousandth kilogram convers equival
27316,equal singl kilogram equal round exampl equal someth precis convert instead
