passageId,passage
27557,temperatur fahrenheit celsiu fahrenheit celsiu youv fairli seriou situat immedi
27558,normal temperatur within rang temperatur outsid rang contact veterinarian temperatur emerg situat
27559,canin normal temperatur rang fahrenheit celsiu temperatur veterinarian temperatur often measur rectal difficult accur read
27560,gener normal temperatur higher normal rectal temperatur normal temperatur puppi birth temperatur gradual
27561,normal temperatur within rang temperatur outsid rang contact veterinarian
27562,normal temperatur celsiu depend breed
27563,normal rectal temperatur fahrenheit higher necessit veterinarian depend feel consid reliabl method determin intern temperatur certain
27564,higher temperatur therefor feverish temperatur still within normal limit normal temperatur temperatur consid fever
27565,therefor feverish temperatur still within normal limit normal temperatur temperatur consid fever fever sometim
27566,accord veterinari handbook averag normal temperatur adult celsiu fahrenheit
