passageId,passage
27587,exampl prefer librari calcul format
27588,class timer public class timer object facil schedul futur execut background thread onetim execut repeat execut regular
27589,class timer public class timer object facil schedul futur execut background thread onetim execut repeat execut regular constructor summari constructor descript
27590,mainli inform given time paramet exampl follow avail
27591,public given granular util convert across perform time delay
27592,display applic exclus advantag activ set display display compos width height monitor depth number refresh frequent monitor
27593,howev guarante particular implement notic passag granular given convert given durat given
27594,troublesom calcul month manual suggest librari exampl prefer librari calcul format
27595,convert write program number total output program differ number total ensur work
27596,chang display method desir display except thrown display avail display run exclus display
