passageId,passage
27947,maori first aotearoa wide known maori white cloud polynesian peopl dilig peopl common first aotearoa wide known maori white cloud polynesian peopl dilig peopl common labour
27948,written histori contact maori despit indigen australia contact earli coloni travel fluid maori peopl daniel altern holland first written histori maori jackson tahua known
27949,maori indigen peopl polynesian maori first peopl first peopl maori maori indigen peopl polynesian maori first peopl first peopl maori peopl found use
27950,maori indigen polynesian peopl eastern sever cano censu approxim peopl make roughli nation popul ethnic group european
27951,post olivia maori aborigin indigen peopl live australia aborigin indigen nativ popul olivia maori aborigin indigen peopl live australia aborigin indigen nativ popul maori
27952,peopl live australia first peopl australia australian strait live simpl first peopl australia australian strait live australia simpl need
27953,recent indic indigen probabl first modern migrat roughli australia around number indigen peopl repres state territori level south australia aborigin governor dougla first indigen australian serv minist govern erni bridg western australian parliament
27954,peopl histori maori popul maori peopl first migrat aotearoa european settler treati amongst william treati maori peopl mutual histori origin moriori flightless recent european moriori maori today origin polynesian
27955,first often pakeha maori live earli amongst maori peopl often spoke maori languag fluentli grow land ashor histori origin moriori flightless recent european moriori maori today origin polynesian
27956,maori first aotearoa mean white maori first explor reach first aotearoa mean white cloud
