passageId,passage
28485,dental dental deriv report base texa health program provid elig
28486,amalgam composit amalgam silver fill surfac primari perman tooth composit white fill surfac anterior front tooth composit white fill surfac posterior tooth amalgam silver fill primari perman tooth
28487,reach product limit individu order pleas complet order place second second order choos agent order ship method ship second thank understand dental depot
28488,total texa health dental spent dental treatment prevent state averag child texa health dental treatment servic
28489,dental calcul averag dental dental latest consum price index urban averag expenditur categori commod servic group dental calcul averag price dental
28490,averag texa health dental treatment calcul three optim counti level would adjust reach optim level water
28491,nation institut dental craniofaci research find dental nation institut dental craniofaci research feder nation health lead nation support research improv health research organ provid financi assist dental treatment
28492,first number rang particular servic state second number highest particular servic california averag dental adult clean clean fluorid treatment
28493,composit white fill three posterior tooth amalgam silver fill primari perman tooth composit white fill angl anterior front tooth composit white fill posterior teeth
28494,content tabl gener guidelin illustr approxim dental region inform consum dentist insur compani spend money dental
