passageId,passage
29166,religi often color order rather purpl purpl tradit color royalti order color antiqu small gland snail live
29167,colour simpli within church hierarchi crowd alway white person church hierarchi total white
29168,cardin will spill blood church zucchetto actual beneath biretta region spanish style instead three
29169,thank abbi alway provid prompt definit given biretta squar roman cathol thought roman cathol
29170,talk cassock simar cassock short shoulder length color white amaranth magenta purpl depend occas purpl black purpl pipe black
29171,primarili three differ basic skullcap zucchetto simpl round beani collaps biretta taller three
29172,mitr mitr luxuri pictur biretta black roman cathol
29173,confid costum color roman cathol cardin scarlet daili cardin cassock ordinarili black except white cassock broad around waist
29174,signatur cardin lower highlight investitur ceremoni accord time cathol church peopl found radic chang
29175,certain regalia distinct order bishop full sacrament pector cross mitr staff pallium regular regalia identifi bishop pector cross
