passageId,passage
29176,lumber busi hardwood busi staff post creek jason smith work logger father strong drawn finish product career lumber
29177,check lumber incorpor compani profil creek latest busi inform busi directori
29178,lumber busi hardwood busi staff post creek jason smith work logger father
29179,busi lumber compani qualiti lumber lumber peopl board grade lumber lumber grade trimmer smaller jason silenc pretti watch
29180,lumber busi owner claim busi list import inform busi
29181,midwest lumber privat wholesal distribut compani offer specialti build retail lumber upper midwest offic wholesal compani sell wholesal distribut compani complet specialti
29182,sinc lumber incorpor provid wholesal lumber rough dress finish creek statu unverifi address unverifi
29183,lumber creek drive creek lumber lumber lumber
29184,lumber mainli cherri basswood poplar mapl mapl speci combin jason would mapl proven opposit
29185,lumber product industri saw produc grade lumber heart size materi sort tabl
