passageId,passage
29646,power environ encount canyon state count alreadi epicent mexican tourism anyon surround beauti natur environ
29647,gulli canyon capit canyon beauti histor cliff thousand start river second river
29648,hous former mansion philanthropist businessman glori histor hous museum
29649,cemeteri beauti seren place consid stun autumn sugar mapl arkansa tourism
29650,grand canyon might famou attract arizona equal beauti antelop canyon canyon navajo nation flash gradual sandston stun world
29651,resort approxim mile north acapulco nearbi modern resort third tourist destin especi sport
29652,place anoth municip villa santiago specif horsetail resembl major center waterfal beauti
29653,photo beauti indiana today januari slide slide indiana state union littl everyth rural amish countri cosmopolitan seren tibetan
29654,bustl music scene section wonder place explor miguel popular cultur center central canada
29655,popular american caribbean pacif cultur bonanza interior offer travel
