passageId,passage
29696,vagin flatul vagin flatul flatu latin emiss expuls vagina often sexual intercours often cunnilingu
29697,slang sound come vagina trap vagina often associ penetr vagina
29698,confid vagin flatul vagin flatul flatu latin emiss expuls vagina often sexual intercours often cunnilingu
29699,answer ranger confid vagin flatul vagin flatul flatu latin emiss expuls vagina often sexual intercours often cunnilingu
29700,vagin flatul flatu latin emiss expuls vagina often sexual intercours often cunnilingu sound somewhat compar flatul involv wast associ
29701,definit emiss vagina especi noisi produc emiss nois thing
29702,expel vagina typic sexual forc vagina night tonight
29703,expel vagina typic sexual forc vagina night tonight mean vagin
29704,expel vagina typic sexual forc vagina night tonight
29705,first thought mexican someon talk eat
