passageId,passage
29826,broccoli cook larg skillet garlic minut bread pepper stir golden brown garlic minut bread pepper stir golden brown broccoli bread
29827,three water vinegar water cook alway clean articl clean broccoli clean bristlelik brush veget clean clean work clean water vinegar method clean broccoli
29828,microwav broccoli water cover drain asid broccoli cook larg skillet garlic minut garlic minut bread pepper stir golden brown broccoli bread
29829,clean bristlelik brush veget clean clean work clean water vinegar method clean broccoli clean bristlelik brush veget clean clean work clean water vinegar method clean broccoli
29830,microwav broccoli water cover drain asid broccoli cook larg skillet garlic minut garlic minut bread pepper stir golden brown broccoli bread
29831,clean bristlelik brush veget clean clean work clean water vinegar method clean broccoli clean bristlelik brush veget clean clean work clean water vinegar method clean broccoli
29832,clean eat everyday live clean eat clean eat clean eat garlic fantast littl simpl simpl
29833,garlic minut bread pepper stir golden brown broccoli bread garlic minut bread pepper stir golden brown broccoli bread
29834,sinc perfect world recent environment work report produc dirti dozen least clean inspir dirti dozen clean inspir organ grown produc possibl innov singl
29835,curiou includ dirti dozen clean analysi test pesticid curiou includ dirti dozen clean analysi test pesticid residu
