passageId,passage
30216,needl studi acupunctur work reliev stress needl treat stress acupunctur could tap basic biolog stress control
30217,acupunctur address anxieti stress result exampl peopl suffer anxieti stress suffer digest blood pressur
30218,nurs anesthetist acupunctur treat sleep better feel better needl reliev whether acupunctur might reduc stress
30219,elit trainer fit absolut believ acupunctur anxieti conquer anxieti control though quiet anxiou televis incessantli
30220,sever suggest acupunctur improv anxieti especi surgic diagnost howev evid conflict product discuss qualifi provid
30221,werent acupunctur could affect stress howev design investig relationship might creat chronic stress expos
30222,journal endocrinolog acupunctur ancient practic reduc stress biolog proof
30223,acupunctur recalibr normal stress hormon least model instead keep constant state anxieti acupunctur stress respons return toward normal
30224,acupunctur stress anxieti anxieti child go surgeri studi acupunctur needl care around decreas anxieti anxiou there anxieti auricular acupunctur known reliev stress anxieti howev known needl around effect reliev parent anxieti associ surgeri constant concern
30225,acupunctur stress understand ancient practic anxieti acupunctur realli reliev stress studi give closer studi biolog involv someth scienc fulli understand discov stress lower receiv electron acupunctur
