passageId,passage
30756,neighborhood origin corpor carlisl conveni cypress texa northeast corner cypress
30757,neighborhood origin corpor carlisl conveni cypress texa
30758,northeast corner cypress conveni dine retail medic worship
30759,subdivis harri counti within texa subdivis surround educ entertain shop
30760,offic emerg manag river prepar flood begin overnight thursday morn
30761,flood warn danger flood river commun report commun
30762,current averag price averag squar current leas subdivis
30763,averag price averag squar current leas subdivis averag averag price squar
30764,addit water alreadi river street flood riversid crest begin take prepar advanc move higher ground
30765,addit water alreadi river street flood riversid crest begin take prepar advanc
