passageId,passage
3110,primari dumbbel compris group along thigh bicep semitendinosu semimembranosu
3111,instead stiffleg exercis posit independ wrist forearm shoulder complex natur angl movement make comfort
3112,strength pertain central lower abdomin region import health compon almost everi movement posit strength build movement
3113,stiffleg although often stiffleg exercis first learn stiffleg exercis start light perfect techniqu
3114,photo credit stiffleg resist exercis trunk includ gluteu maximu hamstr erector spina spinal respect
3115,could context measur strength emphasi variou perform muscl therefor could better overal muscl strength
3116,strengthen whether perform improv row dumbbel choic exercis numer erector spina trapeziu levat
3117,strengthen surround support waist backsid cours lower strength import balanc weight transfer whether sport daili
3118,perform stiffleg posit work front nonwork front work perform exercis manner version
3119,stiffleg resist exercis trunk includ gluteu maximu hamstr erector spina spinal respect
