passageId,passage
3140,link asthma hormon disrupt anim cancer damag short polyglycerol yellowish liquid castor viscos chocol sinc chocol expens ingredi cocoa butter produc compani
3141,chocol compani actual amount cacao butter product expens sugar problem come attempt chocol sinc sugar quit expens sugar
3142,castor veget press castor plant common castor plant probabl come replac castoreum perfum dri perin beaver castor colorless yellow liquid distinct tast boil point densiti triglycerid approxim percent fatti
3143,thank search chocol without fructos syrup partial search chocol without fructos syrup partial
3144,chocol recip lower cocoa butter chocol around hassl expens actual chocol chocol
3145,castor plant ricinu speci flower plant spurg famili euphorbiacea monotyp genu ricinu subtrib evolut castor relat speci current studi castor despit castor indigen southeastern mediterranean basin eastern india widespread throughout tropic wide grown elsewher ornament plant castor sourc castor varieti
3146,polyglycerol emulsifi glycerol fatti usual castor soybean chocol compound chocol similar mainli anoth substanc lecithin reduc viscos
3147,short chain glycerol connect ether ricinol connect ester yellowish viscou liquid strongli solubl insolubl water ethanol
3148,often chocol cocoa butter rare point manufactur chocol money higher price chocol
3149,chocol world found never ingredi label reader rush offic
