passageId,passage
32230,north arctic circl south antarct circl experi sunset sunris least polar polar night continu sunset uniqu atmospher often intens orang color surround
32231,memori modul memori modul standard memori storag storag storag remov media
32232,sunset sundown daili disappear horizon result rotat exactli equat spring twilight sunset defin astronomi moment trail horizon horizon atmospher refract light distort
32233,civil twilight horizon morn civil twilight horizon sunris even sunset horizon civil moment geometr center horizon morn civil moment geometr center horizon even
32234,northern hemispher latest sunset earli summer solstic latitud connect movement around aphelion around likewis sunset occur winter solstic rather depend latitud
32235,march equinox north nautic astronom twilight instead continu period civil twilight equinox stay north septemb equinox
32236,absolut absolut categori threat beyond human control possibl outcom assess assess identif could neg impact abil conduct busi
32237,hacker hacker individu comput overcom technic problem antiviru antiviru program antiviru class program design prevent detect remov individu
32238,definit mean gener transit sunset nighttim often anoth even twilight howev scienc basi angl horizon
32239,twilight twilight night light outsid horizon
