passageId,passage
32300,gender femal usag popular first often femal peopl gener unit america mean apolog mean pleas share inform
32301,pretti gruesom mean singer autopsi assist offic beaten behind
32302,mean german middl german grain metonym occup factor dealer grain nicknam peasant dutch german short person corneliu jewish ashkenaz german yiddish grain metonym occup ornament czech short czech person vernacular corneliu
32303,stori littl offic work month littl broken behind bathroom
32304,agre daniel heather notic album could relat littl follow leader littl cliff know would cliff death hazard thing peachi cover fix
32305,wrote worst imag small violent peopl cover shadow person heather
32306,newslett newslett month ad inform recent what happen receiv newslett pleas enter
32307,rank posit rare estim least world around popul rel enough display number peopl given
32308,horsesho incest victim father shadow doesnt repres rapist doesnt repres victim victim
32309,discov mean ancestri averag expect common occup ancestri
