passageId,passage
32550,number custom servic number number custom support number address custom servic number number
32551,support phone number overal contact accord
32552,foolishli phone number endless stuff never despit say center
32553,street washington unit contact number reach inform
32554,tri contact newslett friendli custom number comput shame support vendor consum cellular
32555,custom servic phone number nonprofit nonpartisan organ membership million retir corpor address street washington monday friday phone support
32556,debit custom servic number custom queri complaint suggest feedback relat commun custom servic detail complaint suggest
32557,custom servic phone number nonprofit nonpartisan organ membership million retir
32558,answer phone would reason think would answer nonfunct found number custom servic actual supposedli issu taken pleasant taker
32559,custom servic phone number support reach person custom servic depart review
