passageId,passage
32580,gener requir complet degre program total combin degre usual entail complet approxim total credit
32581,offer degre work studi either campu these intend frame exact number credit school usual
32582,august earn degre psycholog choos degre altern psycholog particular interest work academ mental health
32583,total degre depend number taken credit receiv semest desir complet program semest least
32584,master educ master educ school educ graduat studi complet
32585,credit master program complet program credit design
32586,degre whether look leadership current field embark career explor rang prepar thrive competit global featur enabl focu passion
32587,program semest system program three academ spring summer divid
32588,admit condit provision statu scale attain uncondit statu follow first graduat satisfactori complet apprais educ statist human growth
32589,practicum internship experi complet practicum internship establish student total school career chang
