passageId,passage
33050,park expens repres opportun averag park space space structur cost space underground garag averag park space space structur cost space underground garag
33051,park profession level structur park becom favor option sinc park normal squar would decis level park guidebook discuss park advisori servic state typic surfac park capit space higher
33052,averag market park price squar compact averag market park price squar compact overlay
33053,typic park concret littl mainten expens mainten asphalt initi construct florida project asphalt shown twice concret park sens readi mix concret associ initi cycl concret consider today asphalt concret competit basi make cycl argument nearli overwhelm tri concret consid concret build owner park concret
33054,surfac park space subterranean park space cours chang dramat depend countri park built scarciti advisori servic state typic surfac park capit space higher
33055,concret park sens readi mix concret associ truth concret asphalt tri concret park cycl base mainten today asphalt concret competit basi make cycl argument nearli tri concret consid concret build owner park today asphalt concret competit basi make cycl argument nearli overwhelm tri concret consid concret build owner park concret
33056,total park overal project effect park space smaller project space project stall park structur small squar stall structur reason size effici amount squar footag everi park stall would around higher origin approxim squar structur system park structur system therefor select frame system signific effect park space
33057,wilson would cover monthli provid park space studi suburban southern california month rang although park advisori servic state typic surfac park capit space higher
33058,averag market squar squar park price squar compact overlay list dictat instal averag market squar squar park price squar compact overlay list dictat instal price
33059,exampl averag garag boston squar averag squar averag park space park space percent percent park averag underground park
