passageId,passage
33080,scratch itchi short avoid scratch famili call attent scratch light loos bedcloth
33081,caus itch easili lotion cream chronic dryness itchi issu person increas hydrat
33082,space itch result sunburn scabi eczema dermat psoriasi pregnanc contact environment caus itchi
33083,hilari insight foreign itch result sunburn scabi eczema dermat psoriasi pregnanc contact environment caus itchi
33084,itch canal associ allerg rhiniti contact dermat otiti common itch includ contact dermat atop dermat scabi infect psoriasi follicul itch especi elbow atop dermat
33085,itch occur result allerg reaction laundri deterg itch could number sunburn hive typic allerg reaction cream appli allevi hive
33086,itch sever health provid scratch itchi short avoid scratch
33087,itch tingl irrit scratch itchi symptom health
33088,unexplain itch health provid obviou caus itch sometim parent caus itch look close identifi irrit often caus itch clear mosquito
33089,itch like problem caus scalp common itch scalp includ psoriasi seborrh dermat dandruff contact dermat
