passageId,passage
33328,first major organ campaign sustain attent regular guest republican often suggest
33329,touch nerv there reason presidenti insult injuri carri coverag ralli support
33330,number trust trump congress brand strong cabl soar among
33331,proof neg trump coverag appar clinton network get absolut trump campaign boycott liber propaganda graphic boycott effect boycott go continu
33332,august brutal extrem unfair donald trump sinc convent wors first cabl network trump think network
33333,lead debat bigger overal audienc risen staff writer donald trump busi network republican presidenti debat north charleston coliseum center north charleston
33334,interview month anderson cooper spent nearli report secret dossier russia
33335,decis return invest advocaci group media america alreadi given trump million
33336,mixtur enthusiasm wari reput intens competit short suppli known could ground shake former produc
33337,garden network trump boycott august brutal extrem unfair donald trump sinc convent wors first cabl network trump think network
