passageId,passage
33398,regiment adjut garrison adjut staff offic command offic regiment battalion garrison regiment garrison similar unit adjut often administr platoon
33399,adjut militari offic attach everi battalion regiment superintend ordinari routin disciplin regiment
33400,legal commun great night infantri divis birthday
33401,bugl adjut still militari today adjut senior administr
33402,adjut militari appoint offic senior offic especi noncommiss offic normal correspond roughli staff sergeant warrant offic
33403,adjut posit uniqu indian deputi adjut formal standard procedur compani havildar major first report adjut adjut report adjut
33404,adjut gener repres princip staff offic command gener militari
33405,archiv induct special entri scheme servic ordnanc educ corp judg adjut gener branch short servic commiss
33406,judg receiv classroom instruct organ function mission judg advoc corp overview practic cours design prepar judg first practic corp
33407,judg respons offer legal support militari primarili focu crimin legal assist intellig includ continent unit japan
