passageId,passage
3390,impeach simpl major presid howev crime still trial senat come
3391,senat impeach receiv hous senat hold trial trial presid
3392,senat session verdict senat result convict senat remov presid offic
3393,senat result convict senat remov presid offic senat simpl major prohibit presid hold public offic futur
3394,clinton presid unit hous perjuri obstruct justic decemb
3395,impeach second perjuri charg charg abus power hous senat februari independ counsel turn document hous judiciari committe
3396,clinton decemb hous ground perjuri grand obstruct justic
3397,senat remov presid offic senat simpl major prohibit presid hold public offic futur
3398,remov clinton offic fifti remov clinton obstruct justic charg remov perjuri charg democrat guilti either charg
3399,result consid hous make clinton second unit presid third hous consid presid end impeach process
