passageId,passage
34236,advanc entri advanc entri advanc entri avail broad rang applic system
34237,univers privat institut total undergradu enrol set urban campu academ calendar edit region north
34238,univers univers privat coeduc cathol univers heart district
34239,offic physician health access health offic routin provid univers residenti commut graduat adult univers faculti staff
34240,eleven athlet known reflect irish heritag student
34241,privat coeduc cathol univers heart district merci curriculum reflect mission strong commit social justic ethic leadership servic commun meaning impact
