passageId,passage
34282,chief latest frank ocean travi scott chief therapist interview rapper chief video worth summer
34283,child support trial equat revers minim honor asset latest reveal chief recent trail reveal make approxim month toward child support record there faction peopl alreadi notabl clear month money certainli money begrudg singl dollar genuin happi someon worst america music viabl career
34284,worth american artist worth thousand worth american artist worth thousand known illinoi tough neighborhood south first
34285,medic school exactli rout everyon medic school america make money chief win lotteri upper financi echelon lotteri twice tri crush except tri peopl will honest discuss money realli
34286,chief worth calcul million million sourc incom howev major incom rais music industri earli school outrag admir
34287,chief money averag orthodontist nathan favorit rapper answer simpl often incred complic question money realli
34288,chief worth discuss incom continu increas current incom thousand exact earn sponsor hidden effect chief
34289,chief money averag orthodontist nathan post favorit rapper answer simpl often incred complic question money realli
34290,chief money averag orthodontist nathan jame
34291,person inform chief famou world entertain rapper actual keith cortez august illinoi mother chief littl concentr school dropout
