passageId,passage
34552,hypothyroid easili thyroid hormon medicin effect reliabl thyroid replac hormon synthet start treatment regular doctor right medicin hypothyroid start improv within first start treatment
34553,littl medicin hypothyroid constip feel sluggish gain weight medicin caus nervous sleep shake heart diseas medicin caus irregular chest
34554,treatment modal thyroid gland regain need imag arthriti rais thiamin qualiti busi mind exposur hypothyroid resolv histori
34555,found frequenc anemia subclin hypothyroid overt hypothyroid preval anemia overt hypothyroid group subclin hypothyroid group
34556,addit arent enough thyroid addit undergo weak caus improv treatment brain establish basal hypothyroid resolv thyroid function
34557,hyperthyroid thyroid thyroid hormon thyroid gland front metabol turn energi heart cholesterol thyroid hormon speed weight quickli heartbeat sweat nervou moodi
34558,studi anemia hypothyroid although numer caus anemia known hypothyroid caus variou anemia macrocyt normocyt anemia often first hypothyroid anemia
34559,standard treatment hypothyroid daili synthet thyroid hormon medic adequ hormon revers hypothyroid start treatment notic feel medic gradual cholesterol elev diseas revers weight
34560,thyroxin thyroxin hormon produc thyroid gland produc hypothyroid produc hyperthyroid thyroxin biolog activ hormon actual form thyroid gland
34561,background thyroid small gland front notabl thyroxin stimul vital everi
