passageId,passage
34562,decemb francisco weather decemb winter raini season francisco gradual fall averag temperatur averag
34563,climat francisco california climat francisco oceansid longitud latitud averag weather francisco januari februari march april august septemb octob novemb decemb
34564,weather greatli month month neighborhood differ francisco weather logic summer winter winter summer
34565,francisco weather francisco typic weather month visit especi import rang month differ wide climat right cloth weather impact francisco
34566,francisco weather weather changeabl liter surround side ocean weather forecast drastic neighborhood neighborhood
34567,decemb month francisco rainfal decemb drier weather anoth wetter
34568,humid francisco nation radar weather sever weather satellit anim
34569,francisco daili maximum temperatur decemb that fahrenheit celsiu minimum temperatur usual francisco continu decemb
34570,weather histori decemb accumul read report accumul accumul liquid equival sleet differenti differ precipit sleet
34571,bring weather continu build great weather everyon dollar month premium membership remov remov
