passageId,passage
3460,pleas advis special meet mount vernon council friday march council second floor mount vernon purpos state
3461,atla mount vernon offici person privat mount vernon avail public divis
3462,recent mount vernon local forum regist mount vernon time forum latest mount vernon collect exclus local radio jamaican italian brazilian indian haitian
3463,mount vernon properti reduct mount vernon counti properti mount vernon tax base mount vernon properti base market valu mount vernon local assessor sometim overestim valu
3464,municip mount vernon downtown downtown mount vernon counti counti downtown descript provid overview downtown summar rational behind downtown downtown revit initi award accord journal mount vernon
3465,mount vernon clerk mount vernon clerk counti circuit clerk clerk court provid inform public court legal crimin arrest marriag divorc judici probat notari estat voter registr
3466,ratio number mount vernon number number regist number smaller state averag nearest bronx mile
3467,prior incorpor mount vernon villag within depend period seek vital offic roosevelt squar vernon
3468,board mount vernon industri develop agenc regular meet friday march confer mount vernon
3469,mount vernon mount vernon counti unit inner suburb immedi north borough bronx censu mount vernon popul
