passageId,passage
35052,still contain sugar affect blood glucos includ saccharin arent sugar rais blood sugar theyr calori sugar moder sorbitol mannitol instanc lax effect
35053,sugar alcohol known interest carbohydr structur hybrid sugar molecul alcohol molecul henc sugar alcohol break sugar alcohol small bowel
35054,nutritionist scoop sugar sugar impact count sugar sugar sugar glycerin mannitol sorbitol xylitol erythritol
35055,common effect sugar alcohol consumpt overconsumpt includ bloat abdomin sugar quit contribut sucros effect insulin blood sugar pretti minim
35056,although sugar carbohydr carbohydr effect blood glucos peopl diabet manag condit cut sugari diabet overal account carbohydr overal
35057,dietet sugar sugar ad contain sugar peopl diabet mistakenli think sugar sugar ad effect blood glucos
35058,sugar commonli found sorbitol mannitol xylitol starch sugar plant carbohydr plant chemic process sugar provid somewhat tabl sugar sucros mainli absorb small lax effect
35059,xylitol index xylitol popular sugar remark sucros time sweet littl effect blood glucos insulin
35060,sugar sugar sweeten sugar provid sugar effect blood glucos blood sugar though sugar contain alcohol
35061,sugar provid sugar effect blood glucos blood sugar sugar alcohol erythritol glycerol known glycerin glycerin starch
