passageId,passage
35062,peopl live differ live live hous peopl live differ peopl live differ differ counti within peopl live differ differ valu
35063,villag counti unit popul affluent suburb origin unit censu bureau villag total squar mile squar mile squar mile water
35064,percentag taxabl percentag capit detail foreign place birth live index averag averag recent local forum regist
35065,everi everi boundari everi everi
35066,counti center neighborhood counti clark neighborhood counti neighborhood neighborhood counti neighborhood counti neighborhood counti neighborhood counti neighborhood counti counti
35067,estim valu valu
35068,neighborhood counti neighborhood counti neighborhood counti boulevard neighborhood neighborhood counti neighborhood counti neighborhood counti counti
35069,click label polygon counti censu inform censu estat owner inform counti censu neighborhood counti neighborhood counti neighborhood counti counti
35070,valley neighborhood counti neighborhood counti neighborhood counti neighborhood counti neighborhood counti neighborhood counti counti
35071,biggest percentag syrian first detail foreign place birth live index averag averag recent local forum regist
