passageId,passage
35332,slang slang inform consid standard languag dialect consid accept certain social slang uniqu particular profess subject jargon slang special languag social group sometim unintellig group
35333,indonesian slang inform languag despit direct indonesian slang often quit significantli vocabulari grammat structur standard nation slang languag offici languag howev indonesian languag wide everyday commun inform
35334,slang dictionari eldest slang dictionari bring slang remov resolv penalti slang thesauru mean uniqu includ usag vulgar show subscrib
35335,slang sentenc usual directli chang mean sens truth remain howev effect sentenc suggest slang languag offici languag howev indonesian languag wide everyday commun inform
35336,abbrevi wide twitter elsewher slang short mean abbrevi wide twitter elsewher slang short mean extrem
35337,nativ social languag languag social similarli indonesian slang earli languag slang languag offici languag howev indonesian languag wide everyday commun inform
35338,short answer though refer sheep today endear often perhap prospect might lofti primer slang enough
35339,primer slang enough stori busi attent primer slang enough
35340,dictionari english languag intern comprehens dictionari english languag start letter english languag intern comprehens dictionari english languag start letter
35341,slang basic peopl relationship live togeth without marri domest partnership relationship consid immor sometim slang languag offici languag howev indonesian languag wide everyday commun inform
