passageId,passage
35382,assault person intent threat commit violenc toward anoth person appar abil carri threat person violenc immin
35383,gener includ assault batteri domest famili violenc assault homicid consult crimin defens attorney possibl gunter vers
35384,caus intent knowingli recklessli seriou bodili injuri child person older assault subsect feloni first degre assault subsect feloni second degre subsect shall
35385,understand simpl assault simpl assault crimin attempt person attempt intent commit specif crime substanti toward commiss crime bodili injuri impair physic condit substanti
35386,violent crime violent crime crime violenc crime offend forc victim violent object murder violenc violent
35387,batteri crime articl crime tortiou batteri batteri batteri batteri batteri crimin offens unlaw physic act threat distinct assault apprehens contact unit crimin batteri simpli batteri forc anoth result harm offens sexual contact
35388,histor batteri assault consid separ batteri aggressor physic strike offens touch victim batteri assault often refer actual physic violenc
35389,assault florida simpl assault second degre misdemeanor probat assault classifi third degre feloni punish imprison
35390,assault batteri assault assault assault batteri assault carri differ assault assault batteri assault involv intent person anoth crime physic attack threat attack usual classifi assault batteri
35391,simpl assault misdemeanor second degre unless fight scuffl mutual consent misdemeanor third degre child adult older misdemeanor first degre
