passageId,passage
36761,elev blood sugar inde impact sever among younger peopl usual experienc among shown suscept injuri relat bursiti tendin plantar
36762,acut stress reaction acut stress reaction includ short breath anxieti nervous sens blood pressur hypertens blood pressur often asymptomat caus short breath anxieti viral syndrom viral syndrom unidentifi caus typic viru throat stuffi
36763,chronic kidney diseas chronic kidney diseas condit caus blood pressur fatigu weak dehydr adult dehydr get enough fluid blood pressur weak dizzi fatigu nausea
36764,common caus potassium kidney failur remov extra potassium potassium buildup anoth possibl caus potassium heavi alcohol caus break breakdown releas amount potassium blood muscl
36765,link lower caus blood pressur level slightli start ring blood pressur dramat blood pressur ring slowli return normal
36766,arthriti numer differ flare joint relat obviou rather surpris peopl blood sugar
36767,although caus chest heart common coronari arteri diseas blockag heart blood blood oxygen heart muscl caus known angina symptom heart diseas typic caus perman damag heart though candid heart attack point futur chest spread shoulder
36768,caus varieti chest common chest pleuriti known pleurisi condit inflamm irrit line chest like sharp breath cough sneez
36769,blood sugar caus joint higher blood sugar direct impact sever joint relat peopl virtual joint common issu million countri everi
36770,commun chronic blood pressur caus hypertens blood would mayb mayb would depend level factor
