passageId,passage
37506,annual rainfal rainfal receiv normal normal follow annual rainfal sinc base meteorolog depart total total total
37507,period horizon either sunris sunset period horizon either sunris sunset period horizon either sunris sunset
37508,latest weather forecast outlook temperatur humid precipit weather search
37509,weather humid northwest weather
37510,highest maximum temperatur temperatur januari highest rainfal august
37511,sunday weather averag temperatur seven degre temperatur becom decreas
37512,weekli weather report look weather maximum temperatur wednesday februari around minimum temperatur monday februari around
37513,temperatur cloud slight chanc windi time
37514,current
37515,weather weather climat first foggi novemb februari pleasant spring februari april dusti april septemb autumn septemb novemb
