passageId,passage
38596,freez depend uncook freezer safe smaller frozen frozen
38597,pleas smaller
38598,separ fresh depend uncook freezer safe
38599,smaller photo video photo video video smaller
38600,smaller smaller
38601,frozen evenli howev straight freezer allow around frozen cover burn remov cover final
38602,fresh depend uncook freezer safe smaller frozen frozen
38603,reduc around freezer leav small amount around swell barrier freezer proof
38604,pleas smaller smaller
38605,smaller smaller photo video photo video
