passageId,passage
38816,organ correct inform softbal associ address log softbal associ
38817,courtney barri center senior school shown hold win design becom softbal associ adult pictur presid olson right teacher school
38818,regist quick associ endors softbal associ offici unoffici affili softbal associ
38819,coach staff first season basebal coach commun colleg region first north divis coach
38820,import outlook android calendar reflect addit chang calendar continu keep awar latest
38821,commun colleg student approxim colleg cardin basketbal competit basketbal divis membership cardin basketbal member colleg athlet confer
38822,select win entri softbal associ adult softbal design courtney barri senior school select
38823,softbal associ organ charg softbal peopl peopl follow
38824,thank interest cardin basketbal commun colleg student approxim colleg cardin basketbal competit basketbal divis membership
38825,softbal associ junior leagu world seri taylor photo umpir junior leagu basebal world seri umpir seri receiv chuck award
