passageId,passage
38886,gunneri sergeant gunneri sergeant seventh enlist unit marin corp staff sergeant master sergeant first sergeant staff noncommiss offic grade
38887,sergeant lieuten captain colonel altho would privat privat privat first class specialist corpor sergeant staff sergeant sergeant first class master sergeant first sergeant sergeant major command sergeant major enlist
38888,captain latin chief chief chief compani lieuten someon command captain captain sergeant come latin servient serv biggest
38889,reserv thursday almost noncommiss advanc sergeant first class almost promot colonel amita tuesday almost promot colonel
38890,scriven lower posit respons intern insid polic wit detect investig posit respons outsid investig crime
38891,uniform leonard receiv oper camouflag pattern uniform octob decemb career program career intermiss pilot program enlist break servic
38892,enlist exampl corpor specialist grade corpor leadership higher specialist though receiv amount marin corp master gunneri sergeant sergeant major higher
38893,author respons captain lieuten lieuten serv captain vessel without hold militari captain lieuten equival captain posit howev captain captain equival colonel
38894,master master gunneri provid technic leadership occup specif sergeant major marin corp senior enlist marin entir marin corp person select command sergeant major marin corp marin gunner insignia place tradit insignia warrant offic
38895,answer colonel highest list captain lieuten three sergeant offic differ decad
