passageId,passage
39093,averag singl insur percent pay averag survey found wage percent averag gener inflat percent
39094,percent premium singl coverag averag percent premium famili littl decad health insur nearli percent sinc worker grow percent
39095,major small report pay today averag monthli health insur small monthli health packag employe small month beyond health insur report addit relat spend month employe
39096,famili coverag averag month employ month individu health insur health polici individu famili insur
39097,averag cover famili month group health insur gener employ employe singl coverag averag month employ month
39098,state averag small group market small busi major econom research found million small elig health insur coverag
39099,health insur averag famili averag health insur quarter accord survey
39100,includ percent premium singl coverag averag percent premium famili littl decad health insur nearli percent sinc worker grow percent
39101,elig premium contribut cap averag health insur small group market state state employ premium amount limit portion averag health insur state averag premium small group market determin depart health human state within state recent post avail
39102,averag individu health insur premium health insur month percent receiv health insur premium credit averag month across silver popular receiv averag month
