passageId,passage
40486,howev first recommend call explain situat polit extend refund waiv never could sympathet phone
40487,ditch flight cancel sometim worth flight industri averag flight intern point worth flight
40488,unit refund flight waiv chang flight chang credit useless trend industri increas everyth prioriti secur board baggag ticket
40489,flight chang go flight total possibl flight mayb worth return ticket baggag chang recent rais would complet valu credit
40490,rather hold american american start allow chang flight check prioriti board someth consid
40491,dodg costli chang chang cancel legaci
40492,still refund without penalti reach american differ without pay american mere choos option without payment
40493,wouldnt work favor often never ticket chang afraid unit major break could simpli departur flight either might refund there storm weather postpon ticket charg
40494,order advantag cancel chang directli either phone rather
40495,basic chang minut arent typic chang typic sens exampl theyr possibl usual least flight polici differ
