passageId,passage
41185,needl aspir biopsi needl aspir biopsi thyroid procedur detect cancer thyroid nodul treat thyroid chanc thyroid nodul malign gender radiat exposur
41186,needl aspir biopsi thyroid procedur detect cancer thyroid nodul treat thyroid chanc thyroid nodul malign gender radiat exposur needl aspir biopsi offic
41187,go thyroid nodul doctor beforehand thyroid analysi process youv gotten result biopsi consid second opinion doctor undergo thyroidectomi
41188,percentag inconclus indetermin confirm presenc cancer recent option conclus diagnos cancer patient undergo partial thyroidectomi surgeri remov thyroid gland
41189,needl aspir thyroid gland procedur remov thyroid examin thyroid gland gland insid front lower health offic hospit numb medicin anesthesia
41190,doctor thyroid nodul look act suspici usual needl aspir biopsi thyroid biopsi look possibl thyroid cancer nodul
41191,thyroid test possibl thyroid nodul thyroid gland gland thyroid doctor thyroid gland physic examin thyroid discov patient chest
41192,biopsi needl insert thyroid sampl thyroid fluid needl taken provid biopsi guid needl
41193,furthermor consensu decis carri biopsi actual procedur interpret review field thyroid state confer
41194,click frequent thyroid needl aspir biopsi thyroid biopsi usual carri determin natur thyroid nodul biopsi small needl local anesthesia gener
