passageId,passage
41724,grain pound averag daili grain instanc daili hors north california grain around monthli hors northern california averag alfalfa basi dollar store
41725,healthi pound hors cost month averag although graze grass lucki enough suffici still consid provid bed pastur pay averag month move hors trailer rang trailer model
41726,hors assign stall given access pastur arena board month metropolitan feed turn hors pastur includ lucki enough suffici still consid provid bed pastur pay averag month move hors trailer rang trailer model
41727,board board hors anywher month pastur board insid stabl close month individu turnout close urban hors quickli increas feed expens unexpect veterinarian viru hors
41728,depend hors choos averag hors anywher worth accord weather slightli volum feed winter hors northern california averag alfalfa basi dollar store
41729,depend locat gener assum addit receiv grain assum provid hors sweet depend locat gener assum addit receiv grain assum provid hors sweet daili
41730,daili grain instanc daili hors north california grain around hors northern california averag alfalfa basi dollar store
41731,lucki enough suffici still consid provid bed pastur pay averag month move hors trailer rang trailer lucki enough suffici still consid provid bed pastur pay averag month move hors trailer rang trailer model
41732,hors northern california averag alfalfa basi dollar store hors northern california averag alfalfa basi dollar store
41733,hors spend month spend particularli grain probabl alreadi will spend equin shoe could everi routin medic addit hors annual teeth clean healthi hors littl
