passageId,passage
41754,previou chapter convert imag retina spatial distribut neural activ first visual pathway
41755,slide differ chart chart gradient color chart
41756,alpha insulin chang signal cytoplasm insulin present insulin signal protein kinas domain cytoplasm insulin respons chemic within
41757,librari inform librarian essenti librari achiev materi librari staff suffici opportun deliv effect librarian mediat inform inform without librarian discuss never complet
41758,acetylcholin channel chang shape line neg amino sodium sodium buildup lead muscl contract
41759,inform carri retin ganglion visual affer midbrain diencephalon chapter provid inform visual pathway organ visual within brain
41760,agre chart design world without angel lucif tri overthrow satan turn around remind perfect
41761,inform librari focu introduct inform circular format water place anoth crude flow inform pervad everi facet societi
41762,visual pathway cours inform right green visual visual retin ganglion optic nerv fiber layer retina cours optic optic visual optic nerv
41763,cultur autonomi foster commun inform appropri divers cultur columbian ministri cultur
