passageId,passage
42024,carbon caus buildup excess abdomin lead bloat cramp caffein increas stomach product worsen diarrhea contribut constip
42025,american cancer societi health drink health health tobacco
42026,health effect sourc content post commentari opinion speech truth respons content
42027,come effect drink consumpt human total pictur downright scari sugar harm damag expand waistlin stroke kidney dementia happen regularli drink brain
42028,holiday behind constant billion mayor push limit unhealthi sugari reach
42029,homemad natur great stuff gener gener today ad cancer cancer matur matur cancer viru cancer viru caus death caught
42030,gener dietari caus osteoporosi phosphoru intak intak trace miner
42031,sourc health effect drink compil destruct health effect lead health nutrit inform includ drink
42032,thought today drink what addict increas propens cancer diabet that
42033,youv treat someth nonfood relat night turkey inevit wors weaken chang resolv
