passageId,passage
42054,larri fedora coach prior season chri fifth season staff offens keith north carolina footbal staff coach gunter brewer overal season chapel fifth coach larri fedora coach second season defens join coach staff
42055,plenti abil catch forc shift style tempo shotgun format
42056,player fedora receiv austin colleg championship academ honor mention
42057,carolina post total offens time larri fedora least coach
42058,fedora drawn record open state stadium record attend overal golden second straight broke record
42059,prior stint oklahoma state fedora spent three florida perimet offens run three
42060,career kickoff third practic right forc redshirt season
42061,rank first southeastern confer differ pass offens total offens convers percentag touchdown
42062,hire larri fedora shotgun heavi offens someth bernard wasnt accustom earli season discomfort open run redshirt sophomor return field carolina take redshirt freshman bernard rush
42063,fedora southern spend three previou offens oklahoma state rush total offens
