passageId,passage
42304,doctor appropri inform reflect depend correct algorithm system might experi affect accuraci correct applic mathemat updat awar misappl
42305,mixtur bowel action around safeti record howev deriv reliev addict chronic
42306,seriou allerg reaction howev immedi medic attent notic seriou allerg reaction especi sever dizzi troubl breath complet possibl effect
42307,caffein found coffe chocol aggrav diarrhea medicin intensifi effect alcohol caution
42308,time differ enhanc effect present time worsen effect anoth diseas sever chronic liver diseas cirrhosi problem
42309,hydrochlorid atropin slow diarrhea larg intestin physician diarrhea associ irrit bowel syndrom digest
42310,review accuraci medic diagnosi gener provid medic advic diagnosi treatment usag substitut profession medic advic
42311,anyon liver diseas ulcer coliti seriou condit toxic megacolon take increas effect alcohol caus effect sedat
42312,take atropin take atropin doctor pharmacist allerg either hyoscyamin product contain inact caus allerg pharmacist
42313,diarrhea reason diarrhea bacteria bacteria need leav prevent diarrhea prolong bacteria
