passageId,passage
42374,attorney includ state south dakota crimin juvenil court necessari brule counti civil brule counti attorney posit work local enforc chamberlain polic depart brule counti offic south dakota highway patrol depart final charg regard court
42375,south dakota brule counti south dakota unit popul censu
42376,brule counti south dakota unit popul censu first known stake railroad go mitchel south dakota first homestead vicin stake
42377,march arm standoff south dakota januari divis crimin investig brule counti offic attorney offic
42378,assessor south dakota assessor assess offic revenu equal provid inform properti assess properti properti search assessor
42379,popul accord research south dakota state regist live south dakota februari
42380,recent south dakota local forum regist time forum latest collect exclus local radio german czech american norwegian english czechoslovakian
42381,govern counti effici friendli manner signific challeng difficult inform counti peopl short quickli introduc peopl face counti inform forward hear inform
42382,commut shorter averag commut nation averag super excess higher nation averag
42383,chamber counti inform chamber commerc organ better busi enthusiast busi agricultur profession peopl bond togeth promot expans chose
