passageId,passage
4298,aggriev person order perform seri design elimin effect unlaw practic found commission order respond elimin effect unlaw
4299,relat person person interest third person person person person gener usag human statut howev includ labor legal bankruptci
4300,phrase interest person properti right claim trust estat estat deced person
4301,noth limit alter statutori commission protect similarli situat complain aggriev person order perform seri design elimin effect unlaw practic found
4302,person appli natur person exactli synonym human whether member societi whatev whatev person consid accord societi place
4303,labor designe administr aggriev person either person elig complaint otherwis similarli situat person complaint bureau bureau labor
4304,associ adult person artifici person person credibl person disorderli person fictiti person injur person natur person person aggriev person supervis person third person unauthor person
4305,administr administr civil divis bureau labor designe administr aggriev person either person elig complaint otherwis similarli situat person complaint bureau bureau labor
4306,causal connect aggriev class person discrimin oppos unsaf unhealthi
4307,relat legal aggriev parti whose legal right injuri person properti parti resort remedi parti accommod parti admiss parti admiss
