passageId,passage
43201,oliv landmark studi peopl heart diseas mediterranean least oliv reduc heart die
43202,theyr fri potato heart theyr potassium lower blood pressur theyr fiber lower heart diseas definit refin carbohydr health
43203,cardiac birmingham hospit design weight success sinc work concept chemic breakdown pepper ad noth three respons repeat
43204,fatti avoid coconut check label dairi chees cream whole cookbook
43205,guid heart surgeri heart healthi heart healthi exercis healthi eat heart healthi start make health provid
43206,along exercis eat healthi speed recoveri heal appetit smaller frequent depend condit doctor dietician special exampl heart failur follow
43207,fatti butter margarin avoid coconut check label dairi chees cream whole cookbook
43208,recruit work peopl surgeri small group show either progress heart diseas reduc blood lead heart
43209,dairi ad american heart associ consid work line blood plaqu
43210,stori dairi ad american heart associ consid work line blood plaqu
