passageId,passage
43551,magazin articl author public show month titl articl magazin titl inform avail barger
43552,magazin period public articl learn american psycholog associ magazin citat format great detail first thing proper intext citat refer
43553,italic titl magazin includ public month written refer includ place public publish found certain
43554,exampl articl magazin import citat refer volum issu number found cover magazin import author public
43555,articl period need determin articl magazin scholarli journal gener order determin frequenc public like monthli bimonthli quarterli
43556,author titl author italic titl period follow titl public public inform inform manual edit explan
43557,close parenthes period titl subtitl articl experi factor titl subtitl colon capit first titl subtitl proper
43558,articl academ search premier articl second citat inform edit manual
43559,anderson italic titl magazin includ public month written refer includ place public publish
43560,explan author first first middl public decemb parenthes complet spell month shown month weekli
