passageId,passage
4348,print advertis vanish cream brand beauti health current parent compani multin corpor merger polish brand compani command avail across unit
4349,cream brand beauti health produc institut multin compani heal taken compani advertis vanish cream cream togeth make explain differ
4350,first product sinc brand fifth profit person properti global extract cream vanish cream mark evolut beauti heal taken compani advertis vanish cream cream togeth make explain differ
4351,compani compani percentag facial field merger polish brand compani command avail across unit merger polish brand compani command avail across unit
4352,twentieth centuri strategi gear toward sell vanish cream cream mark entranc facial around worldi heal taken compani advertis vanish cream cream togeth make explain differ
4353,twentieth centuri emphasi sell vanish cream cream mark entranc facial industri today around merger polish brand compani command avail across unit
4354,establish brand among mostli vanish cream compani campaign would becom notori involv merger polish brand compani command avail across unit
4355,sever form compani compani compani incorpor extract owe avail witch hazel lower price clear extract futur among compani earli centuri vanish cream cream
4356,brochur extract compani show extract vanish cream brochur titl probabl extract powder talcum powder complexion sell extract cream extract vanish cream william chemist work factori
4357,theron alexand edmund form compani golden treasur sell extract cream extract vanish cream william chemist work factori
