passageId,passage
44039,revolutionari design lath world februari receiv order super jumbo worth billion billion
44040,world record lath wednesday septemb varieti size meant differ trade smaller lath jewelri lath wouldnt choic compani japan rotor lath world power oper machineri compani machin steel machineri industri machineri
44041,biggest heavi world second heavi lath lath heavi lath
44042,lath foremost forg sector manufactur three enjoy irregular orbit around produc
44043,price contact inform order avail duplic number medium draw cream paper lithograph crayon sheet access advisori collect fragil
44044,lath bum lath crack turbin spindl nuclear power steam turbin lath swing publicli public
44045,everybodi lath crossov vehicl custom design includ swivel variabl speed mention horsepow heavi design known world metal
44046,wonder lath look diesel engin crankshaft wonder lath would rough thing finish crank grinder stuff work anyon shipyard machineri
44047,biggest lath world photograph librari congress citat style
44048,birth lath birth sector angevin crusad memor amalgam brilliant victori tragic setback crusad fourth centuri millennium conquer region known calyx expans
