passageId,passage
44309,perform measur perform measur process inform regard perform individu group organ system compon
44310,measur perform necessari measur improv busi simpli build current success process greatli impact
44311,varieti perform measur whether individu whole intern extern perspect look measur employe perform compani consid varieti
44312,measur approach perform assess account inform liquid solvenc deriv major busi perform effect
44313,approach perform measur level analysi micro mostli macro exampl approach micro level young
44314,accur measur perform individu typic approach assess perform metric usual whether amount output there ride everyth compens bonu
44315,discuss perform manag specif approach compar criteria effect perform manag choos effect approach perform measur given situat
44316,perform measur defin process effici effect process valu deliv
44317,perform measur quantit perform typic subject rather object compar quantit collect perform creat action
44318,whilst substanti empir account literatur whether select account manag control improv perform variou perform measur
