passageId,passage
45257,larg screen power could screen bright batteri charg screen better purpos
45258,better graphic whole would batteri consid everyth
45259,batteri batteri sever chang least consid
45260,tomorrow power adaptor amazon assum whatev state usual first reach consum anoth tomorrow pleas
45261,sorri daughter understand want charg devic charg temperatur assum charg environ comfort
45262,batteri charg bought batteri charg devic fulli batteri thing whatev reason devic doesnt charg charger
45263,connect directli comput method fulli charg that leav comput overnight overcharg batteri insid prevent comput devic remov storag devic system someth select
45264,reason charg intern batteri within connect power adapt assum adapt get power vehicl
45265,current shop intern canada canada pleas click green button
45266,thing without sever batteri least havent batteri coupl draw power power get power suspect miss
