passageId,passage
45527,reconstruct period histori american civil solv polit social econom readmiss union confeder outbreak earli period histori american civil solv polit social econom readmiss union confeder outbreak
45528,reconstruct turbul controversi american histori civil end first experi interraci turbul controversi american histori civil end first experi interraci democraci
45529,union victori civil given million freedom process south reconstruct period signific former confeder admit union state radic reconstruct progress histori
45530,reconstruct period follow civil nation govern reintegr southern form confederaci unit end nation govern work establish order amend black congress reconstruct fourteenth amend essenti period amend anyon unit citizen nation state
45531,twelv civil massiv american cultur economi first presidenti reconstruct earli spring andrew shape depth reintegr south unit follow surrend
45532,rememb reconstruct histor period american civil controversi misunderstood american histori reconstruct polit social unit govern first assum basic respons protect american civil controversi misunderstood american histori reconstruct polit social unit govern first assum basic respons protect american civil
45533,edward polit histori unit america period reconstruct larg collect primari complet copyright palmer beverli wilson holli edward polit histori unit america period reconstruct larg collect primari complet copyright palmer beverli wilson holli
45534,first presidenti reconstruct end civil militari presid abraham lincoln predecessor presid andrew return southern union amend black congress reconstruct fourteenth amend essenti period amend anyon unit citizen nation state
45535,prompt econom social polit effect reconstruct unit civil segreg unresolv period econom social polit effect reconstruct unit civil segreg unresolv
45536,american civil unit nation union union would would begin aftermath period known american civil unit nation union union would would begin aftermath period known reconstruct
