passageId,passage
4618,luckili insur cover person insur februari updat state offer endors colorado
4619,instead come entir commerci insur product insur person polici extra month get insur cheap process
4620,final start peac everyday peopl sidecar person taxi
4621,alway readi coast guard continu oper servic alexand hamilton presid georg washington today serv coast guard
4622,work possibl provid insur
4623,insur polici hybrid polici replac person polici purchas polici longer person polici multipl continu person insur
4624,avail militari spous child someon member avail california colorado texa differ rout insur product
4625,insur product commerci commerci insur virginia maryland texa georgia pennsylvania quot
4626,work possibl provid insur current offer coverag
4627,polici hybrid polici insur polici hybrid polici replac person polici coverag person ad level protect competit price
