passageId,passage
4628,chang default exampl paper appear longer paper space
4629,inform gener refer assum time basic singl space doubl space singl space doubl space singl space doubl space singl space doubl space
4630,estim paper depend count write order academ write savvi astut enough knowledg advantag
4631,go averag would yield round
4632,requir doubl space would approxim assign write estim write approxim singl space paper assign doubl space
4633,could probabl would terribl includ littl research could actual solid paper research probabl paper topic complet
4634,limit probabl rememb colleg minut essay feel essay limit would annoy immens
4635,would write singl space paper topic there problem without could would write singl space paper
4636,post write end research paper coupl first paper written though
4637,assum write singl space
