passageId,passage
46487,trace histori retail pharmaci benefit manag retail clinic today health pharmaci innov compani pharmaci explor stori
46488,consum retail particular extend caution lower middl market despit trend toward small number ticket
46489,histori give georg foundat million endow purpos welfar mankind anywher world foundat later becom target foundat
46490,retail consum reflect enter busi innov invest accord particular larg consum ingredi transpar statement
46491,trace histori retail pharmaci benefit manag retail clinic today health pharmaci innov compani pharmaci trace histori retail pharmaci benefit manag retail clinic today health pharmaci innov compani pharmaci compani grown commit never
46492,histori give georg foundat million endow purpos welfar mankind anywher world foundat later becom target foundat
46493,nativ yorker georg explor grow midwest sever bank estat growth
46494,acquisit acquisit histori retail pharmaci industri acquisit drugstor primarili midwest southeast prescript benefit manag busi busi
46495,retail begin retail yesterday health acquir billion oper
46496,retail landscap pois spate accord global capit confid baromet biannual survey
