passageId,passage
47185,world known first world global center novemb
47186,declar german transfer eastern front western front massiv offens pari attack stand river
47187,shift balanc world human power larg abund natur
47188,alli central alli ottoman empir import treati
47189,finland gain popul transfer ottoman empir strip middl eastern
47190,upcom column famili along britain russia relat georg wilhelm queen victoria russian empress granddaught slightli complic cours sinc napoleon european sought ensur peac
47191,eastern front fought central eastern world place fight eastern front trench warfar western front instead front readi fight enemi
47192,world alli european fought alli alli great britain soviet union later unit would
47193,exactli three world world great world world million peopl world fought contin actual fight fought differ western front fight alli
47194,world belief least britain canadian like alli commit belief gregg veteran retir soldier activ reserv
