passageId,passage
47737,rescu level solut rescu level video guid video inform regard jewel level pleas share inform rescu level guid rescu pleas visit rescu guid rescu forum discuss
47738,solut rescu level answer display trap lock guid rescu level inform rescu level guid rescu pleas visit rescu guid rescu forum discuss
47739,level rescu game standard licens level rescu
47740,desir amount point expert video tutori pass level rescu right clear perfect strategi public durat categori desir amount point expert video tutori pass level rescu right clear perfect strategi public durat categori game
47741,rescu rescu level object level score content rocket booster rescu rescu level
47742,rescu level strategi rescu larg level patient clear screen without secret level phase rescu larg level patient clear screen without
47743,rescu larg level patient clear screen without secret level phase rescu larg level patient clear screen without
47744,solut rescu level answer display trap lock guid rescu level rescu level solut rescu level video guid video inform regard jewel level pleas share
47745,inform rescu level guid rescu pleas visit rescu guid rescu forum inform rescu level guid rescu pleas visit rescu guid rescu forum discuss
47746,rescu level rescu rescu game standard rescu level
