passageId,passage
47747,check weather januari holiday morocco weather indic weather januari includ temperatur sunshin rainfal morocco sunris sunset time
47748,check weather morocco januari holiday weather indic weather januari includ temperatur sunshin rainfal morocco sunris sunset time
47749,weather januari averag maximum daytim temperatur januari comfort usual bright sunshin daylight averag temperatur around januari
47750,morocco januari desert extra advic weather would
47751,consid morocco januari weather wonder differ scorch certainli travel north south
47752,januari decemb that inform morocco winter morocco
47753,weather morocco januari averag maximum daytim temperatur morocco januari comfort usual bright sunshin daylight expect rainfal across whole januari fall maximum moder index midday sky clear averag nighttim temperatur usual weather morocco januari
47754,forecast ahead might ahead morocco larg countri weather indic weather anoth worst cloth combin necessari weather check short chang necessari
47755,januari novemb morocco januari winter featur includ jacket line boot warmth
47756,travel morocco ahead go total night arriv see catch night train
