passageId,passage
49584,import measur qualiti effect project without measur project success articl learn metric test process famou statement control measur
49585,ventricular septal defect complet close without patch infect endocard minim rare abnorm heart occur peopl heart muscl contract follow repair
49586,regurgit specif mitral regurgit leakag blood backward mitral valv ventricl aortic valv regurgit congenit heart defect infect
49587,answer work qualiti assur differ defect error failur fault mistak error error found tester defect defect accept develop build failur
49588,ventricular septal defect defect septum right ventricl septum separ heart right side septal sometim heart
49589,mitral regurgit leakag blood backward mitral valv ventricl aortic valv regurgit congenit heart defect infect
49590,make world better answer defect leakag formula test metric calcul number undetect phase defect leakag import metric effici process test phase defect leakag calcul across differ phase
49591,regurgit aortic valv blood blood either aorta backward aorta ventricl ventricl
49592,exampl analyst design execut design relat defect resolv retest defect correspond
49593,defect leakag found current previou exampl system found total that includ compon integr system defect leakag percentag
