passageId,passage
49866,account trust liter author given account owner person account becom beneficiari account death account consid actual owner account classifi account truste account person
49867,divid asset death account transfer asset beneficiari death present death certif fanci trust account
49868,implement encod global trade number gener product alway encod compani identif given symbol
49869,creation account immedi trust account estat account beneficiari remaind interest lifetim access money account interest limit account death
49870,qualif criteria elig direct accept base world respect nation tenni
49871,quick answer bank trust owner account act truste fund transfer beneficiari account owner continu read
49872,trust death anim testamentari asset beneficiari oper death
49873,intern trust account trust benefit trust account beneficiari immedi control account death without go court though possibl subject estat peopl found use
49874,committe meet patron abba august bangkok reportedli agre first secur venu novemb
49875,receiv interest question differ asset protect titl trust titl death exampl account titl would fund money money outsid probat estat
