passageId,passage
490,commun nervou system major nervou system receiv integr transmit inform human nervou system major commun
491,cerebr cortex cerebr cortex right halv cerebr diagram right hemispher cerebr hemispher divid bottom inset occipit pariet tempor frontal
492,limbic system loos connect network involv emot motiv memori behavior cerebrum complex human brain brain respons complex mental learn think conscious
493,cerebr special halv connect corpu hemispher verbal languag speech read write right hemispher nonverb spatial music visual recognit cerebrum divid special connect corpu corpu thick inform
494,figur cerebr corpu callosum figur cerebr corpu callosum draw cerebr apart reveal corpu callosum commun bridg right halv human brain
495,divid right halv cerebr apart halv brain fissur structur corpu callosum complex human brain brain respons complex mental learn think conscious
496,synapt cleft microscop termin button neuron membran anoth neuron cross commun neural impuls signal neuron
497,human brain everi neuron varieti function support among remov wast materi human brain everi neuron
498,forebrain complex region brain cerebrum center complex thought involv learn think conscious divid halv connect corpu callosum split commun person surviv larg interest research split brain
499,forebrain complex region brain cerebrum center psycholog oxford
