passageId,passage
50252,object chart scroll chart object automat symbol object chart scroll chart object
50253,stock analysi gener stock price stock chart compani statist compani profil stock analysi gener stock price stock chart compani statist compani profil
50254,video gener worth drive electr april market gener
50255,gener gener compani truck automobil compani vehicl protect mainten satellit radio automot gener
50256,gener record million china gener streak china giant million market accord
50257,gener becom compon unit parcel servic recent short interest settlement dividend channel fresh order underli cover
50258,marker object chart scroll chart object automat symbol exampl complex marker contain video
50259,detail financi inform analysi gener compani explor commentari gener compani say
50260,gener stock price stock price lower gener stock price stock
50261,gener record million china gener streak china giant million market accord
