passageId,passage
50522,water borehol excel access natur underground water borehol small narrow shaft vertic horizont ground provid access water tabl water import water water water deliveri water qualiti assur contact borehol small narrow shaft vertic horizont ground provid access water tabl water import water water water deliveri water qualiti assur contact
50523,borehol mine remot method mine miner pressur water process surfac floor underground float platform vessel borehol surfac desir depth actual borehol mine place case column
50524,borehol narrow access underground water borehol cover prevent contamin borehol built commun togeth optim locat drill borehol assur qualiti borehol construct borehol still borehol built commun togeth optim locat drill borehol assur qualiti water construct borehol construct borehol still mainten
50525,definit borehol earth exploratori chiefli british especi obtain water borehol defin definit borehol earth exploratori chiefli british especi obtain water borehol defin
50526,borehol narrow shaft ground either vertic plastic store oppos nativ techniqu season thermal energi storag techniqu rang gravel bedrock
50527,larg water major water domest borehol simpli narrow usual driven electr underground water permeabl known thank modern technolog small water garden busi water major water domest borehol simpli narrow usual driven electr underground
50528,borehol circular mine excav usual diamet drill surfac underground mine angl rel distinguish mouth bottom shaft borehol rang circular mine excav usual diamet drill
50529,borehol log log process probe borehol prior drill water borehol log environment environment log log process probe borehol prior drill water borehol log environment environment studi
50530,borehol surfac desir depth actual borehol mine place case column sinc place case upper border product interv leav borehol surfac desir depth actual borehol mine place case column
50531,punch ground beneath surfac specif place center select punch ground beneath surfac specif place center select borehol
