passageId,passage
51027,fertil turn desert parallel corpu english desert equival million parallel corpu english rais humid develop dramat desert sometim caus flash flood
51028,pronunci titl wonder would serious think phrase whoop pedant would argu incorrect write decid agre
51029,definit desert usual spars veget especi climat sporad rainfal water appar devoid archaic uninhabit uncultiv tract
51030,recent dessert gener admiss experi ticket come reserv park seat preconcert parti silent auction dessert hous hunger poverti
51031,desert definit region littl rainfal spars wide space veget veget sahara sandi desert
51032,dessert consist defin usual cours definit rang rang dri differ dessert
51033,phrase anyth dessert sweet eaten desert littl rainfal phrase neither instead complet unrel pronounc place desert mean reward punish deserv
51034,count place someth interest import cultur desert sever concert
51035,desert middl desert compani except occasion lizard scorpion desert come latin abandon lie wast refer sandi without veget empti lifeless expans leav someon someth soldier desert
51036,definit desert dictionari mean desert desert inform desert comprehens dictionari resourc
