passageId,passage
5118,dietari cholesterol cholesterol cholesterol found blood cholesterol protect heart diseas stroke
5119,choos healthi power eat waistlin rais cholesterol caus myriad health
5120,health healthi healthi choic provid healthi protein everyon essenti strong brain develop healthi immun cardiovascular sourc protein
5121,sourc protein sourc chain omega fatti satur
5122,stone environ waist load mercuri thermomet thing certain regularli eat healthi weight choos right that murki research scienc behind
5123,dietari cholesterol cholesterol cholesterol found blood cholesterol protect heart diseas stroke
5124,eat weight choos right that murki break
5125,healthi healthi choic provid healthi protein everyon essenti strong brain develop healthi immun cardiovascular
5126,healthi healthi choic provid healthi protein everyon essenti strong brain develop healthi immun cardiovascular sourc protein sourc chain omega fatti
5127,safe ounc pregnant nurs choos lower mercuri shrimp can light salmon pollock catfish
