passageId,passage
51297,measur waist doesnt matter natur creas creas measur around waist make measur loos natur waist measur belli button usual doesnt matter natur creas creas measur around waist make measur loos natur waist measur belli button
51298,measur measur proper measur measur dress measur prefer measur doesnt matter natur creas creas measur around waist make measur loos natur waist measur belli button
51299,find cloth shouldnt size measur measur measur around natur waist usual size offer size base offici guid exampl warehous guid size least method
51300,least loos dress order smaller thing design order deliv order measur loos addit weight dress still size wed imposs bigger loos dress size quit consid realist weight order wed dress accordingli
51301,convert intern size chart cloth size size correct first waist either intern size chart cloth size size correct first waist either
51302,order smaller howev anoth altern expedit schedul order closer wed youv wed imposs bigger loos dress size quit consid realist weight order wed dress accordingli
51303,measur first thing measur brand anoth import rather actual dress waist measur first thing measur brand anoth import rather actual dress
51304,alway thumb dress would normal importantli octob would dress wed imposs bigger loos dress size quit consid realist weight order wed dress accordingli
51305,matern size regular cloth size normal small still small matern size thing size size regular cloth size normal small still small matern size thing size
51306,dress size smaller weight target realli point dress current possibl shape dress drastic wed imposs bigger loos dress size quit consid realist weight order wed dress accordingli
