passageId,passage
5128,suicid french suicid written french sociologist ostens studi suicid public uniqu provid exampl sociolog monograph french suicid written french sociologist
5129,suicid classifi differ basi differ relationship actor societi egoist suicid accord becom social isol place societi establish suicid occur accept suicid basi monograph suicid primarili social phenomena breakdown vital
5130,suicid among social control among lower suicid accord cathol societi normal integr protest societi french suicid written french sociologist
5131,french sociologist suicid suicid defin differ suicid ground societ individu differ suicid defin egoist fatalist describ suicid includ descript particular peopl commit suicid connect societi
5132,suicid suicid becom familiar semest touchi subject peopl look sociolog close go discuss suicid exampl would suicid bomber third suicid suicid suicid relat degre regul suicid time great stress chang
5133,social sociolog identifi describ suicid includ descript particular peopl commit suicid connect describ suicid includ descript particular peopl commit suicid connect societi
5134,accord literatur link third suicid disillusion disappoint concept describ state social moral confus unclear simpli system suicid wherea group subject social classif system clarifi individu suicid group
5135,altruist altruist suicid certain suicid among tightli sever threat prepar system suicid wherea group subject social classif system clarifi individu suicid group
5136,social particular influenc suicid integr strength attach peopl societi regul degre extern constraint peopl suicid correl social social particular influenc suicid integr strength attach peopl societi regul degre extern constraint peopl suicid correl social
5137,fatalist person becom social isol though place within fatalist person becom social isol though place within hierarchi
