passageId,passage
52176,problem curv traction turn motorcycl traction unavail option brake gentli could motorcycl problem curv traction turn motorcycl traction unavail option brake gentli could motorcycl straight
52177,electron control forc driver firmli without maximum brake forc turn certain speed rel speed arent lock electron control forc driver firmli without maximum brake forc turn certain speed rel speed arent lock skid
52178,traction control work background acceler prevent wheel slippag drive slipperi traction control effect stop posit tri acceler slipperi featur make drive smoother help control raini weather drive region traction control interf abil drive trap surfac
52179,report abus turn traction control doesnt actual faster freeli traction control appli slide spin report abus turn traction control doesnt actual faster freeli traction control appli slide spin
52180,trail method feather turn corner provid control vehicl lean front traction brake distanc stop stop without skill peopl without make necessari
52181,traction control traction control wheel speed wheel speed wheel slip traction control engin power wheel regain traction necessari traction control appli slip transfer power wheel traction depend surfac control traction control work similar vehicl unabl traction wheel simpli remain stationari natur differenti wheel least traction power
52182,front blowout sudden front wheel brake alon bring wheel caus like caus crash broken failur front brake blowout sudden front wheel brake alon bring wheel caus like caus crash
52183,problem traction control system usual warn light warn light mechan electr failur complex requir visit servic dealership control work traction traction control acceler prevent lock driver maintain abil steer control vehicl
52184,basic techniqu corner without trail method feather turn corner provid control vehicl lean front traction emerg brake distanc stop stop without skill peopl without make necessari
52185,video figur problem come traction either speed sensor connector speed traction either speed sensor connector speed sensor
