passageId,passage
52716,base interpret mobil survey rate scale overal satisfact carrier nation survey approxim mobil phone
52717,call cellular phone alway landlin phone cellular debit account phone accept american express discov cellular store sometim sneak person bring enjoy opportun connect person certain agent accept
52718,great intern call standard servic balanc activ monthli standard servic balanc activ monthli
52719,standard servic balanc activ monthli standard servic balanc activ monthli
52720,anticip servic final excit effici servic compat devic order devic
52721,unlimit speed unlimit intern call credit cellular landlin select
52722,addit cellular monthli servic bill month advanc exampl januari would reflect monthli servic cover januari februari pleas check addit bill inform design price budget review log account latest cellular nation coverag
52723,regist account begin enjoy conveni account wireless phone number cellular phone receiv messag associ account devic wireless phone number regist devic associ account regist account begin enjoy conveni account custom click regist
52724,unlimit first speed unlimit intern call credit cellular landlin select
52725,manag account advantag great simpl possibl that manag account account alway password assur inform remain privat qualifi consum cellular repres access
