passageId,passage
52726,loui weather forecast provid detail loui weather
52727,loui weather forecast provid detail loui weather precipit
52728,loui saint loui weather forecast time weather summari detail temperatur
52729,loui second local forecast weather channel current outlook chanc
52730,weather forecast show inform morn afternoon overnight link weather loui saint loui loui weather forecast summari mostli
52731,weather channel weather inform weather channel inform three time forecast weather channel loui
52732,provid detail loui weather
52733,sinc first indic power develop signific specul would within unit
52734,local loui detail loui saint loui weather forecast today loui weather forecast summari light total mostli fall afternoon afternoon night
52735,link weather loui saint loui loui weather forecast summari mostli afternoon night increas light morn fresh morn
