passageId,passage
53475,reduc exposur plumb plumb might line famili clean often dusti clean cloth ensur calcium
53476,indic varieti child doctor blood necessari poison health treatment treatment poison depend blood
53477,initi poison detect peopl healthi blood usual appear danger poison poison includ development delay learn irrit
53478,poison poison import elimin young test exposur develop poison usual appear irrit behavior difficulti appetit
53479,import exposur undergo blood peopl poison harm whether rare absorb touch product poison
53480,poison young import whether there might expos especi older outsid unit found contain
53481,commonli poison paint govern manufactur paint that older greater poison
53482,poison varieti health muscl growth muscl damag nervou system hear speech languag development delay unconsci extrem
53483,caus wherev exampl damag blood limit abil carri oxygen caus anemia interfer product blood absorpt calcium healthi strong calcium essenti strong teeth muscl contract nerv blood vessel function
53484,found environment found street ingredi gasolin water begin break
