passageId,passage
5398,disabl access titl complaint titl discrimin base disabl public
5399,threat defens claim plaintiff direct threat health safeti would direct threat plaintiff
5400,threat threat defens claim plaintiff direct threat health safeti would direct threat plaintiff
5401,first employ discrimin assign first employ discrimin definit specif follow sever practic gener overview
5402,file answer complaint affirm white corpor servic jame disclaim file public litig feder appel district
5403,congress remedi pervas continu discrimin gener martin particular relev action titl expressli discrimin public commerci
5404,doctrin lach unavail defens matter lach equit limit right bring kling hallmark
5405,inform whether relat complaint offic feder state local agenc court whether intend complaint
5406,anoth person entiti cover titl complaint feder govern letter depart justic address follow inform
5407,particular titl civil discrimin employ requir parti complaint known charg discrimin equal employ opportun commiss
