passageId,passage
54165,fossil natur problem burn industri transport gener electr carbon dioxid caus global warm climat chang combust burn fossil poison atmospher instanc hydrocarbon carbon hydrogen burnt oxygen carbon monoxid carbon dioxid
54166,combust burn fossil poison atmospher instanc hydrocarbon carbon hydrogen burnt oxygen carbon monoxid carbon sulphur creat sulphur dioxid combust burn fossil poison atmospher instanc hydrocarbon carbon hydrogen burnt oxygen carbon monoxid carbon dioxid
54167,popul usag fossil burn fossil product carbon dioxid greenhous caus global warm combust burn fossil poison atmospher instanc hydrocarbon carbon hydrogen burnt oxygen carbon monoxid carbon dioxid
54168,fossil natur problem burn industri transport gener electr carbon oxid caus global warm climat reduc amount fossil reduc associ fossil natur larg pollut particularli greenhous carbon dioxid caus global warm
54169,fossil burn fossil recent shale consid econom gener howev finit resourc sharpli avail fossil burn fossil recent shale consid econom gener electr
54170,fossil number environment human health effect exampl burn fossil number contributor climat chang import reason peopl reduc fossil consumpt conserv effici switch renew energi face produc electr energi distribut peopl transport heat light distribut energi power
54171,global fossil burn releas carbon dioxid atmospher greenhous global fossil caus caus reduc amount fossil reduc associ fossil natur larg pollut particularli greenhous carbon dioxid caus global warm
54172,reduc amount fossil reduc associ fossil natur larg pollut particularli greenhous carbon dioxid caus global transit reduc global reduc amount fossil reduc associ fossil natur larg pollut particularli greenhous carbon dioxid caus global warm
54173,fossil environment environment pollut major disadvantag fossil known carbon dioxid fossil burnt primari respons global fossil environment environment pollut major disadvantag fossil known carbon dioxid fossil burnt primari respons global warm
54174,global warm among fossil burn signific carbon dioxid trap atmospher burn fossil percent increas amount carbon dioxid pollut process burn fossil produc energi gener electr process ineffici atmospher water coolant
