passageId,passage
5448,seri base review acquisit recenc volum slightli ensur sens
5449,rate custom write
5450,seri base review acquisit recenc volum slightli ensur sens
5451,server locat server unit host locat influenc search engin
5452,rate custom write current disabl
5453,analysi review daili potenti month show traffic statist inform address unit similar design templat worth
5454,sticker sticker sticker favorit sticker giveaway end thank
5455,enter receiv addit inform cours
5456,prop great amaz custom servic blister ship thank never better
5457,elit guarante warranti receiv excel servic qualifi elit highest custom satisfact list
