passageId,passage
54705,curv basebal sever thrown right right thrown slang someth unexpect design trick deceiv question curv
54706,curv pitch basebal thrown batter break curv bender pitch deliveri basebal throw basebal pitcher batter
54707,pitch basebal thrown characterist movement forward caus downward plate close slider curv pitcher pitcher
54708,curv basebal sever thrown right right thrown
54709,pitch basebal thrown characterist movement forward caus downward plate close slider
54710,curv basebal sever thrown right right thrown
54711,moder basebal pitch thrown swerv downward usual thrown right right thrown
54712,definit moder basebal pitch thrown swerv downward usual thrown right right thrown
54713,pitch pitcher bend motion come pitch thrown differ pitcher pitch tabl
54714,curv basebal sever thrown right right thrown
