passageId,passage
54735,inflammatori bowel diseas singl condit group caus inflamm digest tract digest tract compos mouth esophagu stomach small intestin larg intestin
54736,inflammatori bowel diseas group becom inflam swollen probabl result immun reaction intestin tissu major ulcer coliti diseas
54737,inflammatori bowel diseas chronic inflamm digest tract primarili ulcer coliti diseas usual involv sever diarrhea fatigu weight sometim lead
54738,diseas caus inflamm line digest tract diseas inflamm often affect inflamm involv differ digest tract larg intestin small intestin
54739,inflammatori bowel diseas broad chronic recur immun respons inflamm gastrointestin tract common inflammatori bowel ulcer coliti diseas
54740,inflammatori bowel diseas inflamm small intestin colon red bleed caus diarrhea inflamm abil content result frequent elimin
54741,inflammatori bowel diseas group chronic affect million peopl unit swollen line intestin tract sever person person chang
54742,idiopath inflammatori bowel compris chronic intestin diseas ulcer coliti evid inflammatori bowel diseas inappropri inflammatori respons intestin genet suscept
54743,sometim lead ulcer coliti inflammatori bowel diseas inflamm innermost line larg intestin colon rectum
54744,inflammatori bowel diseas group becom inflam swollen probabl result immun reaction intestin tissu
