passageId,passage
55462,retin degen disord cone migrat pigment retin pigment layer initi night blind later progress peripher field vision condit inflammatori misnom retin greatli onset sever percent known genet basi causal remaind
55463,retin retin degen diseas sever vision impair often blind progress consist
55464,examin retina profession ophthalmoscop clear retina typic abnorm pigment streak retina pigment disord retin
55465,retin genet condit mean speed vision retin person person condit
55466,definit retin chronic hereditari diseas black pigment gradual degener retina definit retin chronic hereditari diseas black pigment gradual degener retina dictionari thesauru
55467,retin degener retina manifest night blind gradual peripher vision eventu result tunnel vision total blind
55468,bayou bayou dream illusori fantast stori exegesi explan explan critic interpret acrost initi person
55469,definit retin retin inflamm retina blind retin number differ infecti nation librari medicin definit retin inflamm retina rare limit retina commonli associ choroid chorioretin optic neuroretin
55470,autosom recess inherit mutant disord individu recess mutat known carrier child chanc child disord chanc child carrier
55471,retin expand contemporari work factori hereditari diseas retin
