passageId,passage
56182,craig missi craig missi decemb presid nomin carter physicist experi pentagon secretari defens accord current former familiar decis
56183,januari secretari defens robert
56184,robert current secretari defens posit sinc decemb person found use
56185,current defens state current secretari commerc current secretari commerc penni
56186,carter would first defens secretari graduat three draft accord administr pentagon offici carter presid nomine replac chuck defens secretari
56187,secretari defens carter saturday morn afghan carter recent secretari defens chuck senat confirm carter februari
56188,offic secretari gener current unit attorney gener unit would holder januari
56189,establish articl section constitut advis presid subject requir respect offic presid donald trump formal peopl list serv cabinet presid michael penc secretari state secretari treasuri steven
56190,current defens state secretari depart defens robert secretari state
56191,jame jame norman septemb current unit secretari defens serv trump administr
