passageId,passage
56532,exampl select automat variou reflect current usag marquess express repres opinion
56533,histor marqui found vienna former visit magazin variou marqui round princip magazin variou marqui merci
56534,histor marqui found vienna former visit marqui round princip marqui merci marqui natur midst
56535,definit marquess english languag british nobleman
56536,variou nobleman count correspond british marquess titl marqui often place marquess origin french liter count march march
56537,success could marquess queensberri break point brawl time rough creativ upset
56538,coach state santa clara saint front microphon stori marquess almost immedi martin mercuri basebal coach marquess style
56539,husband marqui marri later argyl
56540,defin marquess nobleman hereditari japan member british peerag nobleman hereditari japan member british peerag
56541,marqui definit nobleman count
