passageId,passage
57002,spark come spark spark engin could trigger happen connect strong question station engin gasolin explod
57003,legal advic leav could result freak accid could catch run saturday februari
57004,engin front like start start front ignit system work spark start like issu
57005,turn engin refuel prevent start safeti issu event regardless sourc occur station run danger imagin rubber run deliv gasolin squar tremend amount gasolin flame
57006,sensor system close system engin run vehicl open close system caus check engin light
57007,station caddi gallon run nervou time passeng still habit
57008,leav caus caus spark ignit
57009,feder offens leav station feder offens leav station happen typic allow happen
57010,final never station station danger whatsoev drive least
57011,usual happen get vehicl run across highway time across
