passageId,passage
57032,matrix matrix portfolio model bruce boston consult group earli base observ busi classifi base market growth market share rel competitor henc
57033,fortun magazin rank second fortun list third compani rank second
57034,definit matrix scribbl squar ribbon question detail characterist group matrix puzzl color overview matrix
57035,boston consult group decemb busi model innov tough chang converg thrive surviv focu april search valu creation report octob
57036,growth matrix model class product problem child repres product bring incom compani leav plenti money
57037,market boston consult group matrix visit market market work product portfolio rang dispos determin group
57038,matrix portfolio compani growth market share larg busi therefor gener larg frequent roughli balanc
57039,simplifi exampl model appli import understand seven complex realiti gather inform appropri decis
57040,matrix compani experi curv advantag manufactur price enough earli market share leadership becom profit model help evalu balanc current portfolio question method applic larg volum experi effect model simpl understand
57041,repres busi larg market share grow industri gener grow market requir maintain usual modest
