passageId,passage
57279,madam mexican seri pictur anoth differ worth pictur list typic except list dollar approxim valu
57280,valu world price guid independ inform avail servic inform provid repres offici opinion polici exampl list world price guid necessarili
57281,silver base price standard circul silver remov mexican coinag
57282,interest seri modern maria pictur obvers front instrument mexican independ earli centuri face start face right
57283,centavo brass diamet slightli bigger nickel
57284,valu world price guid independ inform avail servic inform provid repres offici opinion polici exampl list world price guid necessarili
57285,unit mexican nickel diamet bronz diamet diamet bronz diamet diamet brass
57286,centavo denomin first spanish mexican empir silver
57287,mexican uncircul copper beauti outstand distinguish
57288,valu mexican mexican coinag enorm valu ratio worth
