passageId,passage
57347,gener reduc edema swell particularli common primari nasal secondari nasal surgeri alway balanc reduc swell tissu
57348,steril aqueou suspens sodium chlorid isoton benzyl alcohol preserv sodium sodium hydroxid hydrochlor present adjust
57349,doctor appropri inform reflect depend correct algorithm system might experi affect accuraci correct applic mathemat updat awar misappl
57350,inject inject suspens synthet action formul suitabl intramuscular formul intraderm inject
57351,caus inflamm topic treat inflamm number allerg eczema psoriasi dental past treat mouth topic list medic guid
57352,cortison topic avail without prescript requir prescript consult doctor pharmacist choic product medic
57353,replac alreadi reason cortison inject sudden sever replac surgeri doctor might inject
57354,cortison essenti result peopl found use
57355,inject steroid muscl system relief wherea inject steroid usual dilut dilut substanc directli swell nasal
57356,cortison topic medic treat varieti insect poison eczema dermat itch outer femal genit itch swell itch red occur
