passageId,passage
58107,estradiol libido testosteron therapi elev serum estradiol associ libido testosteron supplement therapi accord
58108,estrogen contribut prostat cancer heart diseas gynecomastia enlarg testosteron estrogen testosteron caus unpleas muscl fatigu libido erectil dysfunct
58109,estradiol blood amount estradiol blood estradiol hormon estrogen adren estradiol pregnanc placenta estradiol estradiol growth develop femal
58110,studi work larri colleg medicin measur testosteron estradiol qualiti libido scale terribl excel
58111,estrogen testosteron defici muscl strength wherea estrogen defici primarili accord studi defici decreas sexual function support approach evalu manag journal medicin
58112,testosteron estradiol excel libido score testosteron estradiol european urolog ahead print
58113,estradiol deriv convers testosteron note serum testosteron declin serum estradiol
58114,import normal estrogen import testosteron estrogen testosteron decreas estrogen increas surprisingli estrogen usual correspond testosteron
58115,estradiol blood blood venipunctur technician phlebotomist perform blood blood usual drawn insid elbow
58116,estradiol import libido take testosteron supplement find similar recent studi gener hospit boston
