passageId,passage
58117,build enough pressur initi quench second result liquid nitrogen typic need everi nitrogen helium evapor point magnet mainli peopl realli whole control basic come faulti
58118,follow media rapidli materi liquid water
58119,definit soak metal temperatur recrystal phase rapid cool definit soak metal temperatur recrystal phase rapid cool
58120,object satisfi thirst drink leav mouth coat noth thirst touch noth valu extinguish desper quench
58121,music music manchest base compani creativ talent unsign industri look refin round packag
58122,definit soak metal temperatur recrystal phase rapid cool process obtain certain desir materi depend usual
58123,properli water taken slowli care
58124,stage materi metal quickli brought temperatur temperatur rapid cool quench harden mechan process steel
58125,thirst head sizzl sunshin bumper hors rush quench thirst regular glass juic thirst hunger
58126,color attenu produc absorpt scatter effect combin chemic attenu transfer energi solvent scintil total effect color attenu produc absorpt scatter
