passageId,passage
58587,affirm notic intent defend accord satisfact capac parti ownership motor vehicl problem go
58588,first respond notic paragraph claus constitut event later matter notic
58589,notic intent defend notic intent defend scottish ordinari procedur method defend pursuer court action court appoint procedur
58590,notic intent defend notic defend defend proceed defend attach defenc counterclaim registri registrar defend georg
58591,registri number plaintiff claim first defend claim second defend claim notic intent defend notic first defend defend proceed first defend attach defenc counterclaim first defend proceed correct district
58592,intent defend defend gener denial state complaint strict proof claim includ support notic intent defend
58593,notic intent defend legal definit notic intent defend
58594,disput option settlement prior go court attempt negoti assist mediat mediat inform mediat notic intent defend choos defend notic intent defend bottom summon notic perfor return court address list summon
58595,notic intent defend court notifi describ stori help choos respond brief clear defens state wrong mention proof
58596,includ inform caption letter caption complaint number assign court notic defend section bottom summon return court
