passageId,passage
58637,jare woman jare fogl wrote letter prison say media monster coupl coupl noth media letter
58638,jare fogl nearli pitchman pariah justin outsid feder courthous jare fogl stood learn judg tanya pratt stori morbidli obes colleg student wealthi spokesman healthi live pratt profession windfal
58639,jare fogl inspir accus offend court approv agreement fogl guilti possess child travel across state least teenag
58640,jare fogl feder courthous indiana novemb credit jare fogl reportedli beaten fellow inmat steven feder prison januari accord former subway spokesman feder correct institut
58641,jare fogl eat fresh prison alreadi behind accord report three thank prison fill sugar jare fogl prison fogl subway spokesman drop eat fill turkey honey touch weekli
58642,stori subway pitchman jare fogl plead guilti child pornographi cross state defens initi appear feder court
58643,jare fogl allegedli beaten prison report jare fogl feder courthous indiana novemb jare fogl reportedli beaten fellow inmat steven feder prison januari accord
58644,subway accus jare pervers jare fogl abus sandwich pitchman jare fogl three prison sentenc behind accord report
58645,jare fogl surpris feder prison inmat major child learn accord fogl prison colorado januari fight
58646,fallen subway pitchman jare fogl doesnt spend prison fogl prison sentenc receiv child pornographi cross state fogl three feder
