passageId,passage
58767,exact research histor aggreg crime statist violent properti relat detail statist murder robberi motor vehicl theft assault
58768,highway alpin mile state steep wind mountain expect drive gasolin avail
58769,welcom counti assessor use resourc practic inform properti assess process compar easili access review money
58770,properti relief offic counti assessor urg properti affect contact local assessor inform assist relief properti damag qualifi relief
58771,begin castl state travel eventu beach mile north santa adventur approxim mile elev chang
58772,report honda counti popul public honda averag rate regist unemploy honda median price honda includ valley
58773,begin basin state travel along trail arriv beach mile north santa approxim mile elev chang
58774,honda place southern counti california unit popul censu santa santa clara valley pacif coast california honda honda creek space preserv state rout ocean coastal rang honda deriv spanish mean sling
58775,moder graph base nation averag score measur greater indic higher averag crime offens measur indic lower averag crime offens
58776,honda landlin honda telephon exchang follow pattern wire around tract along state exchang
