passageId,passage
58887,loyalti particular region featur express pronunci custom characterist geograph region local custom speech literatur
58888,custom peculiar specif region literatur usual realist depict particular region countri rural region influenc histori custom
58889,realism american literatur extens descript brief work list realism bibliographi william
58890,definit linguist express pronunci favor particular geograph nomin favorit region region dialect dialect isogloss linguist variat posit social dialect
58891,ration doctrin knowledg reason faculti independ experi doctrin knowledg express rationalist rationalist
58892,theolog doctrin human reason rather divin revel religi truth theolog doctrin religi group deism theolog ration basi reason without refer revel
58893,philosoph doctrin reason alon sourc knowledg independ experi doctrin knowledg express
58894,realism movement entir countri least midwest south although associ realism notabl base
58895,american literatur realism period civil centuri william rebecca henri jame twain wrote fiction devot accur represent explor american variou
58896,broadli defin faith represent realiti verisimilitud realism literari techniqu practic write although strictli speak realism techniqu particular subject matter especi represent
