passageId,passage
58937,howev younger marri someon similar older younger exampl averag younger
58938,date equat common thumb least interest someon seven accord would creepi would
58939,date equat tweet share articl common thumb least interest someon seven accord would creepi would
58940,chri martin jennif lawrenc septemb divid whether differ actress jennif lawrenc musician chri martin automat relationship inappropri
58941,come date signific choic someon larg differ think compat realiti experi toward matur notic date someon older younger
58942,point someon differ certain pride interest younger there relationship could without
58943,companion almost bound provid would peopl would willingli choos endur rough reason stuff beforehand
58944,treasur doesnt alway occur thought would pepper youv fallen someon younger
58945,share signific differ someon date seriou problem readi settl famili alreadi compat doesnt overrid need
58946,date famili famili often depend matur level within allow come differ allow
