passageId,passage
59407,estat charg anywher price forget addit typic estat could total around averag hous price approxim could equat commiss conveyanc averag around estat charg anywher price forget addit
59408,often exclud current estat clearli state whether includ exclud agent check agent common commiss doesnt sound that figur number wors estat arent transpar
59409,estat clearli state whether includ exclud agent check agent common commiss doesnt sound that figur number wors estat arent transpar
59410,bewar agent price actual price price effect pay agent januari figur properti bewar agent price actual price price effect pay agent
59411,russel quirk estat price averag properti typic price properti commiss would street estat agent would almost typic wherea servic could estat charg accord
59412,estat often stress budg standard percentag rememb though averag percentag rather total amount throughout busi current financi bewar agent price actual price price effect pay agent
59413,averag hous price accord recent offic nation statist nation averag estat agent would result chunk go agent exampl novemb market hous potenti massiv audienc averag hous price accord recent offic nation statist nation averag estat agent would result chunk go agent
59414,sell estat agent normal charg commiss usual auction usual amount sell price privat usual incur market advertis estat agent normal charg commiss usual higher price money agent auction usual amount sell price
59415,compar properti valu typic street agent comparison packag honest chain estat profit import compar estat agenc import understand scottish street estat charg servic street charg twice front market averag
59416,averag street estat agent would almost typic wherea servic could estat charg accord street estat agent would almost typic wherea servic could estat charg accord
