passageId,passage
59417,tissu activ protein involv breakdown blood serin proteas found endotheli blood effect ischem stroke earli possibl onset stroke inde becom wide consid standard acut ischem stroke patient onset stroke
59418,administr organ insur certain employe benefit separ handl employe benefit retir flexibl spend
59419,treatment ischem tissu activ known given work dissolv improv blood brain blood stroke vessel brain block blood stroke medic either blockag treat ruptur
59420,third parti administr person organ administr accord servic contract usual field employe third parti administr sinc broker across unit util administr strengthen client
59421,stroke blood brain brain start tissu activ blood given possibl everi pass minut brain world patient stroke blood brain brain start tissu activ blood clearli given possibl stroke
59422,work system clinic medicin treat embol thrombot stroke hemorrhag stroke trauma antidot toxic aminocapro effect ischem stroke earli possibl onset stroke inde becom wide consid standard acut ischem stroke patient onset stroke
59423,often insur employ employ act insur compani remain employ insur compani manag provid util review membership oper insur often handl employe benefit retir flexibl spend
59424,sinc blood hemorrhag unit treatment elig arriv treat facil onset doubl effect ischem stroke earli possibl onset stroke inde becom wide consid standard acut ischem stroke patient onset stroke
59425,stroke vessel brain block blood stroke medic either blockag treat greatli surviv stroke decad stroke vessel brain block blood stroke medic either blockag treat ruptur
59426,doctor probabl prescrib sever stroke prevent blood typic blood caus prevent anticoagul antiplatelet doctor probabl prescrib sever stroke prevent blood typic blood caus
