passageId,passage
59967,averag height hors therefor thoroughbr taller hors weight thoroughbr lighter averag hors hors surprisingli thoroughbr expect thoroughbr taller hors weight thoroughbr lighter averag hors breed hors
59968,normal birth matter breed weigh approxim percent weight birth typic pound thoroughbr birth pound pound pound draft offspr proport smaller hors birth weigh approxim percent weight birth know correct approxim offspr discern whether need immedi veterinari attent
59969,thoroughbr hors breed known hors race although thoroughbr sometim refer breed purebr hors technic thoroughbr breed consid known agil speed thoroughbr total averag earn starter addit track record hors influenc futur valu breed anim
59970,height weight doesnt factor length hors short back short hors measur thoroughbr closer weight hors access livestock scale measur height weight hors measur hors especi estim weight specifi height
59971,go follow effect birth month weight thoroughbr messag subject effect birth month weight thoroughbr messag thought would increas matter intak would equal comparison weight height kentucki canadian march kentucki slightli taller
59972,increas weight placent weight everi extra produc weight placent weight increas weight placent weight everi extra produc weight placent weight
59973,weight design averag shape overal proport ride hors weight design averag shape overal proport ride hors
59974,normal weight thoroughbr hors approxim averag thoroughbr world record thoroughbr averag speed mile speed slightli faster convert
59975,heart weight quit rang heart heart studi found thoroughbr champion heart weight quit rang heart heart studi found thoroughbr champion
59976,averag height thoroughbr littl oppos averag height breed averag everi perfect thoroughbr champion whose disprov averag height thoroughbr littl oppos averag height breed averag everi perfect thoroughbr champion whose disprov
