passageId,passage
61681,exampl lid lid garlic time sunday time place lid butter gentli stir pinch time sunday time spaciou lid medium onion
61682,time sunday time butter oliv spaciou lid time sunday time butter spaciou lid medium time sunday time lid medium time sunday time fine onion soften lid time sunday time spaciou lid medium time sunday time place lid
61683,lid mean definit lid lid contain learn english english english japanes english korean english spanish japanes english spanish english
61684,lid garlic time sunday time place lid butter gentli stir pinch time sunday time spaciou lid medium onion
61685,thick blank lid lid unhandl stood polish brass kettl almost sardon lid foreign lycosa lid entranc
61686,lid definit lid describ contain mean pronunci
61687,search lid english definit synonym dictionari reverso complet definit lid given english definit dictionari english oxford collin webster
61688,cover open cover cover perhap sens mean eyelid
61689,platter lid larg water desir warm blood tingl express lid besid lid serv ordinari bowl product usual plastic lid measur scoop provid
61690,time sunday time spaciou lid medium garlic time sunday time butter melt lid time sunday time butter spaciou lid medium
