passageId,passage
61981,feder minimum section labor section subsect section appli wage individu section labor section januari
61982,minimum feder minimum cumul inflat measur percentag chang feder minimum sinc decemb
61983,texa legislatur novemb texa legislatur histori novemb nation confer state state minimum wage minimum state decemb verbatim origin sourc
61984,feder minimum current feder minimum sinc howev higher minimum state minimum higher feder higher amount current offici feder minimum
61985,texa minimum increas amend texa minimum increas amend novemb ballot texa legisl constitut amend measur would hourli minimum feder minimum whichev greater measur texa legislatur martinez hous joint resolut minimum texa januari minimum januari
61986,minimum unit labor network state local gener highest minimum feder state local feder govern nationwid minimum
61987,minimum texa tip
61988,current feder minimum state futur minimum current feder minimum state futur minimum
61989,minimum unit network feder state local gener highest minimum feder state local feder govern nationwid minimum octob minimum higher feder minimum
61990,econom polici institut minimum higher feder minimum alaska arizona arkansa california colorado delawar florida illinoi main maryland michigan missouri montana nevada jersey island south dakota vermont washington washington virginia
