passageId,passage
62031,latin person binomi nomenclatur known scientif human human genu extinct speci hominid surviv speci genu subspeci direct ancestor binomi latin genit human subspeci includ extant subspeci
62032,human genu modern known scientif latin know scientif scientif common human modern scientif similar scientif scientif common human modern scientif similar
62033,human scientif rather taxonom relat speci human familia hominida genu subspeci scientif scientif common human modern scientif similar
62034,introduct scientif human common given individu speci extens entir classif speci genu class mammalia kingdom animalia shown given pictur evolut genu divid roughli three earli
62035,binomi latin genit human subspeci includ extant subspeci binomi latin genit human subspeci includ extant subspeci
62036,scientif classif speci genu class mammalia kingdom animalia shown given pictur evolut genu divid roughli three classif speci genu class mammalia kingdom animalia shown given pictur evolut genu divid roughli three earli
62037,live scientif speci primat known earli peopl live present earli found physic modern answer scientif human extant member genu branch intellig domin environ peopl found use
62038,human human person member speci mammalian order primat primat nearest anim social usual human human person member speci latin carolu mammalian order primat primat nearest anim social usual
62039,receiv speci mean given shortsight behavior need writer interpret inclus extend would modern group live accord bernard anthropologist georg washington univers
62040,human evolut origin human belong speci spread birthplac almost world origin prove found human context genu human evolut usual includ genu split million evolut origin human belong speci spread birthplac almost world origin prove found human context genu
