passageId,passage
62301,inform event merger acquisit continent meet necessari safeguard public interest enforc administr justic
62302,includ breakfast buffet coffe fruit water avail start banquet lunch sheraton uptown avail registr
62303,arkansa associ branch american associ arkansa associ educ provid
62304,accord feder protect person inform possess privat hereinaft privaci polici continent whole continent regist address
62305,associ research begun amelia confer annual crime confer confer
62306,purpos continent includ correspond contract claus subsidiari third provid level person inform protect
62307,arkansa associ nonprofit organ membership profession aspir variou
62308,confer appli associ collabor associ african colleg salaam announc sixth appli research confer
62309,royal orlando convent center orlando confer uniqu occurr everi anniversari
62310,cours summer confer serv forum explor indispens detect crime prevent crimin justic intern domest level crime illicit cultur properti
