passageId,passage
62311,sadli holotyp specimen museum display alli night april morocco suggest length estim anim could length length howev claim overestim
62312,skeleton mount street jurass world tyrannosauru incid includ innov center though unknown actual jurass world
62313,discov partial skeleton dinosaur format western egypt german paleontologist ernst articl specimen genu speci
62314,known specimen found spanish morocco specimen complet upper small amount teeth
62315,mean spine lizard genu theropod dinosaur live north lower albian lower cenomanian cretac period million
62316,controversi dinosaur jurass franchis portray jurass particularli shown power favorit tyrannosauru discuss would victor fight tyrannosauru
62317,known speci egypt although potenti second speci morocco among known carnivor possibl tyrannosauru length short weight
62318,spine lizard theropod dinosaur north cretac period known carnivor tyrannosauru base complet found could reach greater
62319,jurass grant sever jurass captur dinosaur speci territori isol increas
62320,first remain found earli centuri richard discov partial skeleton dinosaur format western egypt german paleontologist ernst articl specimen genu speci
