passageId,passage
6278,acut kidney injuri acut kidney injuri condit suddenli work properli usual unwel anoth ill acut kidney injuri often alreadi hospit usual hospit
6279,dialysi work dialysi work deadli light kidney diseas develop stage kidney failur dialysi treatment kidney failur choos dialysi howev within sever sever dialysi wast extra build blood caus variou affect system
6280,work kidney failur damag usual work treatment aliv kidney failur dialysi transplant dialysi clean blood outsid machin dialysi machin blood work
6281,dialysi longer improv qualiti import right decis dialysi howev make decis import discuss care treatment
6282,middl sophist trash everi process blood wast extra water
6283,decid dialysi treatment surrog follow order advanc direct live durabl health power attorney health proxi state
6284,complet irrevers kidney failur sometim renal diseas work complet extra water wast condit uremia swell tire need clean blood function properli
6285,kidney usual enough caus ill becom harm presenc specif healthi balanc base becom
6286,choos dialysi consid termin state elig hospic hospic avail either hospic program hospic facil social worker make hospic
6287,longer filter blood extrem pain dialysi artifici filtrat blood dialysi renal failur death peopl found use
