passageId,passage
63190,corpor tax corpor file elect intern revenu servic pleas contact compet counsel regard decis tax corpor file elect
63191,member individu partnership corpor trust legal commerci entiti gener liabil limit invest enjoy treatment partnership
63192,treatment person incom corpor franchis conform feder incom classif partnership feder incom partnership
63193,default taxat limit liabil compani elect handl account intern revenu servic default default elect account avail
63194,entiti feder incom entiti singl member individu proprietorship
63195,singl member corpor corpor consid divis corpor singl member partnership consid divis partnership
63196,busi structur decis regard busi structur decis person consult attorney account take consider regard liabil manag continu transfer ownership formal oper
63197,limit liabil compani manag structur state certif format manag structur determin
63198,person incom corpor franchis conform feder incom classif partnership feder incom partnership
63199,singl member individu proprietorship singl member corpor corpor consid divis corpor
