passageId,passage
63200,packag liquor licens intox liquor origin packag addit inform provid inventori stock valu accord least alcohol
63201,welcom indiana complet registr indiana interior design employe permit volunt employe permit employe permit asbesto licens follow process renew licens return login follow renew inform creat login password login password indiana system
63202,certif nation commiss accredit certif program athlet certifi individu demonstr athlet trainer capabl without threat public
63203,elig conting complet program accredit commiss accredit athlet train educ instruct within curriculum
63204,credibl program credenti three certif examin profession practic disciplinari compet educ
63205,louisiana alcohol seller server certif becom bartend louisiana alcohol louisiana serv licens enrol alcohol seller server certif program three complet bartend licens louisiana avail print
63206,becom certifi athlet trainer student graduat degre accredit profession athlet train educ program comprehens board certif
63207,alreadi degre someth athlet train degre athlet train univers accredit program second degre accredit athlet train educ
63208,alcohol seller server certif program compat mobil connect louisiana alcohol seller server certif program describ alcohol recogn effect alcohol
63209,louisiana bartend licens louisiana alcohol server seller certif cours reason price alcohol train alcohol louisiana offic alcohol tobacco
