passageId,passage
63469,averag size kitchen start cabinet start though price significantli depend choos amount craftsmanship
63470,kitchen cabinet money hassl tear still kitchen green kitchen solut
63471,clean expens cabinet reduc kitchen cabinet approxim demolit potenti damag
63472,clearli process expens complet refinish approxim pay cours despit averag plenti alter cabinet
63473,price wide depend select configur kitchen kitchen expect around stock store
63474,cabinet price base select configur kitchen veneer exampl solid
63475,kitchen columnist kitchen averag replac kitchen that choos instead
63476,condit whether worth profession advic option anoth option refac percent replac chang finish design
63477,cabinet terrif inexpens altern bathroom kitchen refinish cabinet paint stain surfac minor final paint stain
63478,updat kitchen cabinet hardwar profession cabinet typic kitchen around lamin expect veneer larg project veneer
