passageId,passage
63519,answer organ found chromosom singular piec regulatori nucleotid contain serv packag control consid chromosom chromosom might slightli differ possibl slightli differ produc
63520,chromosom chromo organ structur live nuclear condens structur chromatin nucleu structur chromatin cycl
63521,chromosom genet materi almost everi almost everi diploid instead tightli wound accord central dogma biolog blueprint cellular uniqu order reproduc lesson genet chromosom function materi genet materi known chromosom organ found nucleu
63522,compact divis mitosi meiosi either structur pictur right centromer middl chromosom structur centromer nuclear condens structur chromatin nucleu structur chromatin cycl
63523,normal divid chromosom parent chromosom million build percent total chromosom activ genet chromosom parent chromosom million build percent total chromosom activ genet research
63524,chromosom chromosom organ structur protein found singl piec coil regulatori nucleotid contain serv packag control chromosom organ structur protein found singl piec coil regulatori nucleotid contain serv packag control
63525,normal divid chromosom parent second human chromosom million build almost percent total structur number chromosom caus health develop follow chromosom associ chromosom
63526,mitosi result diploid chromosom meiosi process form sperm split longitudin result gamet haploid normal number chromosom shape found insid live easili microscop normal invis period interphas becom visibl multipli
63527,chromosom chromosom speci sinc presenc absenc femal offspr produc sexual reproduct chromosom testi syndrom simpli known syndrom presenc singl extra chromosom chromosom total
63528,consid chromosom chromosom might slightli differ possibl slightli differ produc consid chromosom chromosom might slightli differ possibl slightli differ produc
