passageId,passage
63849,radio murphi owner texa worth owner owner infin corpor owner infin corpor
63850,three texa locat murphi check contact check write brian
63851,comfort countri stand relationship countri freshli prepar chicken steak alway
63852,radio murphi garland owner owner texa infin owner clear channel owner bison media
63853,murphi murphi collin counti texa unit suburb north censu popul murphi commun histori earli murphi southern collin counti within worth situat midway murphi mile south famou ranch squar mile murphi parker
63854,collin counti serv offic effici counti clerk chief clerk offic austin anoth promin attorney citizen collin counti pleasur renew daili paper read sever
63855,lincoln parish louisiana jackson texa marri eight product peopl prolif collin counti rais
63856,check patio countri collin counti tradit sinc still fashion famili grow
63857,daili courier gazett januari commun lucki better sinc mother three latter
63858,murphi eight maggi unit wedlock boyhood pleasur scalp send anoth famili
