passageId,passage
63959,privat detect probabl wonder privat detect depend servic locat extens experi train expect higher
63960,privat investig worri within budget within budget factor consid
63961,usual privat investig depend would cogniz locat experi level privat investig
63962,privat typic charg hourli depend locat whether investig hourli typic
63963,privat detect probabl wonder privat detect depend servic locat
63964,privat investig determin budget privat investig reput privat investig statement advanc
63965,privat investig wide base investig desir number particular geograph locat involv amount special equip miscellan involv travel special
63966,privat investig privat investig worri within budget
63967,privat investig first offer first consult meet privat detect concern
63968,print privat detect probabl wonder privat detect depend servic locat
