passageId,passage
64029,billabl expens expens custom exampl custom travel record billabl expens invoic
64030,relat billabl guid learn learn order obviou exampl learn
64031,document proper render render document report independ nonus clearli
64032,numer exampl track specif project work client consid work project
64033,monthli servic charg everi month bill occur given month bill month instead
64034,minim amount spend billabl sticki method work offic probabl sticki legal profess busi explan sticki method
64035,except proven track record bill pleas assum go chart estim annual billabl
64036,calcul billabl track minut spend work client
64037,bill occur given month bill month instead membership bill begin period bill appear account
64038,delet reimburs procedur januari although instruct parenthet follow still remain
