passageId,passage
64279,caus bitter heart moment start person becom slave
64280,replac bitter memor begin cleans bitter admit bitter unjustifi bitter spirit
64281,snakebit alcohol drink equal lager cider snakebit unit kingdom squash snakebit black stout instead lager unit snakebit black known diesel variant addit vodka known turbo diesel
64282,syndrom everyth color bitter sicken creat nurs bitter toward
64283,snakebit typic serv snakebit separ cider lager illeg despit suggest otherwis former presid clinton snakebit order tavern north yorkshir
64284,prais bitter spirit cours show bitter could dawn found answer
64285,bitter agoni result blame someon satan marriag result bitter spirit emot percentag spiritu bitter spirit toward
64286,midst anger cri bitter could say avail could argu could right
64287,danger would bitter return judaism prime bitter often peopl advantag betray credit
64288,naomi bitter naomi justif empti
