passageId,passage
64309,common linden european linden basswood flower linden induc sweat feverish reduc nasal congest reliev throat irrit cough linden sed effect treat nervou blood pressur
64310,relat linden linden mucu linden blood pressur linden linden blossom sourc health linden linden flower heath effect organ linden
64311,linden steam clear respiratori benefit open clear pollut prove help sunburn tonic freshen
64312,linden flower flower bag linden flower follow similar bring water water steep depend desir strength typic
64313,dri powder linden boil water fresh dri linden drink
64314,bag linden flower follow similar bring water water steep depend desir strength typic drink repeat time
64315,german pediatr medicin includ sever speci diaphoret compon treat influenza volatil mucilag linden contribut medic sever report linden effect treat epilepsi could simpli sit beneath sugar oliv
64316,linden great suffer irrit bowel syndrom heal reduc flatul bloat sensat diarrhea great whole great linden flower abil treat syndrom
64317,linden fill health differ medicin peopl could today modern medicin solv health relat
64318,bag linden flower follow similar bring water water steep depend desir strength drink repeat time
