passageId,passage
65176,basic found nightshad steroid contain fairli complic fuse structur found potato tomato
65177,nightshad famili speci solanum although contain toxic still edibl depend plant sever cultiv garden known nightshad
65178,solanin toxin poison nightshad potato occur natur plant leav fruit solanin fungicid pesticid natur
65179,popular expos light enorm famili solanacea repres famili
65180,basic found nightshad steroid contain fairli complic fuse structur found potato tomato import standpoint
65181,nightshad common mayb common nightshad famili perfectli ordinari peopl sensit regardless suffer allerg
65182,nightshad famili avoid possibl sensit medic practic treat often treatment relief
65183,peopl think nightshad harm theyr deadli nightshad belladonna ined that solanacea famili histor deadli nightshad associ witchcraft
65184,sometim nightshad solanacea plant famili eggplant potato
65185,overconsumpt nightshad circumv control calcium cartilag cardiovascular osteoarthr basic calcium
