passageId,passage
65206,differ polit exampl labour conserv green socialist altern respect liber democrat christian allianc that basic alderman section insight
65207,repres often time close address
65208,ador anim unit alderman usual figur council repres divis
65209,alderman enter address alderman congressman state senat state repres enter loui address select
65210,prime minist canada titl right prime minist member privi council canada lifetim design convers address prime minist prime minist member feder cabinet minist
65211,titl avoid jone write convers
65212,appli instanc placement intersect improv public becom dilapid enforc nois ordin alderman municip legisl measur introduct properti upkeep exampl might bring appeal council
65213,district repres peopl elect what interest alderman repres district sourc preval
65214,credibl formal grammar punctuat letter possibl appropri format formal letter request respons courteous respons letter letter letter address letter envelop
65215,someth go commun dentist could potenti chang rectifi perhap teacher local garag peopl could alderman understand alderman first determin govern talk tradit often shire
