passageId,passage
65454,popular twilight twilight popular twilight twilight
65455,author twilight graduat young univers degre english literatur husband three young arizona
65456,known twilight seri collect million global differ known twilight seri collect million global differ content
65457,instantli associ battl edward jacob astound success twilight seri though write experi begin first quartet quickli broke inspir intern fandom impress scale
65458,twilight twilight eclips break tanner twilight graphic twilight offici guid chemist twilight twilight movi movi eclips movi break movi break movi movi
65459,break twilight seri great select similar collect avail passion
65460,twilight eagerli devour eclips third rivet vampir
65461,graphic novel twilight graphic novel young rate error rate
65462,short second tanner twilight rate save error rate
65463,condit twilight eagerli devour paperback edit eclips third rivet vampir string mysteri malici vampir quest reveng bella surround danger
