passageId,passage
65524,enter search select profil click friend button
65525,enter search select profil click friend button might button depend privaci
65526,enter search select profil click friend button
65527,enter search
65528,enter search
65529,remov friend member click button right corner member list
65530,welcom guid attempt run start show dwell howev project develop occur occur often time
65531,hang rememb option project gorgon whether log
65532,rememb option project gorgon whether log
65533,earli version guild system project gorgon yesterday accord launcher could sport channel messag featur
