passageId,passage
65834,inform trigger contextu explan translat
65835,anoth point consid social misfit gener accept societ commonli accept blend peopl around workplac commun
65836,realiti social misfit apart societi rare go public refus struggl doesnt societi
65837,curiou squar shape differ content squar letter disappear space assembl english right fall boggl boggl
65838,rate answer social misfit come rebelli teen hang smoke drink perhap petti theft vandal definit school probabl fail come close school
65839,social misfit gener thought someon differ cultur doesnt societi recent social misfit expand peopl difficult particular group
65840,social human societi organ social class social social issu
65841,social sociolog live commun rather alon sociolog human societi sociolog characterist experi behaviour interact form purpos companionship commun social
65842,social anxieti institut social anxieti interact peopl neg result lead avoid
65843,refer group live togeth first refer common social polit entiti parti polit group centuri social gather
