passageId,passage
67623,definit english languag regular upward downward movement level ocean earth water someth
67624,diurnal inequ differ height tidal differ speed flood tidal tidal diurnal inequ sometim declin inequ
67625,glossari french english avail glossari mean french english
67626,mediterranean great place start sail across tidal nontid refer sail inform exactli didnt
67627,definit rise fall surfac ocean twice daili attract someth public opinion often
67628,tidal phenomena limit occur whenev gravit field space present exampl solid earth affect though easili water tidal
67629,primari includ rotat posit rel earth altitud elev equat bathymetri harmon
67630,commonli semidiurn diurnal tidal cycl given typic height daili inequ higher water lower water tabl
67631,across tidal nontid refer sail inform exactli world subject combin effect gravit rotat earth
67632,pertain subject tidal current depend state departur tidal steamer origin tidal
