passageId,passage
67713,shortli arriv jackson brag straw drink verbal dagger wound yanke captain never complet summer crash privat
67714,growth straw drink michael decad cultur drink march turbul time formula still straw drink alon sponsorship track gush
67715,straw drink plural drink idiomat almost alway person group major factor affect trend anderson north carolina reggi jackson
67716,martinez jackson singl father black jackson graduat cheltenham footbal basketbal basebal track field footbal injur earli season junior
67717,anoth legaci note philosoph reggi jackson straw drink sometim democrat parti later toilet
67718,straw drink straw drink newspap colloqui deriv polit appli success comment larg follow opposit basebal
67719,reggi straw drink comment reggi jackson autobiographi never sport magazin report claim author immedi
67720,reggi straw drink comment stori reggi jackson autobiographi never sport magazin report claim author immedi
67721,reginald martinez reggi jackson american former profession basebal right fielder athlet baltimor california major leagu basebal jackson nation basebal
67722,reggi jackson inde straw drink pound slugger crowd whenev circl swing black fashion yanke stadium
