passageId,passage
6818,import factor social learn theori concept reciproc determin notion behavior environ environ behavior
6819,mayb learn observ teacher friend supervisor acquir knowledg varieti lesson introduc theori learn within social context
6820,standard psycholog textbook especi probabl learn defin chang behaviour learn outcom product process
6821,content introduct learn product acquisit learn learn learn process orient learn cognit orient learn humanist orient learn social situat orient learn
6822,learn make sens mean learn subject matter world learn understand realiti differ learn world knowledg
6823,describ theori defin model explain import model theori identifi differ effect model serv
6824,summar theori learn within social context within social context observ model
6825,theori theoret perspect learn observ focu studi theori ground sever basic peopl learn observ acquir knowledg simpli observ model
6826,attent natur learn inevit lead impoverish educ simpli process effect result educ actual diminish begin examin learn product process
6827,social learn theori social learn theori albert learn cognit process place social context occur pure observ direct instruct absenc motor reproduct direct reinforc
