passageId,passage
68333,given contrast given given popular popular trend sinc compar popular
68334,scottish origin mean gener pronounc
68335,excit opinion pleas regist account account receiv
68336,definit larkspur larkspur delphinium western north america brownish yellow poison stock
68337,definit region western australia state capit censu popul
68338,access dictionari arent dictionari expand usag advanc search
68339,definit region western australia state capit censu popul
68340,share share share twitter share twitter share share dislik dislik follow follow follow
68341,definit famou australia massiv young anyth kiss clean synonym person often
68342,rank posit rare estim least world around popul seven
