passageId,passage
6828,common sever fluid differ color identifi system engin brown black amber color power steer fluid color clear brown green automat transmiss fluid reddish color
6829,averag diagnosi labor price estim base locat specif estim includ
6830,mechan first might compressor mechan system could could
6831,common engin vacuum rough start run misfir hesit acceler
6832,gasket bottom engin engin move engin without damag attach bottom engin
6833,wouldnt quot dealer repair expens
6834,check damag remov engin gasket remov filter clean instal gasket engin filter engin oper temperatur check
6835,averag vacuum diagnosi labor price estim base locat specif estim includ
6836,fluid differ color identifi system engin brown black power steer fluid color clear brown green automat transmiss fluid reddish color engin coolant green orang clear
6837,condition corolla give cool fluid
