passageId,passage
69225,factori factori build usual factori chees factori sever produc domest electr good work place industri process place process make good manufactur uncount chemic manufactur plastic factori manufactur refer build
69226,factori factori previous manufactori plant industri usual machineri commonli complex sever manufactur good oper product factori entireti ancient egypt sourc factori product ancient time within centuri athen
69227,decker build second locat factori factori studio three differ origin factori fifth floor street manhattan hundr yearn factori sixth floor decker build union squar entourag frequent reput work night
69228,factori sixth floor decker build union squar entourag frequent reput work night factori sixth floor decker build union squar entourag frequent reput work night
69229,although plant sever answer industri first consid factori factori build someth carri latin factor maker plant sens first plant build industri process plant sever answer industri first consid factori factori build someth carri
69230,manufactur process make good manufactur uncount chemic manufactur plastic factori manufactur refer build process make good manufactur uncount chemic manufactur plastic factori manufactur refer build
69231,answer go build mirror factori first noth granger build mirror factori first thing rebuild societi biggest problem stop look realli whoever whatev societi virtu go build mirror factori first noth granger build mirror factori first thing rebuild societi biggest problem societi
69232,onetim build whose three triangl waist compani brown build scienc univers occupi devot biolog michael time onetim build triangl waist compani brown build scienc hous univers devot biolog chemistri load previou albani
69233,concret frame perhap modern build build frame skeleton concret horizont frame vertic frame perhap modern build build frame skeleton concret horizont frame vertic
69234,michael time onetim build triangl waist compani brown build scienc hous univers devot biolog previou albani michael time onetim build triangl waist compani brown build scienc hous univers devot biolog chemistri load previou albani
