passageId,passage
69765,order inspir career scienc engin group chosen amaz amus post skate
69766,banana singl insid remov million howev without microscop
69767,would cycl cellular respir biolog live creatur within plant differ signific
69768,report abus accord follow recent research differ peopl differ chimpanze chief scientist share banana mural scienc
69769,share banana entir larg strawberri measur base potato
69770,share realli anyth actual related rel complex speci
69771,related determin speci complex analysi simpli share
69772,report abus discov genet similar
69773,banana close could caus banana squirt procedur measur water teaspoon close
69774,share fellow primat common banana plant activ materi specif help extract
