passageId,passage
69775,perenni river ganga fourth basin world glacier western ganga perenni river ganga fourth basin world glacier western ganga bengal
69776,ganga river perenni ganga regard india sacr river around river ganga number pilgrimag upper northern india river cours
69777,ganga basin india alon ganga river system india number perenni north peninsula south major right ganga basin india alon ganga river system india number perenni north peninsula south respect
69778,ganga compris import ganga includ famou india differ known ganga biggest river indian subcontin water length ganga mile river origin western himalayan state hindu religion regard sacr known ganga biggest river indian subcontin water length ganga mile
69779,ganga perenni river regard ganga river exalt posit hindu ganga perenni river regard
69780,bound north northeast mountain rang world addit protect countri perenni ganga indu whose civil three bound north northeast mountain rang world addit protect countri perenni ganga indu whose civil
69781,ganga boundari river india delta form mainli larg delta along bengal
69782,cours river sacr ganga origin glacier himalayan river northern final bengal river ganga number pilgrimag upper northern india river cours river ganga number pilgrimag upper northern india river cours
69783,ganga perenni river regard ganga river exalt posit hindu ganga perenni river regard ganga river exalt posit hindu etho
69784,origin ganga river origin ganga river glacier sacr indian sourc susten great indian remark journey ganga ganga river origin ganga river glacier sacr indian sourc susten great indian remark journey ganga
