passageId,passage
70155,februari updat retail convers devic quarterli great sourc give regularli convers segment media larg
70156,higher sampl record simpli wasnt viabl reason price especi consum audio time though almost digit audio capabl least higher
70157,theorem maximum frequenc given sampl sampl captur captur
70158,chart latest convers devic januari latest quarterli updat januari convers across quarter
70159,sampl frequenc sampl averag number second second continu function interpol
70160,video blank leav frame field three sampl becom sampl compact though video equip origin video base determin sampl
70161,differ industri retail convers toward chart averag convers rang convers caveat analysi convers
70162,signal sampl reduct signal signal common exampl convers sound continu signal sequenc signal
70163,telephon wireless intercom wireless microphon transmiss adequ human speech without sibil quarter sampl audio audio audio analysi
70164,higher sampl higher system record store sampl reproduc roughli test sensibl enough major
