passageId,passage
70185,vitamin relat memori accord clinic expert enough improv memori howev adequ evid higher intak bring posit effect
70186,import rang maintain health brain improv memori health togeth provid energi maintain nerv health produc brain healthi function
70187,accord clinic expert enough improv memori howev adequ evid higher intak bring posit effect
70188,shown antioxid vitamin protect nerv brain damag evid vitamin nerv brain die suffer stroke vitamin found improv memori function elderli
70189,vitamin import rang maintain health brain improv memori health togeth provid energi maintain nerv health produc brain healthi function
70190,there evid vitamin delay prevent mental declin except defici vitamin caus confus memori larg supervis
70191,increas take vitamin consum natur spinach leafi broccoli asparagu black citru grapefruit
70192,relat memori accord clinic expert enough improv memori
70193,doctor televis author recent improv memori
70194,evid suggest vitamin benefit memori older peopl recent studi journal american medic associ found vitamin peopl diseas
