passageId,passage
70435,younger accompani adult precheck global entri airport secur without precheck clearanc howev global entri allow expedit custom screen without enrol program
70436,global entri interview everi potenti member global entri program attend minut interview global entri enrol center choic enrol follow global entri enrol center
70437,stress membership speed secur remov light appli avail
70438,precheck program special secur airport usual faster intrus screen global entri everyth precheck expedit entri custom return foreign countri
70439,price differ perhap appli program money though global entri receiv precheck often stand along precheck program
70440,applic onetim global entri applic applic submiss global enrol system credit electron transfer applic
70441,precheck global entri depart homeland secur travel precheck global entri intern travel perfect frequent busi travel expedit secur screen loos quickli
70442,complet global entri applic applic review submitt occur conform account inform guid schedul interview guid explain precheck global entri membership directli govern depart custom border protect
70443,precheck appli directli receiv precheck number precheck appli global entri receiv global entri photo front
70444,applic precheck global entri would spend extra global entri
