passageId,passage
70504,recent built spider work exceedingli experi spider could instant damag actual experi spawner system realli build tutori spider could blend simpl effect
70505,recent built spider work exceedingli experi spider could instant damag actual experi spawner system
70506,sever mele splash potion resist blaze unless player kill
70507,blaze spawner effect gather blaze alway appear close enough attack sword delay attack spawn charg first combin resist effect
70508,simpl blaze harvest blaze world blaze altern method blaze spawner updat peopl blaze remov follow resolv issu
70509,blaze found nether start spawn player within chanc spawn spawn light level lower lower
70510,answer immedi neighbor spawner irrelev still spawn across place three level spawner spawn
70511,horizont spawn anywher anywher within meter squar center northwestern corner spawner lower light everi direct forget layer spawn light level lower
70512,answer activ accept immedi neighbor spawner irrelev still spawn across place three level spawner spawn
70513,blaze blaze found nether theyr craft brew blaze powder blaze powder brew compon ender magma cream reason effici
