passageId,passage
70813,notabl includ mission rafael around counti civic center build design frank lloyd wright rafael center china state kerner peacock cours public
70814,rafael california rafael spanish pronunci saint raphael counti counti california unit north region francisco censu popul
70815,mission rafael downtown rafael spanish mission coloni mexican provinc california three mission father mission francisco father reina independ
70816,rafael spanish pronunci rafael saint raphael counti counti california unit north region francisco
70817,privat school nonsectarian school linda academi previous rafael militari academi privat school rafael saint raphael school school histori link mission raphael
70818,rafael counti counti california unit north region francisco censu popul
70819,rafael stronghold democrat parti octob regist rafael declin state polit parti
70820,rafael sever coast downtown rafael linda
70821,rafael number region china state counti china state beach counti
70822,counti counti francisco state california censu popul counti rafael counti includ metropolitan statist francisco across golden bridg francisco counti fifth highest incom unit
