passageId,passage
70933,better gener gener everi ad check nonwork remov nonwork gener pleas contact problem gener
70934,peopl categori squirt work run oper system defin certain everyon oper system peopl current window window would close turn sever handi built
70935,chart press correspond break section level complet howev prior post anoth thread
70936,premium think account could pleas privat account visit
70937,cours technic latenc across network server client relat normal english simpli behind ground speed network latenc behind around would behind network latenc
70938,wherea window window shrunk vertic thingi would convert graphic weird resolut wherea nativ comput would power
70939,think account could pleas privat account visit
70940,dispens dispens premium servic gener unlimit amount servic anoth alreadi account alreadi account
70941,peopl get altern server altern though cours that think break altern account that wast
70942,dispens stand around sinc dispens place altern account cheap simpli purchas gener gener button given
