passageId,passage
71003,disabl standard monthli payment feder govern feder govern individu month month
71004,social secur disabl social secur disabl individu individu work claim
71005,amount sever live arrang whether marri amount get payment level section produc reform institut januari
71006,govern represent social secur disabl supplement secur attorney retroact award receiv money govern attorney right matter retroact lesser would whole better lawyer
71007,order avail blind disabl state supplement program state program addit support elig base financi
71008,social secur social secur disabl benefit base cover wage social secur becom disabl social secur disabl insur feder insur program qualifi longer
71009,supplement secur incom receiv state payment qualifi feder payment except small group still receiv state payment qualifi decemb appli separ state payment
71010,appoint schedul meet repres assist guid someon someon appoint applic
71011,disabl benefit slightli higher nation averag approv initi disabl approv follow hear better disabl lawyer increas
71012,might receiv averag benefit amount month whose incom fairli recent receiv interest social secur
