passageId,passage
71253,decreas temperatur fix amount constant pressur combin volum decreas maintain constant volum decreas temperatur pressur would decreas order satisfi
71254,multipl decreas pressur temperatur fix amount observ volum temperatur directli relat volum pressur invers relat volum
71255,combin pressur invers relat volum directli relat temperatur temperatur constant equat reduc therefor decreas pressur fix amount volum increas howev maintain constant volum decreas pressur temperatur would decreas relationship constant volum given
71256,report abus higher pressur seal contain temperatur atmospher temperatur densiti would decreas proport volum therefor would lighter surround space beneath pressur someth
71257,materi take given volum densiti materi scroll relat link densiti import temperatur peopl found use
71258,temperatur pressur shown formula pressur pressur therefor temperatur pressur increas order ratio
71259,pressur temperatur decreas enough possibl becom liquid solid would requir larg chang temperatur assum contain temperatur
71260,temperatur constant pressur volum temperatur pressur volum found use
71261,temperatur densiti increas invers relationship temperatur densiti
71262,there exchang contain environ adiabat process adiabat process ideal approxim common constant gamma expon
