passageId,passage
71283,interfac definit anywher object exampl function method object defin interfac rather particular class
71284,content either interfac interfac test environ product develop batch
71285,organ comprehens interfac organ interfac system perform throughput system
71286,receiv inform dispar oper system interfac complex involv inform variou often
71287,organ interfac engin hardwar run applic oper backup hardwar send suffici detail allow side valid adequaci interfac
71288,interfac interfac refer rang differ interfac differ oper system interfac hardwar
71289,server host interfac hardwar physic secur lock locat server host interfac engin secur administr login prevent unauthor interfac configur access interfac
71290,interfac point interact comput number interact graphic sound posit movement transfer comput system
71291,interfac interfac boundari across separ comput system exchang inform exchang comput hardwar peripher comput hardwar receiv interfac mous microphon provid interfac given system
71292,minimum certif relat electron exchang inform capabl send clinic administr version send version
