passageId,passage
72618,western ralli togeth western countri proudli across provinc alberta especi devast burn across
72619,special month giant roll giant readi immedi deliveri special event credit interest right event everyon market dealer dealer dealer brand motor diesel motor diesel diesel pusher
72620,million million herman retir busi bought dealership world stock given
72621,welcom better think pleas brows hesit contact giant look enjoy pleas contact
72622,conveni heart sunshin state camper corral right highway major arteri provid access florida
72623,readi exclus friendli staff would perfect match look
72624,dealer serv alberta british columbia western countri dealer western canada across alberta british columbia grand prairi north south
72625,locat inform western countri dealer western canada across alberta british columbia grand prairi north south
72626,founder founder owner recreat vehicl dealership florida arizona locat dealership world campground success unit sell everi diesel
72627,great restaur make last delight time resort resort consist rank qualiti servic valu great place friendli
