passageId,passage
72708,weekli weather report gambia look weather gambia maximum temperatur thursday april around minimum temperatur wednesday april around
72709,improv experi updat privaci polici bottom content search global navig cross hamburg search
72710,gambia weather novemb novemb expect sunshin averag temperatur unbroken sunshin begin humid decreas
72711,averag daili temperatur novemb reach
72712,weather climat dress travel advic inform climat subtrop climat distinct raini season gener octob around holiday gambia earli novemb earli april pleasant northeast trade averag daytim temperatur along atlant beach hotel centigrad fahrenheit
72713,weather gambia gambia subtrop climat plenti sunshin throughout averag temperatur distinct toward octob season humid perfect set winter holiday
72714,averag averag unit kingdom averag sunlight temperatur discomfort humid rel humid averag precipit month
72715,gambia weather april gambia weather go sunni gambia visibl go around mile atmospher pressur daytim temperatur go reach temperatur go night
72716,averag daili temperatur novemb reach tropic throughout constantli shine averag sunshin
72717,gambia weather decemb humid comfort remain throughout winter spring averag decemb sunshin temperatur around
