passageId,passage
74644,applic auxiliari switch posit switch given angl set simpl direct mount auxiliari attach directli spindl clamp damper posit indic rotari
74645,auxiliari switch actuat actuat instal opposit auxiliari switch actuat intern extern mount includ intern extern auxiliari switch adapt adapt
74646,metal heater directli
74647,inner three smoke smoke damper control test blade intern auxiliari provid proof closur
74648,auxiliari damper rotari subject safeti devic outsid field applic especi aircraft transport
74649,doubl insul separ safeti ground exclus automat damper tight seri choic classroom
74650,spring return close actuat motor damper combin smoke smoke function smoke control requir control
74651,anywher normal rotat without mechan power consumpt reduc hold actuat doubl insul electr ground connect necessari version provid auxiliari switch switch
74652,shaft mount auxiliari switch diamet usual
74653,reset button singl primari sensor system figur found percent combin smoke market today smoke detector local thermal sensor shown figur applic
