passageId,passage
74924,choos larg enough blanch singl layer depend place metal steamer basket strainer bottom roughli three seven water
74925,boil whole kernel boil whole kernel delici tast fresh summer begin transit
74926,start count blanch water immedi steam blanch given immedi water water blanch except
74927,given immedi water water blanch except sever time cool drain thoroughli either
74928,select larg enough complet cover blanch water place clean water roughli gallon water everi three
74929,given immedi water water blanch except sever time cool drain thoroughli
74930,freez fresh tender readi roast cook anoth method freez place entir
74931,immedi water water blanch except sever time cool drain thoroughli either
74932,submerg larg water select larg enough complet cover blanch water place clean water roughli gallon water everi three
74933,immedi water water blanch except sever time cool drain thoroughli
