passageId,passage
76160,whether learn gener prepar career work wonder cours equin cours train equin base latest scientif evid use person stabl profession hors train equin veterinari
76161,equin equin characterist hors belong famili
76162,hors equin hors
76163,hors observ equin byplay freder possess jewel equin crown
76164,equin hors equin hors
76165,cours equin prepar hors work busi particular equin applic stabl manag hors train provid therapi work ride instructor teach equestrian program secondari academ institut equin serv supplement degre veterinari medicin educ cater offer equin matter locat
76166,equin definit hors equin
76167,contemporari equin whole tizzi equin protein realli wors still squeamish eat equin across
76168,equin might drove similar manner suffer creek dandi equin tantalu fluid
76169,hors equin hors
