passageId,passage
76170,among world clinic research staf numer highli experienc medic clinic readili avail assist anyth studi design clinic
76171,engin technic support capabl number specif technolog base grand duchi staff agenc southern oper number staff provid support copyright reserv
76172,comprehens profession respect
76173,extens regulatori consult clinic research preclin test readili avail assist throughout everi development stage medic devic inform contact
76174,acronym attic search million respect
76175,mainten suppli agenc execut mainten suppli establish direct control provid board compris member
76176,medic research organ support medic devic develop diagnost regen medicin
76177,clinic research clinic readi partner assist aspect clinic research includ biostatist studi design studi manag manag safeti approv clinic
76178,definit contract research organ test bench bedsid includ character analyt chemistri efficaci function steril assur microbiolog
76179,acronym attic abbrevi surfer previou
