passageId,passage
76440,transport within short walk distanc author termin time squar subway hotel easili access public transport drive conveni park nearbi avail
76441,time squar would emporium avenu telephon number
76442,street time squar station larg complex subway system along street author termin avail subway shuttl grand central termin
76443,check airport mile manhattan
76444,downtown train author termin avenu block time squar street avenu broadway
76445,airport mile center intern airport jersey extra
76446,street time squar station street time squar station larg complex subway system along street author termin avail subway shuttl grand central termin
76447,street time squar station larg complex subway system along street author termin avail subway shuttl grand central termin
76448,nearest major airport birmingham intern airport mile reason local mile manchest mile chester airport nearest major airport stoke trent mile north close mile
76449,author jersey termin heart manhattan block time squar
