passageId,passage
76490,borrow say perfectionist person forest individu becom forget purpos becom
76491,alway peopl perfectionist alway perfectionist first actual descript alreadi sentenc time
76492,think perfectionist mayb thought post comment peopl never think decid titl mean perfect
76493,contrari popular belief father psychiatri sigmund panic disord wrote famou anxieti neurosi anxieti disord worri great medic noth seriou medic natur could found wrong
76494,perfection social anxieti perfection drive peopl great provid energi motiv go strive perfect awesom howev strive perfect person start run
76495,young person wrote subject first speak somebodi prone huge compliment write
76496,perfection gener anxieti social anxieti perfection associ seriou mental health variou anxieti anxieti commonli associ belief noth enough gener anxieti disord social anxieti disord failur enough crippl worri
76497,social anxieti disord perfection peopl worri excess experi anxieti embarrass front
76498,inform support problemat anxieti famou peopl experienc anxieti disord
76499,experienc anxieti overcom return normal last health hardship anxieti unwel caus help servic presid
