passageId,passage
76820,annal corvett natur power popular crate horsepow torqu within classic displac extract grunt packag
76821,salvag offer exclus corvett firebird perform check great select corvett
76822,smart torqu seri rang common choic advertis
76823,chevi chevi corvett engin chevi corvett engin chevi corvett engin chevi corvett engin chevi corvett engin chevi corvett engin chevi corvett engin chevi corvett engin
76824,chevi look chevi engin youv land right coast latest chevi valid ethic salvag around
76825,compress ratio packag engin come starter altern meter induct exhaust engin har start
76826,either throttl cabl throttl engin electron pedal har modul oper pedal har modul purchas engin packag
76827,factori camshaft cathedr head engin later usual consid choic durat
76828,smart torqu seri rang common choic start motor start
76829,galleri number popular engin downright scari tri figur start begin
