passageId,passage
76940,report abus drink anyth sanit post public place clean order doesnt clean someplac drink water drink water drink water north america central
76941,travel sometim worri theyll find commun dietari travel vegetarian travel delici perfect place follow adag breakfast although glimps expect breakfast
76942,think eat think melt chees that right mexican restaur north border noth actual cuisin list unesco intang heritag human reason great visit delici perfect place follow adag breakfast although glimps expect breakfast
76943,drink water drink water drink water north america central african drink water drink water drink water north america central
76944,first healthi recogn health encount three especi water natur sunburn trip surprisingli biggest assur thank research pain experi scorpion sever sunburn diarrhea healthi
76945,icon descript come rainbow color yellow black richli layer tast sensat often famili sometim contain icon descript come rainbow color yellow black richli layer tast sensat often famili sometim contain
76946,fresh come major local complet million unit safeti major concern safeti mexican govern safeti feder
76947,certain usual street vendor favorit street groceri store intersect usual street vendor favorit street groceri store intersect
76948,eat street former morn report mexican eat street former morn report mexican capit
76949,eaten drunk drink flavor fruit chocol drink differ eaten drunk drink flavor fruit chocol drink differ
