passageId,passage
76990,beach season stand manhattan beach shop
76991,distanc mile beach cocoa beach mile cocoa found use hugh
76992,drive distanc beach beach total drive distanc beach beach mile beach california beach california might calcul total drive beach beach arriv destin
76993,check flight distanc beach beach travel import point drive distanc henc might travel beach beach estim spend distanc beach beach
76994,total distanc beach beach mile equival nautic mile beach california beach california flight direct beach beach southeast north distanc calcul figur beach beach
76995,offici known south bicycl trail strand enjoy beauti along beach beach manhattan beach marina venic santa monica
76996,distanc beach california catalina island california mile catalina island california santa catalina
76997,distanc start point destin mile approxim drive share
76998,signer rental agreement least beach spectacular bicycl world
76999,santa monica venic marina pacif beach porto beach beach beach manhattan beach
