passageId,passage
77260,attract retir avail peopl least retir sinc withdraw fund
77261,custodi account custodian child account holder brokerag mutual financi minimum might around
77262,vehicl unlik tradit deduct earn compound avail child
77263,financ colleg meanwhil account earn withdrawn without money asid colleg wed payment there catch cours
77264,better deduct tradit sinc child profession founder atla financi richmond virginia realli better mechan
77265,option within famili busi clerk market assist exampl scenario benefit twofold deduct busi incom contribut retir
77266,child gain employ outsid summer school still amount equal contribut child deposit amount account compens equal greater
77267,smart thing start young growth possibl anoth would consid fund retir
77268,still child incom clean hous around document everyth care directli
77269,choos tradit would child break incom withdrawn retir contrast child break money withdrawn golden modest incom usual better
