passageId,passage
77270,contemporari chanc surviv adulthood possibl current mortal syndrom overal popul pneumonia aspir pneumonia congenit heart respiratori distress syndrom common death
77271,development field connect brain affect clivu region cranial laryng region characterist brain probabl deform syndrom characterist usual syndrom partial total genet materi short chromosom delet could affect region complet short
77272,definit genet condit chromosom number absent chromosom delet syndrom minu syndrom syndrom
77273,intellectu disabl becom obviou child older someon syndrom adult reproduct normal conceiv normal happen quit menstruat difficult adolesc suffer
77274,inherit around inherit chromosom abnorm unaffect parent parent carrier balanc transloc chromosom rearrang genet compon
77275,chanc syndrom rang probabl consid small amount common femal limit white peopl specif ethnic group
77276,syndrom certain exactli chromosom delet although chromosom abnorm either famili histori diseas
77277,partial delet short chromosom respons characterist phenotyp characterist perceptu acoust similar unusu structur larynx laryng hypoplasia dysfunct
77278,syndrom condit person miss portion chromosom number condit often consid bizarr affect exactli
77279,syndrom distinct characterist french syndrom group togeth characterist specif disord syndrom genet materi delet portion short fifth syndrom genet condit approxim syndrom consid frequent delet syndrom syndrom minu syndrom delet syndrom mean fifth chromosom mean short chromosom centromer minu delet
