passageId,passage
78029,articl concret foot build concret fiber readili avail improv form pour foot rel
78030,section foot bottom concret piec agit remov repeat process everi slightli smooth surfac move short across
78031,foot possibl rebar anchor base concret still foot space foot support determin factor
78032,section foot bottom concret piec agit remov repeat process everi slightli
78033,squar concret form lumber whole anchor build simpl lumber shown photo
78034,pour concret foot diamet foot carri weight diamet bring ground foot ground thick
78035,foot construct guid articl prepar foot cardboard steel concret describ concret concret foot carri
78036,video build foundat concret foot build success construct solid concret foot perman build gravel
78037,concret rooki come concret direct access truck directli anyth readi mix would wheel
78038,foot frost larg typic diamet shovel concret section disturb side
