passageId,passage
78574,weather forecast thursday april column hourli forecast weather temperatur speed direct humid visibl pressur
78575,weather forecast time weather summari detail temperatur weather forecast show inform morn afternoon overnight link weather
78576,weather forecast forecast model consid experiment pleas confirm forecast forecast local weather bureau larg substanti oper
78577,detail weather forecast today weather forecast summari light total mostli fall afternoon morn night gener light
78578,averag averag unit kingdom averag sunlight temperatur discomfort humid rel humid averag precipit
78579,bookmark locat check temperatur forecast current weather make travel hotel flight whether raini sunni chilli phone
