passageId,passage
78840,digit famili crest ching famili crest ching famili reveal famili crest surnam ching paint ching famili crest
78841,ching digit famili crest ching famili crest ching famili reveal famili crest surnam ching paint ching famili crest ching famili crest
78842,famili crest surnam ching ching famili crest reveal famili crest surnam ching surnam ching symbol proudli ching famili crest
78843,languag convey scorn sarcasm upset oppon ironi wast stupid satir glass wherein gener discov swift caustic remark ironi satir
78844,sarcasm contemptu languag intend convey scorn insult languag latin greek flesh flesh
78845,troubl statist advanc agenda
78846,acronym comput design manufactur engin system design product exampl design produc compon design control construct design
78847,cut often remark intend express contempt ridicul sarcasm voic
78848,relat design design draft access method engin nanni batteri jewel mobil secur
78849,simpl tooth deliv power steam hammer exampl eccentr shape smooth forth motion follow lever make contact
