passageId,passage
78870,correctli someon understand blood reveal often time exampl typic normal convent refer rang blood nitrogen anywher rang accur person level varieti health someon level extrem
78871,ratio medicin ratio ratio serum laboratori blood nitrogen serum creatinin outsid unit particularli canada truncat though still blood chemic differ
78872,roughli blood normal rang nitrogen blood serum liter rang normal protein intak endogen protein catabol state hydrat hepat synthesi renal excret
78873,ratio definit creatinin nitrogen metabol normal rang nitrogen blood serum liter normal serum creatinin muscl techniqu measur
78874,blood nitrogen blood marker kidney function basic metabol panel health screen monitor progress kidney failur produc breakdown protein usual blood
78875,go continu amount produc urin level blood therefor stabl properli nitrogen fulli blood indic kidney function typic blood chemistri basic metabol panel
78876,thing certain blood noth certain tremend amount extract blood provid understand interpret ultim blood identifi nutrit cours action start feel better immedi
78877,function interpret take account person biochem uniqu highli complex network numer person holist compris network spirit
78878,medicin ratio ratio serum laboratori blood nitrogen serum creatinin outsid unit particularli canada truncat differ creatinin differ valu ratio ratio determin caus acut kidney injuri dehydr principl behind ratio
78879,kidney function congest heart failur urin obstruct shock recent heart attack dehydr protein gastrointestin bleed common found incident malnutrit sever liver diseas
