passageId,passage
79320,blood thrombosi red swell arteri blood pain blood pulmonari embolu chest short breath rapid puls breath
79321,common blood patient experi without telltal certainli link blood
79322,arteri blood pain blood pulmonari embolu chest short breath rapid puls breath
79323,stroke blood arteri brain includ speech vision weak heart attack blood coronari arteri chest short breath nausea indigest sweat
79324,blood pulmonari embolu chest short breath rapid puls breath stroke blood arteri brain includ speech vision weak
79325,blood kimberli januari blood blood genet obes pregnanc smoke sit posit length health
79326,blood venou system includ swell affect warmth red venou blood occur commonli arteri blood result decreas oxygen deliveri involv arteri
79327,blood blood blood genet obes pregnanc smoke sit posit length health
79328,doctor check medic histori take medic close common confirm diagnosi sound blood reveal
79329,blood prevent excess bleed blood vessel injur blood cohes bleed
