passageId,passage
79390,transit place temporari nowher perman thesauru relat abscond peopl defect desert person
79391,transit pari sever world involv french resist insid paper charcoal
79392,govern regularli transit facilit provid pilgrimag transit mile south summer capit state
79393,definit encamp place group encamp state
79394,divis public lodg establish definit public lodg establish transient public lodg establish defin subparagraph nontransi public lodg establish defin subparagraph
79395,definit encamp place group encamp state
79396,anyon interest languag dictionari english spoken around world today definit transit english dictionari limit
79397,rebel control dump transit unit rush
79398,transit definit english speech write appear grade frequent frequent frequent
79399,divis public lodg establish definit section florida public lodg establish transient public lodg establish defin subparagraph nontransi public lodg establish defin subparagraph
