passageId,passage
79850,satisfi enrol statist health applic directli avail activ conveni link virginia retir system current pend suspens request chang
79851,access manag access payment automat affect health enter affect health directli payrol
79852,health guid annual midyear health guid annual midyear recent version februari click administr health manual section get access
79853,health depart human resourc manag administr addit member beneficiari elig state feder
79854,total perman disabl qualifi social secur disabl insur employ continu mandatori percent employ contribut continu hybrid
79855,import retir sinc issu handbook refer inform read handbook virginia sick disabl program handbook state virginia retir system state polic retir system virginia
79856,administr addit member beneficiari elig state feder disabl
79857,virginia sick disabl program incom protect ill injuri condit surgeri pregnanc pregnanc catastroph major chronic condit includ leav famili person leav
79858,employe uniform today depart human resourc manag central human resourc agenc state govern broad rang leadership guidanc oper support state govern includ human resourc technolog polici equal employ employ compens employ disput resolut talent manag compens well charit give
79859,access section identif number social secur number transmit identif number transmit
