passageId,passage
79860,sepsi thyroid caus lower consid everybodi averag temperatur
79861,take temperatur ascertain temperatur fals patient mouth breather rectal temperatur better indic temperatur hypothermia temperatur sepsi exposur probabl
79862,temperatur temperatur numer expos weather wear soak cloth abnorm temperatur potenti symptom follow diseas diabet abus
79863,temperatur plagu centuri peopl temperatur reaction ideal metabol energi common caus thyroid adren function
79864,temperatur temperatur numer expos weather wear soak cloth abnorm temperatur potenti symptom follow
79865,common temperatur shiver reduc breath speech clumsi stumbl confus temperatur person sever fatigu puls unconsci exposur weather common temperatur particularli hypothermia
79866,lose faster produc actual caus temperatur exposur common hypothermia exposur climat colder temperatur caus person dress appropri
79867,human perfect bookish temperatur temperatur remain lower right normal temperatur enough alarm lower temperatur alon caus alarm previou person temperatur lower person normal temperatur would becom lower certain anoth person lower temperatur without caus sinc temperatur famili chanc predisposit diabet hypothyroid anemia adren insuffici bring temperatur
79868,ideal temperatur consid around degre fahrenheit degre celsiu temperatur howev averag temperatur overal normal temperatur minimum fahrenheit celsiu maximum almost fahrenheit celsiu temperatur rang abnorm
79869,brain trauma temperatur normal temperatur regul hypothalamu endocrin gland disturb affect hypothalamu result temperatur
