passageId,passage
80330,boost onion flavor distribut evenli throughout teaspoon onion powder garlic powder littl cours french onion quit salti lastli fine chop parsley littl fresh
80331,exact replica french onion doesnt contain quit similar opinion super super love creami tangi cream cream
80332,phosphoru content welcom nutrit phosphoru content differ rang basic phosphoru total daili allow phosphoru
80333,sodium potassium phosphoru regardless color varieti slice larg onion sodium potassium phosphoru chop onion sodium potassium phosphoru chop sodium potassium phosphoru
80334,french onion percent daili base calori daili higher lower depend calori need subject error
80335,sodium potassium phosphoru regardless color varieti slice larg onion sodium potassium phosphoru chop onion sodium potassium phosphoru
80336,nutrit inform french onion protein fiber french onion protein fiber
80337,highest phosphoru content typic serv sweet onion daili valu serv
80338,ingredi specif calori inform french onion protein fiber french onion protein fiber
80339,french onion percent daili base calori daili higher lower depend calori need subject error
