passageId,passage
80380,manag set respons commun effect embrac egalitarian commun everi larg organ there hierarchi manag whole oper run smoothli
80381,manag manag critic success small busi manag staff moral custom servic qualiti product sinc small manag signific impact bottom
80382,commun commun report commun person phone facilit commun report listen effect
80383,manag respons creativ flexibl ensur continu smoothli unexpect manag approach manag inconsist approach
80384,manag critic success small busi manag staff moral custom servic qualiti product sinc small
80385,manag doesnt peopl pleaser employe cross fail feedback sandwich commun correct situat consid fire present problem center school close
80386,passion accomplish someth great futur could success could guid everi member contribut feel import anxiou reach object
80387,manag along devot respect meet strategi organ project manag alway great degre respect kind toward project manag motiv staff toward project complet feedback project manag necessari fulfil
80388,technolog product develop receiv feedback understand prais typic peopl closer decis
80389,success common develop manag staff leadership manag
