passageId,passage
81026,access press appropri button button indic light activ button remot order bottom disarm remot
81027,possibl program valet alarm remot control without instal technician first viper remot among variou viper control varieti viper offer remot vehicl start make featur program
81028,remot time work intermitt bought setup standard button configur channel button remot correct channel
81029,access access remot function button indic light turn function button bottom button remot mark
81030,attach document transmitt procedur major within
81031,bought setup standard button configur channel button remot program viper remot
81032,viper alarm secur system remot remot seek program remot requir author dealer basic remot owner access advanc simpl remot button
81033,remot viper system would featur remot anoth vehicl viper system video viper system differ remot control
81034,pleas later video guid pager remot control viper alarm system comment instal manual alarm system scienc technolog standard licens
81035,learn function viper remot remot control viper alarm dealer howev viper remot annoy alarm embarrass culprit
