passageId,passage
81076,licens practic nurs salari hampshir licens practic nurs salari jersey licens practic nurs salari licens practic nurs salari licens practic nurs salari north carolina licens practic nurs salari north dakota
81077,licens practic nurs salari averag licens practic nurs peopl career chang experi experienc earn least
81078,salari state unit quick refer total employ hourli wage averag annual salari licens practic state state basi
81079,content tabl inform cover nurs practition salari regist nurs salari licens practic nurs licens vocat nurs
81080,licens practic nurs hourli medic licens practic nurs hourli atria senior live licens practic nurs hourli health licens practic nurs hourli
81081,health licens practic nurs hourli nurs staff licens practic nurs hourli white glove placement licens practic nurs hourli maxim licens practic nurs hourli
81082,licens practic nurs experi greater experi expect averag total compens base
81083,averag licens practic nurs annual
81084,licens practic nurs averag salari licens practic nurs base anonym licens practic nurs rang
81085,regist nurs quick refer total employ hourli wage averag annual salari state state basi
