passageId,passage
81542,coloss challeng wonder woman think could bring charact tabl wonder woman justic leagu
81543,amazonian princess known wonder woman screen justic leagu success depend proper cast given batman flash diana anoth stori beauti whose celebr suspens disbelief icon exhibit
81544,would better wonder woman furiou actress haywir blood strong woman wonder woman actress chosen pretti wonder woman
81545,mayb shell unless youv live cabin tri avoid wonder woman go make offici debut furiou actress
81546,listen discuss wonder woman cast point cast actual sens
81547,justin isra actress recent wonder woman warner varieti confirm upcom justic leagu movi wonder woman
81548,actress melissa festiv
81549,actress melissa drama latest flurri base comic
81550,regard version wonder woman screen charact hold piec regard wonder woman endur spoiler there identif factor
81551,first check first interview sinc wonder woman outright regard crass
