passageId,passage
81552,get pregnant time right sperm menstrual cycl readi start process first learn woman menstrual cycl exampl month conceiv ovul time within window figur start chart menstrual cycl record pregnant time right sperm menstrual cycl readi start process first learn fertil
81553,fertil woman period ovul ovul reason fertil differ truli cycl whether
81554,fertil woman period ovul ovul reason fertil differ truli cycl whether cycl often ovul
81555,fertil ovul howev chanc get pregnant everi three throughout menstrual cycl first period first period length menstrual cycl anyth common although could longer shorter averag
81556,ovul almost alway expect period woman would exact middl cycl period woman fertil first menstrual cycl nurs brain second sourc
81557,fertil start ovul ovul method work menstrual cycl regular ovul certain month regular calendar method guess ovul record menstrual record guess month like ovul fertil fertil start ovul ovul
81558,first period sinc length cycl slightli month month track subtract length cycl first like pregnant time right sperm menstrual cycl readi start process first learn fertil
81559,fertil fertil period fertil period woman specif month get pregnant highest think unplan pregnanc sexual intercours fertil fertil fertil period fertil period woman specif month get pregnant highest think unplan pregnanc sexual intercours fertil period
81560,report abus everi fertil differ truli cycl whether cycl often ovul fertil differ truli cycl whether
81561,record guess month like ovul fertil fertil start ovul ovul method work menstrual cycl regular ovul certain month calendar method guess ovul record menstrual record guess month like ovul fertil fertil start ovul ovul
