passageId,passage
83200,intens current treatment focu improv blood oxygen provid support pinpoint treat underli caus condit
83201,acut respiratori distress syndrom develop sudden breathless within event includ trauma sepsi grow blood overdos massiv transfus blood
83202,procedur make small creat open windpip open tracheostomi doctor place breath directli windpip connect ventil
83203,acut respiratori distress syndrom usual mechan ventil intens mechan ventil usual intub tracheostomi whenev ventil inevit
83204,acut respiratori distress syndrom develop sudden breathless within event includ trauma sepsi grow blood overdos
83205,associ sever diffus injuri membran small blood fluid alveoli alveoli collaps
83206,acut respiratori distress syndrom develop sudden breathless within event includ trauma
83207,acut respiratori distress syndrom develop sudden breathless within event includ trauma sepsi grow blood
83208,treat provid oxygen brain oxygen properli oxygen usual given nasal mouth howev oxygen level doesnt still breath doctor oxygen breath
83209,acut respiratori distress syndrom medic condit critic widespread inflamm particular diseas rather clinic phenotyp trigger variou trauma pneumonia sepsi
