passageId,passage
83737,standard entri class transact transact includ standard entri class design transact author origin standard entri class descript
83738,return entri discret entri return settlement notif chang incorrect account number account number incorrect
83739,standard entri class standard entri class specif payment applic payment debit credit account natur consum corpor record format carri format implicit author stand transact
83740,interpret proper aggreg novemb summari formal interpret appropri aggreg singl entri appropri specif transact given method obtain consum author manner
83741,unauthor debit entri account number structur valid entri check digit valid contain incorrect number return request return entri option
83742,author short follow tabl proper depend author individu account author method
83743,interpret proper aggreg bulletin written interpret interpret oper board novemb
83744,option standard entri class avail acknowledg receipt credit
83745,standard entri class consum receiv entri standard entri class convert singl entri debit consum check receiv locat payment good
83746,enrol entri option depositori financi institut transmit enrol inform feder govern network futur credit debit behalf
