passageId,passage
83747,februari eddi routh chri friend shoot rang chalk mountain texa confirm friend tri suffer routh assimil civilian
83748,eddi chri letter routh household eddi diagnosi crippl final disabl statu first benefit check later
83749,blockbust movi countless local nation intern second outdoor shoot rang southwest would turn wednesday
83750,chri courag protect countri combat moreov statesid develop foundat
83751,crime scene found rang rough creek lodg texa eddi routh pickup truck turn accord routh shoot rang
83752,conni durant stone close follow coverag interest hear stori need
83753,stori saturday dote love father young daughter faith compass along help return civilian
83754,former chri neighbor former marin eddi routh texa rang reason routh allegedli turn kill polic today
83755,pictur beach enjoy sunshin pictur taken struggl posttraumat stress disord raymond routh happi famili chri
83756,american sniper william morrow time seller chri death william morrow execut editor peter statement incompar honor share stori servic faith world
