passageId,passage
84286,custom servic phone number phone number servic chain department unit america
84287,payment click click nearest store regist check debit payment american express account
84288,popular phone number america credit prioriti phone number household credit capit credit phone number credit phone number classic credit phone number credit phone number intern credit
84289,custom support accord call phone number consum product safeti commiss depart besid call favorit option look consum product safeti commiss
84290,supplier payment corpor travel intern
84291,payment follow payment portal contact bottom guid click payment button
84292,pleas check system statu concern technic refer frequent commonli prompt answer addit payabl avail regist effici method
84293,credit phone payment credit phone follow payment phone
84294,ship latest fashion cloth jewelri beauti ship purchas contigu
84295,custom servic phone number support reach person custom servic depart review
