passageId,passage
85754,clean cotton rub alcohol soak cotton small spong repeat fresh cotton spong time anoth fresh cotton spong water remov alcohol fabric
85755,fabric tri remov rub alcohol work fabric applic rins water process remov heavi lengthi cyclic process rins
85756,cloth clean towel cloth appli water anoth clean cloth stain begin transfer clean cloth
85757,remov perman nearli imposs right middl start lay fabric clean cloth rub alcohol stain
85758,place fabric clean cloth aceton forget thoroughli rins aceton fabric remov perman nearli imposs right middl
85759,rub alcohol work fabric applic rins water process remov heavi lengthi cyclic process rins allow garment normal
85760,soak cotton small spong repeat fresh cotton spong time anoth fresh cotton spong water remov alcohol fabric
85761,remov garment washabl cloth scrub transfer stain stain remov break
85762,alway first hidden place fabric clean cloth aceton forget thoroughli rins aceton fabric remov perman nearli imposs right middl
85763,washabl follow remov acryl fabric cotton linen nylon olefin polyest solut quart water teaspoon dishwash deterg tablespoon ammonia rins
