passageId,passage
85824,applic process notic statu longer consider appli appli consider consider longer consider within
85825,applic statu still consider appli longer havent curiou expect never consider consider longer consider within
85826,appli check still beneath statu categori longer consider pleas pleas smaller
85827,look posit later statu interview longer consider posit howev would consid futur within organ wouldest answer go tri polit probabl qualifi might consid qualifi
85828,longer consider appli like select peopl could still longer consider appli like select peopl could still
85829,consider consider longer consider within consider consider longer consider within
85830,look posit later statu interview longer consider posit howev would consid futur within answer go tri polit probabl qualifi might consid qualifi
85831,order complet applic address notifi confirm success applic complet applic depart monitor statu applic submiss statu featur resum depart consider receiv submiss statu
85832,monitor statu applic submiss statu featur resum depart consider receiv submiss statu monitor statu applic submiss statu featur resum depart consider receiv submiss statu
85833,offer accept offer employ posit accept applic progress applic undergo background investig screen physic agil evalu medic conting offer accept offer employ posit accept applic progress applic undergo background investig screen physic agil evalu medic conting
