passageId,passage
85854,talk digest bitter today seri realli digest bitter need awesom learn digest bitter
85855,bottl stomach essenc bitter bitter tradit alcohol prepar flavor botan matter result bitter bittersweet flavor numer bitter origin patent cocktail
85856,urban moonshin organ bitter except certifi organ worldli digest bitter dazzl palat optim digest
85857,digest bitter digest bodili influenc mental state individu essenc physic mental health root digest
85858,small recip larg batch thorough printabl digest bitter want highli recommend mountain
85859,digest health small amount bitter tast bitter eat prevent cramp bloat irregular bowel bitter address indigest heartburn nausea upset stomach moment
85860,botan bitter histor aromat fruit flavour medicin common cascarilla cassia gentian orang cinchona
85861,digest bitter choic highli rate avail immedi choic digest bitter urban moonshin organ bitter gluten origin urban moonshin ship elig
85862,digest bitter digest bodili influenc mental state individu essenc physic mental health root digest start build physic
85863,exampl practic digest bitter might familiar see cocktail fanci digest reliev bloat upset stomach occasion nausea heartburn support liver function healthi
