passageId,passage
86303,author expert weather mentor weather forecast mentor weather report current hourli forecast forecast calendar chart author expert weather weather
86304,mentor weather forecast sunday august mentor mentor forecast cloudi percentag chanc
86305,mentor weather forecast sunday august mentor forecast cloudi percentag chanc
86306,mentor forecast partli cloudi percentag chanc northwest mentor forecast clear percentag chanc mentor forecast clear percentag chanc mentor forecast sunni
86307,mentor forecast cloudi percentag chanc southeast mentor forecast partli cloudi percentag chanc southeast mentor weather sunday mentor forecast
86308,hourli forecast detail mentor forecast clear percentag chanc mentor forecast partli cloudi percentag chanc
86309,mentor weather mentor forecast cloudi percentag chanc mentor forecast partli cloudi percentag chanc southeast
86310,weather check current radar weather mentor
86311,hourli forecast detail mentor forecast clear mentor forecast partli cloudi mentor forecast partli cloudi mentor forecast overcast
86312,local weather report mentor weather report interact extend forecast hourli forecast histor
