passageId,passage
86373,enter undergradu fli train consid qualifi forc pilot least degre either civilian colleg univers forc academi outsid colorado
86374,demonstr forc photo senior airman rachel talk becom pilot surprisingli peopl choos unit forc becom pilot
86375,distanc vision exceed uncorrect correct better vision exceed uncorrect correct better still becom forc differ career field
86376,pilot normal color vision distant vision uncorrect correct refract accommod astigmat histori fever asthma forc weight physic
86377,becom forc pilot among elit elit unit arm go reach lofti educ physic condit flight school train
86378,educ becom forc pilot qualifi forc pilot least degre either civilian colleg univers forc academi outsid colorado
86379,coast guard accept pilot unless person alreadi militari pilot differ servic appli least rate militari pilot fli experi within applic
86380,washington forc explor drone pilot desir occup littl color work averag contrast averag pilot forc aircraft drone three time tradit
86381,becom forc pilot offic second lieuten accomplish enrol reserv train corp program civilian colleg univers
86382,board stand height sit height histori fever asthma forc weight physic
