passageId,passage
8675,within group number middl rang assign consecut order administr group first consist within number state
8676,social butterfli someon social easygo either femal usual peopl belong particular group rather group anoth somewhat accept realli friendship
8677,number three compos three first three number second group number final serial number
8678,definit social festiv gather foster organ social danc peopl social danc rais money coupl marri
8679,belong characterist societi social social gossip societi
8680,social human societi organ social class social social issu
8681,social sociolog live commun rather alon sociolog human societi sociolog characterist experi behaviour interact form purpos companionship commun social
8682,sinc issu central baltimor number assign base address provid applic origin social secur address place resid
8683,social butterfli usual describ someon popular often time peopl friendli pretti alway alway describ popular alon could someon friendli
8684,refer group live togeth first refer common social polit entiti parti polit group centuri social gather
