passageId,passage
86992,neuropathi problem affect sensori control sensat caus caus tingl numb weak
86993,thread neurologist bunch normal physic offic blood neuropathi burn sensit numb night water relief nerv
86994,sensori control sensat caus caus tingl numb weak motor allow power movement caus weak
86995,alcohol excess alcohol caus nerv damag chronic kidney diseas normal imbal caus peripher neuropathi chronic liver diseas broken tight pressur directli
86996,damag singl nerv usual injuri repeat stress exampl carpal tunnel syndrom repeat impact nerv wrist caus tingl weak shoulder
86997,neuropathi develop function nerv damag nerv stomach bladder
86998,three nerv involv autonom motor sensori sometim singl nerv affect palsi specif exampl neuropathi facial nerv affect
86999,vitamin caus nerv damag peripher neuropathi chemotherapi medic treat caus damag peripher caus peripher nerv damag
87000,previou thread thread neurologist bunch normal physic offic blood neuropathi burn sensit numb
87001,sorri neuropathi terribl reconsid regular medic littl effect neuropathi nerv peopl great relief
