passageId,passage
87062,averag person score around standard person score consid geniu peopl score consid amount complet version taken
87063,comment wonder anyon receiv refund receiv probabl excit trine yesterday
87064,answer coupl mensa short sampl
87065,three cultur session time time gener cultur whose nativ languag english actual anyon cultur
87066,mensa allow twice familiar could score higher subsequ howev take standard cultur submit prior evid test
87067,wonder anyon receiv refund receiv probabl excit trine yesterday
87068,offici person adult intellig averag score follow curv concentr peopl curv realli accur exampl mensa
87069,standard differ logic reason verbal vocabulari moreov section time favor think english
87070,post instal godsend bundl thing forev destini
87071,origin intellig quotient german psychologist william stern common misconcept intellig person higher person lower fals
