passageId,passage
87512,central dizzi balanc portion brain portion brain work properli dizzi occur usual includ lightheaded disorient imbal sometim black central dizzi includ blood sugar blood pressur brain multipl sclerosi migrain injuri age process among
87513,inner dizzi inner hear cochlea balanc labyrinth labyrinth nerv brain dizzi result
87514,dizzi common dizzi includ migrain alcohol problem inner balanc regul dizzi often result vertigo common caus vertigo dizzi benign posit vertigo
87515,vestibular migrain migrain vertigo migrain associ dizzi migrain associ dizzi vestibular migrain vestibular diseas episod float varieti similar quit difficult gener togeth group known migrain associ vertigo
87516,might experi dizzi vertigo spin sensat fall feel go lightheaded faint float sensat blur vision confus disorient
87517,diseas inner disord thought buildup fluid pressur caus vertigo along ring tinnitu hear vestibular neuriti labyrinth inner problem usual relat infect usual viral
87518,summari recur vertigo defin onset durat especi without migrain common caus definit care histori hear balanc function brain
87519,diseas vertigo hear tinnitu ring buzz feel full associ chang fluid volum within labyrinth caus still unknown
87520,balanc injuri anyth inner brain blood pressur dizzi stand quickli
87521,dizzi vertigo trigger diseas fluid build associ full hear tinnitu anoth possibl caus dizzi vertigo acoust neuroma
