passageId,passage
87542,board affili identif david hunter chair david hunter professor director intern legal program director program intern compar environment american washington colleg
87543,satisfact enjoy execut washington district columbia snapshot collect salari survey
87544,execut director administr current seek administr execut director brand ground commun
87545,execut director washington district columbia salari washington execut expect comfort salari averag surpass annual
87546,march execut director cofound council nonprofit civil advocaci organ unit
87547,foundat presid foundat announc presid chief execut offic succeed robert step pursu person outsid organ success tenur
87548,board david hunter professor director intern legal program director program intern compar environment american washington colleg
87549,execut director leadership washington district columbia salari averag execut director leadership washington district columbia
87550,work washington execut median salari execut washington district columbia spent report earn significantli higher median
87551,execut director execut director cofound council nonprofit civil advocaci organ unit
