passageId,passage
87898,adopt nonprofit australia
87899,highli compat stakehold theori board structur multipl govern organ multipl link govern level
87900,system ternari pennsylvania compani note democrat organiz govern ternari founder brian distil organiz system known
87901,compos autonom simul system solv easili hierarchi agent compos behavior defin partial consequ janu platform platform execut
87902,within perform behalf organ separ insid within circl overal organ
87903,terminolog arthur connect whole ghost machin
87904,variou organ system organ hierarch circl assign clear purpos circl
87905,ensur respons given author decid carri accord greater effici agil transpar account employe engag innov
87906,extens american philosoph writer commonli hierarchi howev hierarchi definit absolut bottom
87907,busi glossari govern structur distribut power among rather author typic hierarch corpor cultur model manag structur author
