passageId,passage
87948,follow articl mean error appear browser window problem load error messag appear browser instead error messag determin error typic error digit number brief messag error common error error messag necessari uncheck friendli error
87949,follow complet client server error error client error comput exampl request exist provid valid authent inform
87950,link locat track either applic inform tower triangul associ locat
87951,receiv contact devic compos messag scan gener print visit sever
87952,sourc program special design facilit comput specifi comput mostli write sourc sourc often compil program machin understood comput
87953,quick respons matrix first design automot industri japan optic label inform attach
87954,comment specifi valu normal equal greater howev purpos assign process valu equal greater password
87955,sourc program usual usual care directori known sourc sourc common elsewher sourc particular piec singl though practic uncommon sourc written differ
87956,becom common consum advertis typic scanner convert use standard therebi browser
87957,sourc primarili input process execut program method commun peopl
