passageId,passage
88218,secur summer share check advanc flight arriv airport inform avail
88219,specif time gener check flight least departur begin board approxim check lose passeng
88220,board begin earli prior departur board least prior departur elig board compens
88221,within intern baggag gener accept flight departur although polici airport base daili counter
88222,gener arriv gener transport secur administr recommend arriv airport least domest ampl check flight check baggag secur screen recommend actual arriv airport termin though return rental shuttl airport park includ
88223,summer secur check summer travel season especi travel morn airport least earli domest travel earli intern travel pleas time
88224,baggag number departur board departur within virgin board departur
88225,peopl enjoy earli flight sit airport wors extra safeti airport
88226,travel come pleas accordingli allow extra airport airport flight domest travel three intern travel secur encourag visit appli
88227,within virgin board departur within virgin board departur
