passageId,passage
88228,memorandum understand encyclopedia memorandum understand bilater multilater agreement converg intend common action
88229,oper counti sourc fund oper counti further develop oper project accord
88230,capit proper simpl technic capit except within sentenc smith director market bullet first initi lower
88231,california commun system whole gener refer commun california memorandum understand commun colleg california commun colleg spent commun colleg
88232,counti issu revenu proce oper financ mutual agreeabl oper counti permit oper oper facil memorandum understand
88233,memorandum understand counti counti merchandis togeth desir enter develop agreement regard counti design
88234,memorandum understand memorandum understand bilater multilater agreement converg intend common action
88235,capit proper specif peopl capit repres specif peopl capit specif peopl capit gener exampl capit mother person address mother capit mother
88236,capit first everi import unless first titl head capit
88237,capit give specif judg justic justic unit suprem court capit plaintiff defend appel appelle forth matter subject court document memorandum
