passageId,passage
8892,access control averag expect averag qualiti system peopl look access servic servic three access upward
8893,look access servic servic three access upward larg compani multipl access could upward initi setup
8894,expect averag qualiti system peopl look access servic servic three access upward
8895,larg compani multipl access could upward initi setup price everyth hardwar instal
8896,access system latch servic basic access monthli mainten
8897,typic instal reader singl electr reader associ percentag access control panel system comput hardwar
8898,access control uniqu packag access system latch servic
8899,packag access system latch servic basic access monthli mainten
8900,industri choic access control design access control standard million possibl rang vertic clamshel format standard format
8901,industri choic access control design access control standard million possibl rang vertic clamshel format
