passageId,passage
89123,besid minor salivari inner cheek buccal mucosa extens mouth throat salivari produc saliva moisten mouth initi digest protect teeth decay
89124,besid minor salivari inner cheek buccal mucosa extens mouth throat salivari produc saliva moisten mouth initi digest protect teeth decay
89125,besid minor salivari inner cheek buccal mucosa extens mouth throat
89126,besid minor salivari inner cheek buccal mucosa extens mouth throat
89127,salivari gland affect produc saliva infect bacteria three major salivari parotid cheek front
89128,around mouth throat major salivari parotid sublingu
89129,behind slightli open oclock oclock lead open directli besid gland diseas common problem
89130,three major salivari parotid cheek front inflamm parot parotid
89131,gland diseas common problem becom impact infect abscess affect scoot along floor defec locat function
89132,gland diseas common problem becom impact infect abscess affect scoot along floor defec
