passageId,passage
89393,tabl maximum interest base three follow publicli avail interest prime month greater
89394,august small busi administr maximum interest charg current maximum interest depend amount
89395,program small busi base abil repay purpos asset person busi asset recoveri valu equal amount
89396,popular program suspend reach billion limit final hous guarante program reach billion
89397,maximum interest base market interest market interest chang maximum interest purchas estat provid tremend interest
89398,ultim guid primari varieti specif purchas estat
89399,small busi administr certifi develop compani program design provid purchas fix asset usual estat machineri market
89400,program valuabl program guarante amount mitig attract suppli without gotten first place
89401,encyclopedia small busi administr certifi develop compani program design provid purchas fix asset usual estat machineri market
89402,mission promot develop number differ specif capit need grow program work among three
