passageId,passage
8962,sinc feder govern interest school least grace period author defer direct least expens feder student avail
8963,unsubsid feder there limit receiv money feder differ stori accord depart educ maximum limit percent enrol school exampl period undergradu program
8964,summari direct sometim feder student direct program offer undergradu fix interest flexibl repay
8965,feder student offer feder feder graduat depend undergradu feder student
8966,interest interest direct fix chang interest academ everi interest reset base current market
8967,known program unsubsid feder feder consolid longer program direct program
8968,student complex sheer number choos could wrong financi situat direct known feder common feder student
8969,guid choos feder govern colleg feder unsubsid offer fix interest allow anyon financi
8970,interest unsubsid cap cap consolid
8971,feder famili educ program feder famili educ program second higher educ direct first higher educ fund partnership state local level
