passageId,passage
90726,averag salari approxim warehous worker develop hourli approxim center repres inform come collect directli hourli approxim center repres oper salari inform come collect directli inde
90727,unit frequent salari annual pleas extract salari higher entir francisco averag salari annual second washington boston annual
90728,rang categori greatli grade search narrow salari click salari categori target salari rang figur incom incom upper middl incom middl incom entri level incom
90729,salari rang brows salari scale salari compens salari determin salari salari avail structur salari inform market salari salari rang brows salari scale salari compens salari determin salari comparison
90730,averag florida averag michigan pennsylvania annual francisco averag salari annual second washington boston francisco averag salari annual second washington boston annual
90731,salari outlook median salari accord highest work metropolitan california francisco averag annual salari substanti occup social servic averag annual salari
90732,frequent salari francisco averag salari annual second washington boston annual
90733,averag lawyer averag annual salari substanti occup social servic averag annual salari averag annual salari substanti occup social servic averag annual salari
90734,regist averag salari pretti health cluster california metropolitan francisco regist averag salari pretti health
90735,salari determin level salari establish individu employ salari affect number peopl avail perform specif employ determin level salari establish individu employ salari affect number peopl avail perform specif employ local
