passageId,passage
91256,statu statu match follow theyr provid breakfast lucki thank use alway requalifi
91257,hertz membership local phone distanc bonu stay final overal elit statu superior howev elit statu requir night qualifi littl unfair compar
91258,includ loung access possibl around world imag courtesi middl program elit statu typic night enjoy automat statu first credit everi thereaft spend
91259,member direct enjoy member price direct today learn member
91260,point bonu member bonu night night that regular member point that worth
91261,continu receiv program program across offer offer hotel enrol program hotel havent alreadi
91262,silver point bonu member bonu night night that regular member point that worth
91263,includ everyday reward night travel reach elit statu faster accept intern secur protect access special
91264,elit member reach night receiv silver extra memor hotel
91265,connect canada destin courtyard canada
