passageId,passage
9172,greek lexicon base bibl dictionari key larg kittel theolog dictionari testament public domain bibliographi inform smith greek lexicon entri testament greek lexicon
9173,origin histori crypt element mean secret hidden form english sinc least greek hidden conceal secret crypt greek
9174,power encrypt power encrypt util secur process number singl oper encrypt never easier
9175,base inform like mean phrase contain preciou symbol impati take reveng enemi sourc unforeseen sourc unforeseen inform
9176,although bibl render greek mysteri translat mysteri transliter translat transliter languag brought across anoth languag
9177,headquart virginia sculptur american artist ground central intellig agenc virginia sinc dedic novemb specul mean
9178,power encrypt power encrypt util secur process number singl oper
9179,prefix across latin letter transliter liter across contrast translat mean languag across anoth languag
9180,combin mean hidden secret format compound cryptograph especi vowel crypt
9181,greek lexicon base bibl dictionari key larg kittel theolog dictionari testament public domain bibliographi inform smith greek lexicon entri testament greek lexicon
