passageId,passage
91976,although gentl treatment dermatologist get treatment grow bleed could cancer
91977,unlik crystal system diamond machin produc blown henc diamond around gener movement piec treatment
91978,seri complexion appear smoother color dermatologist dermatologist treatment still procedur color
91979,specif typic maximum matur slightli higher bruis
91980,shingl common adult learn treat commonli found eczema shingl psoriasi hive razor pleas share experi
91981,great especi finish treatment smoother treatment first resort reduc scar go session differ expens
91982,quick laser somewhat use peopl sallow discolor superfici
91983,react level exfoli barri pain leav slightli possibl sensit appli treatment
91984,therapist supposedli qualifi repeat continu procedur stori short paper rub repeatedli aw taken reaction
91985,terribl lower esteem never natur light constantli look better trust still littl background inform take work great
