passageId,passage
92046,simon import tap power share stori learn creat stori content succeed share feedback link episod
92047,survey actual increas build custom busi difficult still crucial entic
92048,market content think either effect extrem effect drive unfortun though convinc product easier recent studi silent satisfi overal experi share experi product review
92049,click share window click share window click share window click share window click share pocket window
92050,custom experi custom experi typic account custom relationship custom experi gener specif gener broad custom specif custom experi focu specif tabl gener custom experi might satisfact product qualiti account manag technic support
92051,qualiti product cours bound field number satisfi come valuabl simpl request
92052,share product busi result review busi mention studi graham strategi collect respons
92053,cours alway creat survey scratch bunch custom feedback select survey templat select industri specif arent exactli look realli custom better creat amaz irresist
92054,gener custom experi gener custom experi typic start point help build custom survey figur gener address broad across custom market servic
92055,refram think reach recogn custom ownership brand cocreat content convers allow willingli happili share brand
