passageId,passage
92493,mitral valv atrium ventricl compos normal tightli close ventricular contract systol small tendon connect mitral valv prolaps enlarg stretch inward toward atrium sometim snap systol allow backflow blood atrium regurgit mitral valv repair stori
92494,mitral valv known bicuspid valv atrioventricular valv latin mean doubl latin mean shape mitr valv heart atrium ventricl earli fill phase activ relax ventricular myocardium caus pressur gradient rapid blood atrium across mitral valv earli fill across mitral valv doppler mitral valv
92495,tricuspid valv right atrium ventricl mitral valv atrium ventricl sound tricuspid mitral heart outlet right ventricl pulmonari valv blood pulmonari tricuspid valv right atrium ventricl mitral valv atrium ventricl sound tricuspid mitral heart outlet valv
92496,ventricl bicuspid valv ventricl ventricl aorta around blood atrium right blood leav pulmonari atrium bicuspid valv ventricl aorta pulmonari carri blood peopl found use
92497,blood leav pulmonari atrium bicuspid valv ventricl aorta carri blood peopl found blood leav pulmonari atrium bicuspid valv ventricl aorta pulmonari carri blood peopl found use
92498,diastol atrial contract final blood transfer atrium ventricl amount blood known volum mitral valv atrial contract prevent revers blood earli fill phase activ relax ventricular myocardium caus pressur gradient rapid blood atrium across mitral valv earli fill across mitral valv doppler mitral valv
92499,mitral valv known bicuspid valv atrium ventricl mitral valv known bicuspid valv direct atrium blood leav pulmonari atrium bicuspid valv ventricl aorta pulmonari carri blood peopl found use
92500,mitral valv prolaps condit portion mitral valv atrium ventricular contract fulli understood evid diseas process redund tissu includ floppi valv syndrom mitral valv heart chamber atrium bottom chamber ventricl
92501,overview human heart mitral valv atrium ventricl mitral valv diastol allow blood ventricular systol mitral valv backflow human heart mitral valv atrium ventricl mitral valv diastol allow blood
92502,human heart mitral valv atrium ventricl mitral valv diastol allow blood ventricular systol mitral valv backflow human heart mitral valv atrium ventricl mitral valv diastol allow blood
