passageId,passage
92522,suggest correct california remov person leas rental properti foreclosur squat
92523,properti exclus properti owner come action reset clock advers possess claim properti exclus advers possess claim consid valid advers possess claim public public govern automat advers possess claim
92524,trespass consid squatter homeless person tenant stop pay faulti categori
92525,actual possess properti cover right claim properti hostil intent properti exclus advers possess claim public
92526,space especi urban believ peopl around often contribut substanti occupi argu squat legal
92527,peopl occupi abandon belong definit occupi space without permiss legal statu around world often contenti peopl abandon commerci shanti major world
92528,peopl piec hous period pursu court space
92529,manner properti owner occup action continu uninterrupt time cumul howev squatter occupi properti second qualifi uninterrupt advers possess cover right claim
92530,trespass consid squatter homeless person tenant stop pay faulti categori advers possess allow enter someon properti titl without payment compens access entir properti
92531,gener govern advers possess legal process someon occupi properti specif period titl properti transfer owner advers possess claim
