passageId,passage
92786,reserv discount park albani money
92787,park total hourli
92788,head albani nearbi park choos averag hourli park price averag daili park price park oper albani park author often offer cheap park park
92789,airport park albani airport park economi airport shuttl airport accept credit avail park option
92790,airport administr cargo airport photo galleri aviat commiss addit inform
92791,park around money destin faster park
92792,albani intern airport major center albani capit region grown consider increas need capit district compris distinct municip airport
92793,addit airport park park avail albani local offer sleep especi use earli morn longer
92794,flight park gener aviat avenu albani vision govern
92795,promot park work
