passageId,passage
92816,alreadi money driver numer practic exampl assum regular
92817,expand august fleet sever hundr color scheme variabl phone number smart phone meter minut minut
92818,standard mileag expens state noth mile get
92819,charg charg minut structur mile log actual littl deceiv taxi charg move minut minut whether theyr move except minut speed
92820,rang moscow presum maxim combin growth incom
92821,driver depend drive across nation averag averag driver
92822,instanc margin drive present exchang time greater sit traffic minut
92823,current minut surg entir number surg certain time higher demand make attract
92824,driver leas percent gross earn stori compani expand servic peopl licens
92825,ratio wasnt avail drive extra money drive crazi consid black moscow charg minut moscow meanwhil spectrum driver need drive passeng amount money drive passeng singl extra
