passageId,passage
93264,miliaria miliaria usual miliaria coupl sever
93265,almost thyroid hive close relat peopl chronic hive level system caus hive
93266,known prickli summer erupt littl sometim appear especi light common
93267,hive known urticaria percent peopl trigger usual itchi patch turn swollen itch sever
93268,anywher resembl hive known urticaria differ sever hive appear chang shape around disappear reappear short
93269,chronic hive hive condit known chronic hive caus detail histori test condit chronic idiopath urticaria
93270,check doctor condit definit provid doesnt three get wors run fever
93271,alway consult doctor promptli longer local infect red swell togeth fever swollen infect throat cough headach nasal congest
93272,caus howev usual disappear within exampl roseola viral infect usual wherea measl within antibiot allergi wherea diaper almost alway within frequent
93273,chronic hive hive longer chronic hive actual affect intern tract includ muscl sore weak vomit diarrhea short breath
