passageId,passage
93334,afford sensibl wash need depend depend construct motor transmiss oper extra larg super gener size handl biggest take
93335,manufactur determin manufactur particular applianc model number prefix first model number space tabl
93336,final found speed agit rather choic speed wash rins guilt riddl embark descript inexpens roper brand wash machin bought realli short fund grate someth price rang avail
93337,roper washer guilt riddl embark descript inexpens roper brand wash machin bought realli short fund grate someth price rang avail
93338,howev virtual exact wash machin differ along servic compani etho candi total differ candi group
93339,wash today longer shown taken matter brand brand reliabl econom valu money
93340,wash machin wash machin review choos model come brand averag perform mix three
93341,whirlpool group whirlpool anoth larg european white good manufactur group bosch
93342,clean cloth hassl afford sensibl wash need depend depend construct motor transmiss oper extra larg super gener size handl biggest take
93343,readi visit wash section guid myriad provid consid
