passageId,passage
93974,intern mother languag observ everi member unit educ scientif cultur organ purpos linguist cultur divers mother languag everi member unit educ scientif cultur organ unesco
93975,intern mother languag everi member unit educ scientif cultur organ unesco purpos linguist cultur divers mother languag everi member unit educ scientif cultur organ unesco
93976,intern mother languag everi member unit educ scientif cultur organ purpos linguist cultur divers mother languag everi member unit educ scientif cultur organ unesco
93977,intern mother languag celebr everi februari purpos promot awar languag cultur divers across intern mother languag monument australia minar globe stone rememb martyr februari written bengali english
93978,intern mother languag februari intern mother languag celebr everi sinc februari promot linguist cultur divers theme intern mother languag mother tongu instruct inclus educ mother languag februari intern mother languag celebr everi sinc februari promot linguist cultur divers
93979,intern mother languag gener confer unit educ scientif cultur organ unesco novemb mother languag inspir multipl recogn individu peopl outstand commun preserv linguist divers connect
93980,intern mother languag unesco promot cultur linguist divers around intern mother languag monument australia minar globe stone rememb martyr februari written bengali english
93981,unesco theme intern mother languag relat pari headquart around februari intern formal intern mother languag mother languag inspir multipl recogn individu peopl outstand commun preserv linguist divers connect
93982,intern mother languag observ annual februari promot awar linguist cultur divers first unesco novemb mother languag observ annual februari promot awar linguist cultur divers
93983,intern mother languag gener confer unit educ scientif cultur organ unesco novemb mother languag everi sinc februari promot linguist cultur divers
