passageId,passage
94024,calori calcul calcul order certain amount weight certain
94025,calcul basi reach weight calori allow calcul amount daili specif weight weight
94026,daili calori mainten level exampl first exampl order ideal
94027,exactli exactli build muscl daili calori intak consist follow
94028,lower calori intak lower calori intak gradual maintain level fiber intak balanc nutrit need calori calcul base averag
94029,weight calcul calori calcul use weight manag period track weight
94030,point youv maintain current weight condit calori mainten level awesom adjust calori intak specif
94031,weigh weight continu reflect calcul correspond intak weekli basi neg shown tri possibl yellow calori intak
94032,obvious workout program protein intak first import reach whatev youv figur reach
94033,current daili calori intak eat monitor weight coupl
