passageId,passage
94494,order receiv servic sanit manag certif state illinoi employe train cours accredit illinoi requir cours first purchas either safeti cours packag purchas packag includ center proctor
94495,obtain sanit certif state illinoi complet servic sanit manag certif cours certif illinoi depart public servic except categori shall certifi servic sanit manag time sanit certif shall cours examin
94496,effect illinoi depart health anyon current hold illinoi servic sanit manag certif renew certif take safeti train cours pass illinoi depart health anyon current hold illinoi servic sanit manag certif renew certif take safeti train cours pass
94497,handler train program accredit handler train state illinoi work servic establish oper illinoi valid handler handler train program accredit handler train state illinoi work servic establish oper illinoi valid handler
94498,welcom welcom handler class servic employ within state illinoi certif servic servic employe need obtain certif order retail establish individu welcom handler class servic employ within state illinoi certif servic servic employe need obtain certif order retail establish individu train
94499,eight cours illinoi instructor pass nation accredit confer protect higher pay depart certif valid eight cours illinoi instructor pass nation accredit confer protect higher pay depart certif valid
94500,state illinoi safeti certif train illinoi certifi program administr instructor premier servic except categori shall certifi servic sanit manag time sanit certif shall cours examin
94501,reciproc agreement depart valid illinoi servic sanit manag certif elig appli reciproc reciproc agreement depart valid illinoi servic sanit manag certif elig appli reciproc certif
94502,state illinoi score higher order accept certif licens safeti cours complet renew certif cours packag first purchas either safeti cours packag purchas packag includ center proctor
94503,certif first illinoi servic sanit manag certif program request current state illinoi certif would obtain certif pleas click alreadi handler train handler train assess program effect program state certif program
