passageId,passage
94504,stock turbul group hold stock worth think could take world exclus boost china staff mostli pearl river delta
94505,pleas pleas smaller
94506,group hold mobil commerc compani mobil retail wholesal trade cloud
94507,group hold limit hold compani compani infrastructur financi content group hold
94508,price stock fallen regular trade share volum share volum number stock list exchang current trade includ volum daili volum averag share volum trade stock trade stock
94509,stock exchang chines giant would american depositari stock exchang symbol demo murray photo
94510,price stock fallen regular trade recent period market market capit measur valu common equiti compani equival
94511,logist billion logist chines logist compani back group hold could biggest initi public offer chines compani
94512,stock price place regular stock first unfortun famili insid
94513,stock price share that rang strong demand larg hedg fund typic price begin trade friday ticker symbol stock exchang point anyon stock rais billion compani list american exchang
