passageId,passage
94794,light marque shape light design garag time prime
94795,gnash offici video durat
94796,gemmi stand danc grinch sing anim turn nois unclip receiv smoke friendli
94797,roll stone time paradis dashboard light august argument featur eagl vision origin releas concert biographi
94798,strip night copi phone scour morn style littl short
94799,listen melodi entranc blend sweet refrain around floor danc sway fascin strain sweet music mellow sooth mellow cello close togeth think weather
94800,maxwel georg schneider known profession music american actor model dancer singer sinc
94801,choru feel breath feel breath caus reckless tri island flood bridg everyth energi anyth energi choru feel breath caus reckless tri island flood bridg everyth energi
94802,daughter bryce howard young redhead quick grinch turn howard hold elder gather around brother clint howard assist
94803,simpli light design thank courtesi willing describ light
