passageId,passage
94804,today industri percent target unit averag price project million boost solar three solar energi system percent help american access afford clean energi
94805,furthermor price solar could accord solar report lawrenc nation research price residenti solar arizona nut cover system owner util therefor arizona nut ad percent distribut solar first solar jame hugh right highest volum solar power ratepay littl
94806,washington energi depart today solar industri percent solar photovolta electr three initi million boost solar three solar energi system percent help american access afford clean energi
94807,enorm scale segment system nearli residenti segment turnkey instal averag first quarter fourth report signific varianc system segment rang system continu despit instal growth driven signific commerci system first quarter
94808,howev system continu despit instal growth driven signific commerci system first quarter system continu despit instal growth driven signific commerci system first quarter
94809,chart averag electr consum group energi inform administr averag residenti kilowatt commerci industri addit fossil creep materi ship possibl carbon dioxid price solar alway
94810,significantli price solar continu declin percent model would reach solar photovolta fallen cliff plung percent sinc
94811,addit fossil creep materi ship possibl carbon dioxid price solar alway addit fossil creep materi ship possibl carbon dioxid price solar alway
94812,util scale solar gener higher median price alreadi credit depart energi lawrenc nation reach solar photovolta fallen cliff plung percent sinc
94813,accord research solar fallen would anoth coupl result structur lead highli competit solar energi versu fossil research solar fallen would anoth coupl
