passageId,passage
95274,brown menstrual period blood black vagin bleed menstrual blood usual bright brown black need
95275,color menstrual blood bleed bleed menstrual blood first onset color blood come wherea color brown black absolut normal color chang blood older quickli
95276,sometim infect caus menstrual blood smell smell toler associ sever cramp fever heavi blood gynecologist temporari thick heavi caus concern
95277,period noth child brown blood normal heavi spot brown blood look never anyth
95278,brown black vagin bleed import ascertain whether bleed relat menstrual bleed presenc discharg preced bleed blood tissu blood signific like caus
95279,black blood period black blood seriou problem diseas taken lightli sever cramp menstrual cycl extend number usual indic onset someth seriou
95280,normal menstrual blood uteru inner line endometrium menstrual cycl known menstruat abnorm vagin bleed alway occur uteru endometrium specif
95281,assur problem black blood common get blood instead get alarm judici observ period consult doctor
95282,menstruat monthli bleed period mens bleed uterin line endometrium menstruat menstrual blood uteru small open cervix vagina endometrium immedi menstrual bleed stop endometrium later
95283,mens anoth reason black period blood would mens uteru vagina vagina hymen vagina complet allow blood uteru
