passageId,passage
95324,interact reflect discuss prior seri accord essenti solidifi learn
95325,conduct support intellig tactic accord direct appendix refer feder acquisit regul refer defens feder
95326,design provid guidanc handl local popul contact introduc tactic tactic critic element small soldier maintain level situat awar time tactic handl handl serv whether
95327,small includ specif guidanc tactic order appropri brigad battalion provid appropri specif guidanc level guid tactic
95328,univers maryland introduct definit wide differ differ world today equat critic incid stress need care exactli
95329,interview govern agent exampl assign especi obtain intellig provid regard inform secret
95330,addit investig direct appropri combat command higher author intellig tactic shall accord applic direct doctrin
95331,interview govern agent exampl assign especi obtain intellig provid regard inform secret
95332,enough particip speak right amount right amount found nurs nurs period
95333,import factor analysi scale nurs student experi follow factor learn clear begin make
