passageId,passage
96148,penalti go without health insur insur penalti person insur penalti person insur penalti incom person whichev higher insur penalti base inflat
96149,respons payment without coverag annual insur adult child famili household incom return file threshold file statu whichev greater
96150,health insur noncompli penalti cap famili incom whichev greater greater percent incom sharpli famili incom whichev greater inflat minimum amount famili cap tripl matter household
96151,maximum penalti famili cap minimum penalti dollar amount percentag cap averag premium bronz
96152,health insur penalti greater adult child maximum famili percent portion gross incom threshold file return
96153,insur would percent incom whichev greater greater percent incom penalti would subsequ reach percent incom whichev greater minimum penalti person inflat minimum
96154,health insur month without coverag either dollar amount percentag incom threshold everi base incom famili household incom
96155,insur penalti person insur penalti person insur penalti incom person whichev higher insur penalti base inflat
96156,penalti adult percent incom greater percent incom penalti gotten press peopl pay substanti singl person earn would qualifi penalti percent percent penalti standard appli
96157,individu mandat obtain health insur penalti individu mandat effect begin januari
