passageId,passage
96688,median annual field superintend construct salari rang usual howev wide depend varieti
96689,exampl median annual typic field superintend construct unit peopl perform field superintend construct unit sourc august
96690,construct superintend salari roughli construct unit experi field heavili weight toward experienc
96691,first expect peopl around notic bigger construct relev experi report averag salari approxim construct experi report modestli higher median around
96692,construct career chang right exampl construct project manag posit around amount construct superintend averag
96693,exampl median annual typic field superintend construct unit peopl perform field superintend construct unit percentil locat
96694,project superintend averag project superintend salari project superintend higher nation median filter locat project superintend
