passageId,passage
96695,typic thatch averag squar squar check everi three depend hous situat materi averag straw thatch accord ridg refurbish everi
96696,thatch usual base squar squar averag around squar although squar shape design ridg style whether wire squar averag around squar although squar squar shape design ridg style whether wire
96697,doesnt roof contractor right import distinguish almost averag versu afford repair asphalt instal standard hous depend qualiti profession instal
96698,thatch craft build veget straw water sedg heather veget water inner roof method tropic temper craft build veget straw water sedg heather veget water inner roof method tropic temper
96699,squar asphalt shingl consid squar roof roof compani miss broken asphalt shingl servic wooden shingl roof compani squar squar asphalt shingl consid squar roof roof compani miss broken asphalt shingl servic
96700,thatch greatli accord number includ shape design thatch materi pattern ridg height ridg height thatch greatli accord number includ shape design thatch materi
96701,averag depend list addit first would appar thatcher exampl surfac inspect complet condit timber thatch total thatch greatli accord number includ shape design thatch materi
96702,popular choic squar squar slate squar rang depend locat complex asphalt instal standard hous depend qualiti profession instal
96703,short averag cottag thatch go consider whilst thatch owner increas earn taken creat comparison given shown work still nearli price squar
96704,squar slate squar rang depend locat complex asphalt instal standard hous depend qualiti profession instal
