passageId,passage
98524,approxim popul wealthi household household annual incom percentag wealthi counti
98525,nearest south mile beach mile manhattan beach mile mile mile mile mile mile
98526,beach beach counti california unit popul censu censu south region greater three beach beach border manhattan beach north beach south
98527,california state counti beach court inform collect california state counti beach court government privat
98528,beach time forum latest beach collect exclus local radio german irish english italian unit polish
98529,park beach latest beach collect exclus local radio german irish english italian unit polish current local elev squar mile
98530,beach averag counti higher averag california beach counti distinct list california board equal counti
98531,comput counti librari beach librari organ librari librari today involv beach librari support librari librari librari
98532,beach rel percentag hispan furthermor beach smaller percentag hispan california unit
98533,comput counti librari beach librari organ librari librari today involv beach librari support librari librari
