passageId,passage
98544,express marvel quick buzz along whether display whirl often comma comma rush along
98545,definit whirl whirl across floor someth confus tumult rapid seri social whirl dizzi giddi brief experi trial
98546,dictionari entri overview whirl whirl whirl confus movement shape someth rotat rapidli usual brief attempt rotat rapidli familiar inform whirl uncommon whirl whirl twist spin motion
98547,whirl becom bigger complet quickli vesper seri terrifi wheel starri place whirl music
98548,whirl insid social whirl month florida inaugur social whirl social whirl young endur
98549,whirl whirl activ coupl spent whirl feverish activ whirl salli live happi whirl worri recent whirl legal littl famili
98550,intransit whirl confus upset still whirl music relat
98551,definit whirl someth confus tumult rapid seri dizzi giddi brief experi trial rotat revolv rapidli
98552,british english definit whirl american english definit whirl chang default dictionari american english pronunci whirl
98553,webster dictionari definit whirl round rapidli caus rotat veloc revolv whirl remov carri quickli revolv motion snatch harri whirl
