passageId,passage
98614,spanish sentenc maker enter phrase retriev sentenc english spanish great see natur context
98615,spanish sentenc maker enter phrase retriev sentenc english spanish great see natur context
98616,spanish sentenc maker enter phrase retriev sentenc english spanish
98617,spanish sentenc maker enter phrase retriev sentenc english spanish
98618,sentenc maker enter phrase retriev sentenc english spanish
98619,sentenc maker enter phrase retriev sentenc english spanish great see natur context
98620,die pronoun spanish normal english refer previous inform abstract formula alreadi inform
98621,sentenc maker enter phrase retriev sentenc english spanish great see natur context
98622,third person plural nomin pronoun group group compos mixtur
98623,third person plural nomin pronoun group group compos mixtur group
