passageId,passage
98824,constitut framework administr congress author regul congression presidenti state local author provid support elect major feder elect administr
98825,addit statutori congress peopl elector process process seventeenth amend manner popular elect
98826,notwithstand state congress author affect administr certain congression author legisl variou constitut depend elect
98827,begin congress grow number campaign signific piec legisl feder elect campaign
98828,court document right regul medic clinic therefor within jurisdict clinic therapi practic medicin therefor within jurisdict
98829,licens say author regul agenc claim adult therapi within purview howev agenc
98830,despit alexand assur congress would regul extraordinari congression intervent signific congress elect hous district
98831,presid presid indirect elector colleg directli elect presid presid
98832,congress gener power regul regard state local rather legisl congress author pursuant fourteenth fifteenth feder
98833,constitut presid presid state state manner legislatur number equal whole number state congress
